[2026-05-07T07:53:57.131+0000] {processor.py:161} INFO - Started process (PID=13159) to work on /workspaces/ETL-with-Airflow/airflow/dags/one_task_dag.py
[2026-05-07T07:53:57.132+0000] {processor.py:830} INFO - Processing file /workspaces/ETL-with-Airflow/airflow/dags/one_task_dag.py for tasks to queue
[2026-05-07T07:53:57.133+0000] {logging_mixin.py:188} INFO - [2026-05-07T07:53:57.133+0000] {dagbag.py:545} INFO - Filling up the DagBag from /workspaces/ETL-with-Airflow/airflow/dags/one_task_dag.py
[2026-05-07T07:53:57.143+0000] {processor.py:840} INFO - DAG(s) 'one_task_dag' retrieved from /workspaces/ETL-with-Airflow/airflow/dags/one_task_dag.py
[2026-05-07T07:53:57.224+0000] {logging_mixin.py:188} INFO - [2026-05-07T07:53:57.224+0000] {override.py:1829} INFO - Created Permission View: can edit on DAG:one_task_dag
[2026-05-07T07:53:57.236+0000] {logging_mixin.py:188} INFO - [2026-05-07T07:53:57.236+0000] {override.py:1829} INFO - Created Permission View: can delete on DAG:one_task_dag
[2026-05-07T07:53:57.242+0000] {logging_mixin.py:188} INFO - [2026-05-07T07:53:57.242+0000] {override.py:1829} INFO - Created Permission View: can read on DAG:one_task_dag
[2026-05-07T07:53:57.242+0000] {logging_mixin.py:188} INFO - [2026-05-07T07:53:57.242+0000] {dag.py:3096} INFO - Sync 1 DAGs
[2026-05-07T07:53:57.250+0000] {logging_mixin.py:188} INFO - [2026-05-07T07:53:57.249+0000] {dag.py:3118} INFO - Creating ORM DAG for one_task_dag
[2026-05-07T07:53:57.257+0000] {logging_mixin.py:188} INFO - [2026-05-07T07:53:57.256+0000] {dag.py:3954} INFO - Setting next_dagrun for one_task_dag to 2026-05-06 00:00:00+00:00, run_after=2026-05-07 00:00:00+00:00
[2026-05-07T07:53:57.271+0000] {processor.py:183} INFO - Processing /workspaces/ETL-with-Airflow/airflow/dags/one_task_dag.py took 0.144 seconds
[2026-05-07T07:54:27.372+0000] {processor.py:161} INFO - Started process (PID=13464) to work on /workspaces/ETL-with-Airflow/airflow/dags/one_task_dag.py
[2026-05-07T07:54:27.373+0000] {processor.py:830} INFO - Processing file /workspaces/ETL-with-Airflow/airflow/dags/one_task_dag.py for tasks to queue
[2026-05-07T07:54:27.375+0000] {logging_mixin.py:188} INFO - [2026-05-07T07:54:27.374+0000] {dagbag.py:545} INFO - Filling up the DagBag from /workspaces/ETL-with-Airflow/airflow/dags/one_task_dag.py
[2026-05-07T07:54:27.384+0000] {processor.py:840} INFO - DAG(s) 'one_task_dag' retrieved from /workspaces/ETL-with-Airflow/airflow/dags/one_task_dag.py
[2026-05-07T07:54:27.402+0000] {logging_mixin.py:188} INFO - [2026-05-07T07:54:27.401+0000] {dag.py:3096} INFO - Sync 1 DAGs
[2026-05-07T07:54:27.417+0000] {logging_mixin.py:188} INFO - [2026-05-07T07:54:27.417+0000] {dag.py:3954} INFO - Setting next_dagrun for one_task_dag to 2026-05-06 00:00:00+00:00, run_after=2026-05-07 00:00:00+00:00
[2026-05-07T07:54:27.437+0000] {processor.py:183} INFO - Processing /workspaces/ETL-with-Airflow/airflow/dags/one_task_dag.py took 0.069 seconds
[2026-05-07T07:54:58.166+0000] {processor.py:161} INFO - Started process (PID=13690) to work on /workspaces/ETL-with-Airflow/airflow/dags/one_task_dag.py
[2026-05-07T07:54:58.167+0000] {processor.py:830} INFO - Processing file /workspaces/ETL-with-Airflow/airflow/dags/one_task_dag.py for tasks to queue
[2026-05-07T07:54:58.169+0000] {logging_mixin.py:188} INFO - [2026-05-07T07:54:58.168+0000] {dagbag.py:545} INFO - Filling up the DagBag from /workspaces/ETL-with-Airflow/airflow/dags/one_task_dag.py
[2026-05-07T07:54:58.178+0000] {processor.py:840} INFO - DAG(s) 'one_task_dag' retrieved from /workspaces/ETL-with-Airflow/airflow/dags/one_task_dag.py
[2026-05-07T07:54:58.195+0000] {logging_mixin.py:188} INFO - [2026-05-07T07:54:58.194+0000] {dag.py:3096} INFO - Sync 1 DAGs
[2026-05-07T07:54:58.210+0000] {logging_mixin.py:188} INFO - [2026-05-07T07:54:58.210+0000] {dag.py:3954} INFO - Setting next_dagrun for one_task_dag to 2026-05-06 00:00:00+00:00, run_after=2026-05-07 00:00:00+00:00
[2026-05-07T07:54:58.225+0000] {processor.py:183} INFO - Processing /workspaces/ETL-with-Airflow/airflow/dags/one_task_dag.py took 0.063 seconds
[2026-05-07T07:55:56.471+0000] {processor.py:161} INFO - Started process (PID=14359) to work on /workspaces/ETL-with-Airflow/airflow/dags/one_task_dag.py
[2026-05-07T07:55:56.472+0000] {processor.py:830} INFO - Processing file /workspaces/ETL-with-Airflow/airflow/dags/one_task_dag.py for tasks to queue
[2026-05-07T07:55:56.474+0000] {logging_mixin.py:188} INFO - [2026-05-07T07:55:56.473+0000] {dagbag.py:545} INFO - Filling up the DagBag from /workspaces/ETL-with-Airflow/airflow/dags/one_task_dag.py
[2026-05-07T07:55:56.486+0000] {processor.py:840} INFO - DAG(s) 'one_task_dag' retrieved from /workspaces/ETL-with-Airflow/airflow/dags/one_task_dag.py
[2026-05-07T07:55:56.513+0000] {logging_mixin.py:188} INFO - [2026-05-07T07:55:56.513+0000] {dag.py:3096} INFO - Sync 1 DAGs
[2026-05-07T07:55:56.535+0000] {logging_mixin.py:188} INFO - [2026-05-07T07:55:56.535+0000] {dag.py:3954} INFO - Setting next_dagrun for one_task_dag to 2026-05-06 00:00:00+00:00, run_after=2026-05-07 00:00:00+00:00
[2026-05-07T07:55:56.552+0000] {processor.py:183} INFO - Processing /workspaces/ETL-with-Airflow/airflow/dags/one_task_dag.py took 0.085 seconds
[2026-05-07T07:56:26.597+0000] {processor.py:161} INFO - Started process (PID=14589) to work on /workspaces/ETL-with-Airflow/airflow/dags/one_task_dag.py
[2026-05-07T07:56:26.598+0000] {processor.py:830} INFO - Processing file /workspaces/ETL-with-Airflow/airflow/dags/one_task_dag.py for tasks to queue
[2026-05-07T07:56:26.600+0000] {logging_mixin.py:188} INFO - [2026-05-07T07:56:26.600+0000] {dagbag.py:545} INFO - Filling up the DagBag from /workspaces/ETL-with-Airflow/airflow/dags/one_task_dag.py
[2026-05-07T07:56:26.609+0000] {processor.py:840} INFO - DAG(s) 'one_task_dag' retrieved from /workspaces/ETL-with-Airflow/airflow/dags/one_task_dag.py
[2026-05-07T07:56:26.626+0000] {logging_mixin.py:188} INFO - [2026-05-07T07:56:26.625+0000] {dag.py:3096} INFO - Sync 1 DAGs
[2026-05-07T07:56:26.640+0000] {logging_mixin.py:188} INFO - [2026-05-07T07:56:26.640+0000] {dag.py:3954} INFO - Setting next_dagrun for one_task_dag to 2026-05-06 00:00:00+00:00, run_after=2026-05-07 00:00:00+00:00
[2026-05-07T07:56:26.655+0000] {processor.py:183} INFO - Processing /workspaces/ETL-with-Airflow/airflow/dags/one_task_dag.py took 0.062 seconds
[2026-05-07T07:56:56.884+0000] {processor.py:161} INFO - Started process (PID=14796) to work on /workspaces/ETL-with-Airflow/airflow/dags/one_task_dag.py
[2026-05-07T07:56:56.885+0000] {processor.py:830} INFO - Processing file /workspaces/ETL-with-Airflow/airflow/dags/one_task_dag.py for tasks to queue
[2026-05-07T07:56:56.887+0000] {logging_mixin.py:188} INFO - [2026-05-07T07:56:56.886+0000] {dagbag.py:545} INFO - Filling up the DagBag from /workspaces/ETL-with-Airflow/airflow/dags/one_task_dag.py
[2026-05-07T07:56:56.896+0000] {processor.py:840} INFO - DAG(s) 'one_task_dag' retrieved from /workspaces/ETL-with-Airflow/airflow/dags/one_task_dag.py
[2026-05-07T07:56:56.912+0000] {logging_mixin.py:188} INFO - [2026-05-07T07:56:56.912+0000] {dag.py:3096} INFO - Sync 1 DAGs
[2026-05-07T07:56:56.927+0000] {logging_mixin.py:188} INFO - [2026-05-07T07:56:56.927+0000] {dag.py:3954} INFO - Setting next_dagrun for one_task_dag to 2026-05-06 00:00:00+00:00, run_after=2026-05-07 00:00:00+00:00
[2026-05-07T07:56:56.941+0000] {processor.py:183} INFO - Processing /workspaces/ETL-with-Airflow/airflow/dags/one_task_dag.py took 0.061 seconds
[2026-05-07T07:57:27.592+0000] {processor.py:161} INFO - Started process (PID=15008) to work on /workspaces/ETL-with-Airflow/airflow/dags/one_task_dag.py
[2026-05-07T07:57:27.593+0000] {processor.py:830} INFO - Processing file /workspaces/ETL-with-Airflow/airflow/dags/one_task_dag.py for tasks to queue
[2026-05-07T07:57:27.594+0000] {logging_mixin.py:188} INFO - [2026-05-07T07:57:27.594+0000] {dagbag.py:545} INFO - Filling up the DagBag from /workspaces/ETL-with-Airflow/airflow/dags/one_task_dag.py
[2026-05-07T07:57:27.603+0000] {processor.py:840} INFO - DAG(s) 'one_task_dag' retrieved from /workspaces/ETL-with-Airflow/airflow/dags/one_task_dag.py
[2026-05-07T07:57:27.620+0000] {logging_mixin.py:188} INFO - [2026-05-07T07:57:27.620+0000] {dag.py:3096} INFO - Sync 1 DAGs
[2026-05-07T07:57:27.635+0000] {logging_mixin.py:188} INFO - [2026-05-07T07:57:27.635+0000] {dag.py:3954} INFO - Setting next_dagrun for one_task_dag to 2026-05-07 00:00:00+00:00, run_after=2026-05-08 00:00:00+00:00
[2026-05-07T07:57:27.649+0000] {processor.py:183} INFO - Processing /workspaces/ETL-with-Airflow/airflow/dags/one_task_dag.py took 0.061 seconds
[2026-05-07T07:57:58.675+0000] {processor.py:161} INFO - Started process (PID=15233) to work on /workspaces/ETL-with-Airflow/airflow/dags/one_task_dag.py
[2026-05-07T07:57:58.676+0000] {processor.py:830} INFO - Processing file /workspaces/ETL-with-Airflow/airflow/dags/one_task_dag.py for tasks to queue
[2026-05-07T07:57:58.677+0000] {logging_mixin.py:188} INFO - [2026-05-07T07:57:58.677+0000] {dagbag.py:545} INFO - Filling up the DagBag from /workspaces/ETL-with-Airflow/airflow/dags/one_task_dag.py
[2026-05-07T07:57:58.686+0000] {processor.py:840} INFO - DAG(s) 'one_task_dag' retrieved from /workspaces/ETL-with-Airflow/airflow/dags/one_task_dag.py
[2026-05-07T07:57:58.704+0000] {logging_mixin.py:188} INFO - [2026-05-07T07:57:58.703+0000] {dag.py:3096} INFO - Sync 1 DAGs
[2026-05-07T07:57:58.719+0000] {logging_mixin.py:188} INFO - [2026-05-07T07:57:58.719+0000] {dag.py:3954} INFO - Setting next_dagrun for one_task_dag to 2026-05-07 00:00:00+00:00, run_after=2026-05-08 00:00:00+00:00
[2026-05-07T07:57:58.735+0000] {processor.py:183} INFO - Processing /workspaces/ETL-with-Airflow/airflow/dags/one_task_dag.py took 0.064 seconds
[2026-05-07T07:58:29.739+0000] {processor.py:161} INFO - Started process (PID=15445) to work on /workspaces/ETL-with-Airflow/airflow/dags/one_task_dag.py
[2026-05-07T07:58:29.740+0000] {processor.py:830} INFO - Processing file /workspaces/ETL-with-Airflow/airflow/dags/one_task_dag.py for tasks to queue
[2026-05-07T07:58:29.741+0000] {logging_mixin.py:188} INFO - [2026-05-07T07:58:29.741+0000] {dagbag.py:545} INFO - Filling up the DagBag from /workspaces/ETL-with-Airflow/airflow/dags/one_task_dag.py
[2026-05-07T07:58:29.750+0000] {processor.py:840} INFO - DAG(s) 'one_task_dag' retrieved from /workspaces/ETL-with-Airflow/airflow/dags/one_task_dag.py
[2026-05-07T07:58:29.767+0000] {logging_mixin.py:188} INFO - [2026-05-07T07:58:29.767+0000] {dag.py:3096} INFO - Sync 1 DAGs
[2026-05-07T07:58:29.782+0000] {logging_mixin.py:188} INFO - [2026-05-07T07:58:29.782+0000] {dag.py:3954} INFO - Setting next_dagrun for one_task_dag to 2026-05-07 00:00:00+00:00, run_after=2026-05-08 00:00:00+00:00
[2026-05-07T07:58:29.798+0000] {processor.py:183} INFO - Processing /workspaces/ETL-with-Airflow/airflow/dags/one_task_dag.py took 0.063 seconds
[2026-05-07T07:58:59.868+0000] {processor.py:161} INFO - Started process (PID=15646) to work on /workspaces/ETL-with-Airflow/airflow/dags/one_task_dag.py
[2026-05-07T07:58:59.869+0000] {processor.py:830} INFO - Processing file /workspaces/ETL-with-Airflow/airflow/dags/one_task_dag.py for tasks to queue
[2026-05-07T07:58:59.870+0000] {logging_mixin.py:188} INFO - [2026-05-07T07:58:59.870+0000] {dagbag.py:545} INFO - Filling up the DagBag from /workspaces/ETL-with-Airflow/airflow/dags/one_task_dag.py
[2026-05-07T07:58:59.879+0000] {processor.py:840} INFO - DAG(s) 'one_task_dag' retrieved from /workspaces/ETL-with-Airflow/airflow/dags/one_task_dag.py
[2026-05-07T07:58:59.896+0000] {logging_mixin.py:188} INFO - [2026-05-07T07:58:59.896+0000] {dag.py:3096} INFO - Sync 1 DAGs
[2026-05-07T07:58:59.912+0000] {logging_mixin.py:188} INFO - [2026-05-07T07:58:59.912+0000] {dag.py:3954} INFO - Setting next_dagrun for one_task_dag to 2026-05-07 00:00:00+00:00, run_after=2026-05-08 00:00:00+00:00
[2026-05-07T07:58:59.927+0000] {processor.py:183} INFO - Processing /workspaces/ETL-with-Airflow/airflow/dags/one_task_dag.py took 0.064 seconds
[2026-05-07T07:59:30.047+0000] {processor.py:161} INFO - Started process (PID=15928) to work on /workspaces/ETL-with-Airflow/airflow/dags/one_task_dag.py
[2026-05-07T07:59:30.048+0000] {processor.py:830} INFO - Processing file /workspaces/ETL-with-Airflow/airflow/dags/one_task_dag.py for tasks to queue
[2026-05-07T07:59:30.050+0000] {logging_mixin.py:188} INFO - [2026-05-07T07:59:30.049+0000] {dagbag.py:545} INFO - Filling up the DagBag from /workspaces/ETL-with-Airflow/airflow/dags/one_task_dag.py
[2026-05-07T07:59:30.059+0000] {processor.py:840} INFO - DAG(s) 'one_task_dag' retrieved from /workspaces/ETL-with-Airflow/airflow/dags/one_task_dag.py
[2026-05-07T07:59:30.076+0000] {logging_mixin.py:188} INFO - [2026-05-07T07:59:30.076+0000] {dag.py:3096} INFO - Sync 1 DAGs
[2026-05-07T07:59:30.091+0000] {logging_mixin.py:188} INFO - [2026-05-07T07:59:30.091+0000] {dag.py:3954} INFO - Setting next_dagrun for one_task_dag to 2026-05-07 00:00:00+00:00, run_after=2026-05-08 00:00:00+00:00
[2026-05-07T07:59:30.106+0000] {processor.py:183} INFO - Processing /workspaces/ETL-with-Airflow/airflow/dags/one_task_dag.py took 0.063 seconds
[2026-05-07T08:00:00.229+0000] {processor.py:161} INFO - Started process (PID=16190) to work on /workspaces/ETL-with-Airflow/airflow/dags/one_task_dag.py
[2026-05-07T08:00:00.229+0000] {processor.py:830} INFO - Processing file /workspaces/ETL-with-Airflow/airflow/dags/one_task_dag.py for tasks to queue
[2026-05-07T08:00:00.231+0000] {logging_mixin.py:188} INFO - [2026-05-07T08:00:00.231+0000] {dagbag.py:545} INFO - Filling up the DagBag from /workspaces/ETL-with-Airflow/airflow/dags/one_task_dag.py
[2026-05-07T08:00:00.240+0000] {processor.py:840} INFO - DAG(s) 'one_task_dag' retrieved from /workspaces/ETL-with-Airflow/airflow/dags/one_task_dag.py
[2026-05-07T08:00:00.257+0000] {logging_mixin.py:188} INFO - [2026-05-07T08:00:00.257+0000] {dag.py:3096} INFO - Sync 1 DAGs
[2026-05-07T08:00:00.272+0000] {logging_mixin.py:188} INFO - [2026-05-07T08:00:00.272+0000] {dag.py:3954} INFO - Setting next_dagrun for one_task_dag to 2026-05-07 00:00:00+00:00, run_after=2026-05-08 00:00:00+00:00
[2026-05-07T08:00:00.288+0000] {processor.py:183} INFO - Processing /workspaces/ETL-with-Airflow/airflow/dags/one_task_dag.py took 0.064 seconds
[2026-05-07T08:00:30.432+0000] {processor.py:161} INFO - Started process (PID=16394) to work on /workspaces/ETL-with-Airflow/airflow/dags/one_task_dag.py
[2026-05-07T08:00:30.432+0000] {processor.py:830} INFO - Processing file /workspaces/ETL-with-Airflow/airflow/dags/one_task_dag.py for tasks to queue
[2026-05-07T08:00:30.434+0000] {logging_mixin.py:188} INFO - [2026-05-07T08:00:30.434+0000] {dagbag.py:545} INFO - Filling up the DagBag from /workspaces/ETL-with-Airflow/airflow/dags/one_task_dag.py
[2026-05-07T08:00:30.443+0000] {processor.py:840} INFO - DAG(s) 'one_task_dag' retrieved from /workspaces/ETL-with-Airflow/airflow/dags/one_task_dag.py
[2026-05-07T08:00:30.460+0000] {logging_mixin.py:188} INFO - [2026-05-07T08:00:30.460+0000] {dag.py:3096} INFO - Sync 1 DAGs
[2026-05-07T08:00:30.476+0000] {logging_mixin.py:188} INFO - [2026-05-07T08:00:30.476+0000] {dag.py:3954} INFO - Setting next_dagrun for one_task_dag to 2026-05-07 00:00:00+00:00, run_after=2026-05-08 00:00:00+00:00
[2026-05-07T08:00:30.491+0000] {processor.py:183} INFO - Processing /workspaces/ETL-with-Airflow/airflow/dags/one_task_dag.py took 0.064 seconds
[2026-05-07T08:01:00.613+0000] {processor.py:161} INFO - Started process (PID=16598) to work on /workspaces/ETL-with-Airflow/airflow/dags/one_task_dag.py
[2026-05-07T08:01:00.614+0000] {processor.py:830} INFO - Processing file /workspaces/ETL-with-Airflow/airflow/dags/one_task_dag.py for tasks to queue
[2026-05-07T08:01:00.616+0000] {logging_mixin.py:188} INFO - [2026-05-07T08:01:00.615+0000] {dagbag.py:545} INFO - Filling up the DagBag from /workspaces/ETL-with-Airflow/airflow/dags/one_task_dag.py
[2026-05-07T08:01:00.625+0000] {processor.py:840} INFO - DAG(s) 'one_task_dag' retrieved from /workspaces/ETL-with-Airflow/airflow/dags/one_task_dag.py
[2026-05-07T08:01:00.642+0000] {logging_mixin.py:188} INFO - [2026-05-07T08:01:00.642+0000] {dag.py:3096} INFO - Sync 1 DAGs
[2026-05-07T08:01:00.658+0000] {logging_mixin.py:188} INFO - [2026-05-07T08:01:00.657+0000] {dag.py:3954} INFO - Setting next_dagrun for one_task_dag to 2026-05-07 00:00:00+00:00, run_after=2026-05-08 00:00:00+00:00
[2026-05-07T08:01:00.673+0000] {processor.py:183} INFO - Processing /workspaces/ETL-with-Airflow/airflow/dags/one_task_dag.py took 0.064 seconds
[2026-05-07T08:01:30.795+0000] {processor.py:161} INFO - Started process (PID=16809) to work on /workspaces/ETL-with-Airflow/airflow/dags/one_task_dag.py
[2026-05-07T08:01:30.796+0000] {processor.py:830} INFO - Processing file /workspaces/ETL-with-Airflow/airflow/dags/one_task_dag.py for tasks to queue
[2026-05-07T08:01:30.798+0000] {logging_mixin.py:188} INFO - [2026-05-07T08:01:30.797+0000] {dagbag.py:545} INFO - Filling up the DagBag from /workspaces/ETL-with-Airflow/airflow/dags/one_task_dag.py
[2026-05-07T08:01:30.807+0000] {processor.py:840} INFO - DAG(s) 'one_task_dag' retrieved from /workspaces/ETL-with-Airflow/airflow/dags/one_task_dag.py
[2026-05-07T08:01:30.824+0000] {logging_mixin.py:188} INFO - [2026-05-07T08:01:30.824+0000] {dag.py:3096} INFO - Sync 1 DAGs
[2026-05-07T08:01:30.839+0000] {logging_mixin.py:188} INFO - [2026-05-07T08:01:30.839+0000] {dag.py:3954} INFO - Setting next_dagrun for one_task_dag to 2026-05-07 00:00:00+00:00, run_after=2026-05-08 00:00:00+00:00
[2026-05-07T08:01:30.854+0000] {processor.py:183} INFO - Processing /workspaces/ETL-with-Airflow/airflow/dags/one_task_dag.py took 0.063 seconds
[2026-05-07T08:02:00.977+0000] {processor.py:161} INFO - Started process (PID=17082) to work on /workspaces/ETL-with-Airflow/airflow/dags/one_task_dag.py
[2026-05-07T08:02:00.978+0000] {processor.py:830} INFO - Processing file /workspaces/ETL-with-Airflow/airflow/dags/one_task_dag.py for tasks to queue
[2026-05-07T08:02:00.979+0000] {logging_mixin.py:188} INFO - [2026-05-07T08:02:00.979+0000] {dagbag.py:545} INFO - Filling up the DagBag from /workspaces/ETL-with-Airflow/airflow/dags/one_task_dag.py
[2026-05-07T08:02:00.988+0000] {processor.py:840} INFO - DAG(s) 'one_task_dag' retrieved from /workspaces/ETL-with-Airflow/airflow/dags/one_task_dag.py
[2026-05-07T08:02:01.006+0000] {logging_mixin.py:188} INFO - [2026-05-07T08:02:01.006+0000] {dag.py:3096} INFO - Sync 1 DAGs
[2026-05-07T08:02:01.022+0000] {logging_mixin.py:188} INFO - [2026-05-07T08:02:01.022+0000] {dag.py:3954} INFO - Setting next_dagrun for one_task_dag to 2026-05-07 00:00:00+00:00, run_after=2026-05-08 00:00:00+00:00
[2026-05-07T08:02:01.038+0000] {processor.py:183} INFO - Processing /workspaces/ETL-with-Airflow/airflow/dags/one_task_dag.py took 0.065 seconds
[2026-05-07T08:02:31.158+0000] {processor.py:161} INFO - Started process (PID=17413) to work on /workspaces/ETL-with-Airflow/airflow/dags/one_task_dag.py
[2026-05-07T08:02:31.159+0000] {processor.py:830} INFO - Processing file /workspaces/ETL-with-Airflow/airflow/dags/one_task_dag.py for tasks to queue
[2026-05-07T08:02:31.160+0000] {logging_mixin.py:188} INFO - [2026-05-07T08:02:31.160+0000] {dagbag.py:545} INFO - Filling up the DagBag from /workspaces/ETL-with-Airflow/airflow/dags/one_task_dag.py
[2026-05-07T08:02:31.169+0000] {processor.py:840} INFO - DAG(s) 'one_task_dag' retrieved from /workspaces/ETL-with-Airflow/airflow/dags/one_task_dag.py
[2026-05-07T08:02:31.186+0000] {logging_mixin.py:188} INFO - [2026-05-07T08:02:31.186+0000] {dag.py:3096} INFO - Sync 1 DAGs
[2026-05-07T08:02:31.201+0000] {logging_mixin.py:188} INFO - [2026-05-07T08:02:31.201+0000] {dag.py:3954} INFO - Setting next_dagrun for one_task_dag to 2026-05-07 00:00:00+00:00, run_after=2026-05-08 00:00:00+00:00
[2026-05-07T08:02:31.216+0000] {processor.py:183} INFO - Processing /workspaces/ETL-with-Airflow/airflow/dags/one_task_dag.py took 0.063 seconds
[2026-05-07T08:03:01.338+0000] {processor.py:161} INFO - Started process (PID=17616) to work on /workspaces/ETL-with-Airflow/airflow/dags/one_task_dag.py
[2026-05-07T08:03:01.338+0000] {processor.py:830} INFO - Processing file /workspaces/ETL-with-Airflow/airflow/dags/one_task_dag.py for tasks to queue
[2026-05-07T08:03:01.340+0000] {logging_mixin.py:188} INFO - [2026-05-07T08:03:01.340+0000] {dagbag.py:545} INFO - Filling up the DagBag from /workspaces/ETL-with-Airflow/airflow/dags/one_task_dag.py
[2026-05-07T08:03:01.353+0000] {processor.py:840} INFO - DAG(s) 'one_task_dag' retrieved from /workspaces/ETL-with-Airflow/airflow/dags/one_task_dag.py
[2026-05-07T08:03:01.384+0000] {logging_mixin.py:188} INFO - [2026-05-07T08:03:01.384+0000] {dag.py:3096} INFO - Sync 1 DAGs
[2026-05-07T08:03:01.429+0000] {logging_mixin.py:188} INFO - [2026-05-07T08:03:01.428+0000] {dag.py:3954} INFO - Setting next_dagrun for one_task_dag to 2026-05-07 00:00:00+00:00, run_after=2026-05-08 00:00:00+00:00
[2026-05-07T08:03:01.455+0000] {processor.py:183} INFO - Processing /workspaces/ETL-with-Airflow/airflow/dags/one_task_dag.py took 0.122 seconds
[2026-05-07T08:03:45.461+0000] {processor.py:161} INFO - Started process (PID=18088) to work on /workspaces/ETL-with-Airflow/airflow/dags/one_task_dag.py
[2026-05-07T08:03:45.461+0000] {processor.py:830} INFO - Processing file /workspaces/ETL-with-Airflow/airflow/dags/one_task_dag.py for tasks to queue
[2026-05-07T08:03:45.463+0000] {logging_mixin.py:188} INFO - [2026-05-07T08:03:45.462+0000] {dagbag.py:545} INFO - Filling up the DagBag from /workspaces/ETL-with-Airflow/airflow/dags/one_task_dag.py
[2026-05-07T08:03:45.474+0000] {processor.py:840} INFO - DAG(s) 'one_task_dag' retrieved from /workspaces/ETL-with-Airflow/airflow/dags/one_task_dag.py
[2026-05-07T08:03:45.490+0000] {logging_mixin.py:188} INFO - [2026-05-07T08:03:45.490+0000] {dag.py:3096} INFO - Sync 1 DAGs
[2026-05-07T08:03:45.506+0000] {logging_mixin.py:188} INFO - [2026-05-07T08:03:45.506+0000] {dag.py:3954} INFO - Setting next_dagrun for one_task_dag to 2026-05-07 00:00:00+00:00, run_after=2026-05-08 00:00:00+00:00
[2026-05-07T08:03:45.522+0000] {processor.py:183} INFO - Processing /workspaces/ETL-with-Airflow/airflow/dags/one_task_dag.py took 0.066 seconds
[2026-05-07T08:04:16.479+0000] {processor.py:161} INFO - Started process (PID=18311) to work on /workspaces/ETL-with-Airflow/airflow/dags/one_task_dag.py
[2026-05-07T08:04:16.480+0000] {processor.py:830} INFO - Processing file /workspaces/ETL-with-Airflow/airflow/dags/one_task_dag.py for tasks to queue
[2026-05-07T08:04:16.481+0000] {logging_mixin.py:188} INFO - [2026-05-07T08:04:16.481+0000] {dagbag.py:545} INFO - Filling up the DagBag from /workspaces/ETL-with-Airflow/airflow/dags/one_task_dag.py
[2026-05-07T08:04:16.490+0000] {processor.py:840} INFO - DAG(s) 'one_task_dag' retrieved from /workspaces/ETL-with-Airflow/airflow/dags/one_task_dag.py
[2026-05-07T08:04:16.506+0000] {logging_mixin.py:188} INFO - [2026-05-07T08:04:16.506+0000] {dag.py:3096} INFO - Sync 1 DAGs
[2026-05-07T08:04:16.521+0000] {logging_mixin.py:188} INFO - [2026-05-07T08:04:16.521+0000] {dag.py:3954} INFO - Setting next_dagrun for one_task_dag to 2026-05-07 00:00:00+00:00, run_after=2026-05-08 00:00:00+00:00
[2026-05-07T08:04:16.536+0000] {processor.py:183} INFO - Processing /workspaces/ETL-with-Airflow/airflow/dags/one_task_dag.py took 0.062 seconds
[2026-05-07T08:04:46.705+0000] {processor.py:161} INFO - Started process (PID=18520) to work on /workspaces/ETL-with-Airflow/airflow/dags/one_task_dag.py
[2026-05-07T08:04:46.706+0000] {processor.py:830} INFO - Processing file /workspaces/ETL-with-Airflow/airflow/dags/one_task_dag.py for tasks to queue
[2026-05-07T08:04:46.708+0000] {logging_mixin.py:188} INFO - [2026-05-07T08:04:46.707+0000] {dagbag.py:545} INFO - Filling up the DagBag from /workspaces/ETL-with-Airflow/airflow/dags/one_task_dag.py
[2026-05-07T08:04:46.717+0000] {processor.py:840} INFO - DAG(s) 'one_task_dag' retrieved from /workspaces/ETL-with-Airflow/airflow/dags/one_task_dag.py
[2026-05-07T08:04:46.733+0000] {logging_mixin.py:188} INFO - [2026-05-07T08:04:46.733+0000] {dag.py:3096} INFO - Sync 1 DAGs
[2026-05-07T08:04:46.748+0000] {logging_mixin.py:188} INFO - [2026-05-07T08:04:46.748+0000] {dag.py:3954} INFO - Setting next_dagrun for one_task_dag to 2026-05-07 00:00:00+00:00, run_after=2026-05-08 00:00:00+00:00
[2026-05-07T08:04:46.763+0000] {processor.py:183} INFO - Processing /workspaces/ETL-with-Airflow/airflow/dags/one_task_dag.py took 0.061 seconds
[2026-05-07T08:05:17.297+0000] {processor.py:161} INFO - Started process (PID=18737) to work on /workspaces/ETL-with-Airflow/airflow/dags/one_task_dag.py
[2026-05-07T08:05:17.298+0000] {processor.py:830} INFO - Processing file /workspaces/ETL-with-Airflow/airflow/dags/one_task_dag.py for tasks to queue
[2026-05-07T08:05:17.299+0000] {logging_mixin.py:188} INFO - [2026-05-07T08:05:17.299+0000] {dagbag.py:545} INFO - Filling up the DagBag from /workspaces/ETL-with-Airflow/airflow/dags/one_task_dag.py
[2026-05-07T08:05:17.308+0000] {processor.py:840} INFO - DAG(s) 'one_task_dag' retrieved from /workspaces/ETL-with-Airflow/airflow/dags/one_task_dag.py
[2026-05-07T08:05:17.326+0000] {logging_mixin.py:188} INFO - [2026-05-07T08:05:17.326+0000] {dag.py:3096} INFO - Sync 1 DAGs
[2026-05-07T08:05:17.342+0000] {logging_mixin.py:188} INFO - [2026-05-07T08:05:17.342+0000] {dag.py:3954} INFO - Setting next_dagrun for one_task_dag to 2026-05-07 00:00:00+00:00, run_after=2026-05-08 00:00:00+00:00
[2026-05-07T08:05:17.357+0000] {processor.py:183} INFO - Processing /workspaces/ETL-with-Airflow/airflow/dags/one_task_dag.py took 0.064 seconds
[2026-05-07T08:05:48.944+0000] {processor.py:161} INFO - Started process (PID=18948) to work on /workspaces/ETL-with-Airflow/airflow/dags/one_task_dag.py
[2026-05-07T08:05:48.945+0000] {processor.py:830} INFO - Processing file /workspaces/ETL-with-Airflow/airflow/dags/one_task_dag.py for tasks to queue
[2026-05-07T08:05:48.946+0000] {logging_mixin.py:188} INFO - [2026-05-07T08:05:48.946+0000] {dagbag.py:545} INFO - Filling up the DagBag from /workspaces/ETL-with-Airflow/airflow/dags/one_task_dag.py
[2026-05-07T08:05:48.955+0000] {processor.py:840} INFO - DAG(s) 'one_task_dag' retrieved from /workspaces/ETL-with-Airflow/airflow/dags/one_task_dag.py
[2026-05-07T08:05:48.989+0000] {logging_mixin.py:188} INFO - [2026-05-07T08:05:48.988+0000] {dag.py:3096} INFO - Sync 1 DAGs
[2026-05-07T08:05:49.016+0000] {logging_mixin.py:188} INFO - [2026-05-07T08:05:49.016+0000] {dag.py:3954} INFO - Setting next_dagrun for one_task_dag to 2026-05-07 00:00:00+00:00, run_after=2026-05-08 00:00:00+00:00
[2026-05-07T08:05:49.033+0000] {processor.py:183} INFO - Processing /workspaces/ETL-with-Airflow/airflow/dags/one_task_dag.py took 0.093 seconds
[2026-05-07T08:06:19.095+0000] {processor.py:161} INFO - Started process (PID=19159) to work on /workspaces/ETL-with-Airflow/airflow/dags/one_task_dag.py
[2026-05-07T08:06:19.096+0000] {processor.py:830} INFO - Processing file /workspaces/ETL-with-Airflow/airflow/dags/one_task_dag.py for tasks to queue
[2026-05-07T08:06:19.098+0000] {logging_mixin.py:188} INFO - [2026-05-07T08:06:19.097+0000] {dagbag.py:545} INFO - Filling up the DagBag from /workspaces/ETL-with-Airflow/airflow/dags/one_task_dag.py
[2026-05-07T08:06:19.107+0000] {processor.py:840} INFO - DAG(s) 'one_task_dag' retrieved from /workspaces/ETL-with-Airflow/airflow/dags/one_task_dag.py
[2026-05-07T08:06:19.123+0000] {logging_mixin.py:188} INFO - [2026-05-07T08:06:19.123+0000] {dag.py:3096} INFO - Sync 1 DAGs
[2026-05-07T08:06:19.140+0000] {logging_mixin.py:188} INFO - [2026-05-07T08:06:19.139+0000] {dag.py:3954} INFO - Setting next_dagrun for one_task_dag to 2026-05-07 00:00:00+00:00, run_after=2026-05-08 00:00:00+00:00
[2026-05-07T08:06:19.154+0000] {processor.py:183} INFO - Processing /workspaces/ETL-with-Airflow/airflow/dags/one_task_dag.py took 0.063 seconds
[2026-05-07T08:06:49.385+0000] {processor.py:161} INFO - Started process (PID=19364) to work on /workspaces/ETL-with-Airflow/airflow/dags/one_task_dag.py
[2026-05-07T08:06:49.386+0000] {processor.py:830} INFO - Processing file /workspaces/ETL-with-Airflow/airflow/dags/one_task_dag.py for tasks to queue
[2026-05-07T08:06:49.387+0000] {logging_mixin.py:188} INFO - [2026-05-07T08:06:49.387+0000] {dagbag.py:545} INFO - Filling up the DagBag from /workspaces/ETL-with-Airflow/airflow/dags/one_task_dag.py
[2026-05-07T08:06:49.397+0000] {processor.py:840} INFO - DAG(s) 'one_task_dag' retrieved from /workspaces/ETL-with-Airflow/airflow/dags/one_task_dag.py
[2026-05-07T08:06:49.413+0000] {logging_mixin.py:188} INFO - [2026-05-07T08:06:49.413+0000] {dag.py:3096} INFO - Sync 1 DAGs
[2026-05-07T08:06:49.429+0000] {logging_mixin.py:188} INFO - [2026-05-07T08:06:49.429+0000] {dag.py:3954} INFO - Setting next_dagrun for one_task_dag to 2026-05-07 00:00:00+00:00, run_after=2026-05-08 00:00:00+00:00
[2026-05-07T08:06:49.444+0000] {processor.py:183} INFO - Processing /workspaces/ETL-with-Airflow/airflow/dags/one_task_dag.py took 0.063 seconds
[2026-05-07T08:07:19.665+0000] {processor.py:161} INFO - Started process (PID=19576) to work on /workspaces/ETL-with-Airflow/airflow/dags/one_task_dag.py
[2026-05-07T08:07:19.666+0000] {processor.py:830} INFO - Processing file /workspaces/ETL-with-Airflow/airflow/dags/one_task_dag.py for tasks to queue
[2026-05-07T08:07:19.668+0000] {logging_mixin.py:188} INFO - [2026-05-07T08:07:19.668+0000] {dagbag.py:545} INFO - Filling up the DagBag from /workspaces/ETL-with-Airflow/airflow/dags/one_task_dag.py
[2026-05-07T08:07:19.677+0000] {processor.py:840} INFO - DAG(s) 'one_task_dag' retrieved from /workspaces/ETL-with-Airflow/airflow/dags/one_task_dag.py
[2026-05-07T08:07:19.694+0000] {logging_mixin.py:188} INFO - [2026-05-07T08:07:19.694+0000] {dag.py:3096} INFO - Sync 1 DAGs
[2026-05-07T08:07:19.709+0000] {logging_mixin.py:188} INFO - [2026-05-07T08:07:19.708+0000] {dag.py:3954} INFO - Setting next_dagrun for one_task_dag to 2026-05-07 00:00:00+00:00, run_after=2026-05-08 00:00:00+00:00
[2026-05-07T08:07:19.723+0000] {processor.py:183} INFO - Processing /workspaces/ETL-with-Airflow/airflow/dags/one_task_dag.py took 0.062 seconds
[2026-05-07T08:07:49.960+0000] {processor.py:161} INFO - Started process (PID=19788) to work on /workspaces/ETL-with-Airflow/airflow/dags/one_task_dag.py
[2026-05-07T08:07:49.960+0000] {processor.py:830} INFO - Processing file /workspaces/ETL-with-Airflow/airflow/dags/one_task_dag.py for tasks to queue
[2026-05-07T08:07:49.962+0000] {logging_mixin.py:188} INFO - [2026-05-07T08:07:49.961+0000] {dagbag.py:545} INFO - Filling up the DagBag from /workspaces/ETL-with-Airflow/airflow/dags/one_task_dag.py
[2026-05-07T08:07:49.971+0000] {processor.py:840} INFO - DAG(s) 'one_task_dag' retrieved from /workspaces/ETL-with-Airflow/airflow/dags/one_task_dag.py
[2026-05-07T08:07:49.988+0000] {logging_mixin.py:188} INFO - [2026-05-07T08:07:49.988+0000] {dag.py:3096} INFO - Sync 1 DAGs
[2026-05-07T08:07:50.003+0000] {logging_mixin.py:188} INFO - [2026-05-07T08:07:50.002+0000] {dag.py:3954} INFO - Setting next_dagrun for one_task_dag to 2026-05-07 00:00:00+00:00, run_after=2026-05-08 00:00:00+00:00
[2026-05-07T08:07:50.017+0000] {processor.py:183} INFO - Processing /workspaces/ETL-with-Airflow/airflow/dags/one_task_dag.py took 0.062 seconds
[2026-05-07T08:08:20.194+0000] {processor.py:161} INFO - Started process (PID=19993) to work on /workspaces/ETL-with-Airflow/airflow/dags/one_task_dag.py
[2026-05-07T08:08:20.195+0000] {processor.py:830} INFO - Processing file /workspaces/ETL-with-Airflow/airflow/dags/one_task_dag.py for tasks to queue
[2026-05-07T08:08:20.196+0000] {logging_mixin.py:188} INFO - [2026-05-07T08:08:20.196+0000] {dagbag.py:545} INFO - Filling up the DagBag from /workspaces/ETL-with-Airflow/airflow/dags/one_task_dag.py
[2026-05-07T08:08:20.205+0000] {processor.py:840} INFO - DAG(s) 'one_task_dag' retrieved from /workspaces/ETL-with-Airflow/airflow/dags/one_task_dag.py
[2026-05-07T08:08:20.223+0000] {logging_mixin.py:188} INFO - [2026-05-07T08:08:20.223+0000] {dag.py:3096} INFO - Sync 1 DAGs
[2026-05-07T08:08:20.241+0000] {logging_mixin.py:188} INFO - [2026-05-07T08:08:20.241+0000] {dag.py:3954} INFO - Setting next_dagrun for one_task_dag to 2026-05-07 00:00:00+00:00, run_after=2026-05-08 00:00:00+00:00
[2026-05-07T08:08:20.255+0000] {processor.py:183} INFO - Processing /workspaces/ETL-with-Airflow/airflow/dags/one_task_dag.py took 0.066 seconds
[2026-05-07T08:08:50.485+0000] {processor.py:161} INFO - Started process (PID=20204) to work on /workspaces/ETL-with-Airflow/airflow/dags/one_task_dag.py
[2026-05-07T08:08:50.486+0000] {processor.py:830} INFO - Processing file /workspaces/ETL-with-Airflow/airflow/dags/one_task_dag.py for tasks to queue
[2026-05-07T08:08:50.487+0000] {logging_mixin.py:188} INFO - [2026-05-07T08:08:50.487+0000] {dagbag.py:545} INFO - Filling up the DagBag from /workspaces/ETL-with-Airflow/airflow/dags/one_task_dag.py
[2026-05-07T08:08:50.497+0000] {processor.py:840} INFO - DAG(s) 'one_task_dag' retrieved from /workspaces/ETL-with-Airflow/airflow/dags/one_task_dag.py
[2026-05-07T08:08:50.513+0000] {logging_mixin.py:188} INFO - [2026-05-07T08:08:50.513+0000] {dag.py:3096} INFO - Sync 1 DAGs
[2026-05-07T08:08:50.530+0000] {logging_mixin.py:188} INFO - [2026-05-07T08:08:50.530+0000] {dag.py:3954} INFO - Setting next_dagrun for one_task_dag to 2026-05-07 00:00:00+00:00, run_after=2026-05-08 00:00:00+00:00
[2026-05-07T08:08:50.544+0000] {processor.py:183} INFO - Processing /workspaces/ETL-with-Airflow/airflow/dags/one_task_dag.py took 0.063 seconds
[2026-05-07T08:09:20.789+0000] {processor.py:161} INFO - Started process (PID=20409) to work on /workspaces/ETL-with-Airflow/airflow/dags/one_task_dag.py
[2026-05-07T08:09:20.790+0000] {processor.py:830} INFO - Processing file /workspaces/ETL-with-Airflow/airflow/dags/one_task_dag.py for tasks to queue
[2026-05-07T08:09:20.792+0000] {logging_mixin.py:188} INFO - [2026-05-07T08:09:20.792+0000] {dagbag.py:545} INFO - Filling up the DagBag from /workspaces/ETL-with-Airflow/airflow/dags/one_task_dag.py
[2026-05-07T08:09:20.801+0000] {processor.py:840} INFO - DAG(s) 'one_task_dag' retrieved from /workspaces/ETL-with-Airflow/airflow/dags/one_task_dag.py
[2026-05-07T08:09:20.817+0000] {logging_mixin.py:188} INFO - [2026-05-07T08:09:20.817+0000] {dag.py:3096} INFO - Sync 1 DAGs
[2026-05-07T08:09:20.832+0000] {logging_mixin.py:188} INFO - [2026-05-07T08:09:20.832+0000] {dag.py:3954} INFO - Setting next_dagrun for one_task_dag to 2026-05-07 00:00:00+00:00, run_after=2026-05-08 00:00:00+00:00
[2026-05-07T08:09:20.846+0000] {processor.py:183} INFO - Processing /workspaces/ETL-with-Airflow/airflow/dags/one_task_dag.py took 0.061 seconds
[2026-05-07T08:09:51.066+0000] {processor.py:161} INFO - Started process (PID=20611) to work on /workspaces/ETL-with-Airflow/airflow/dags/one_task_dag.py
[2026-05-07T08:09:51.067+0000] {processor.py:830} INFO - Processing file /workspaces/ETL-with-Airflow/airflow/dags/one_task_dag.py for tasks to queue
[2026-05-07T08:09:51.068+0000] {logging_mixin.py:188} INFO - [2026-05-07T08:09:51.068+0000] {dagbag.py:545} INFO - Filling up the DagBag from /workspaces/ETL-with-Airflow/airflow/dags/one_task_dag.py
[2026-05-07T08:09:51.077+0000] {processor.py:840} INFO - DAG(s) 'one_task_dag' retrieved from /workspaces/ETL-with-Airflow/airflow/dags/one_task_dag.py
[2026-05-07T08:09:51.094+0000] {logging_mixin.py:188} INFO - [2026-05-07T08:09:51.094+0000] {dag.py:3096} INFO - Sync 1 DAGs
[2026-05-07T08:09:51.109+0000] {logging_mixin.py:188} INFO - [2026-05-07T08:09:51.109+0000] {dag.py:3954} INFO - Setting next_dagrun for one_task_dag to 2026-05-07 00:00:00+00:00, run_after=2026-05-08 00:00:00+00:00
[2026-05-07T08:09:51.125+0000] {processor.py:183} INFO - Processing /workspaces/ETL-with-Airflow/airflow/dags/one_task_dag.py took 0.063 seconds
[2026-05-07T08:10:21.367+0000] {processor.py:161} INFO - Started process (PID=20817) to work on /workspaces/ETL-with-Airflow/airflow/dags/one_task_dag.py
[2026-05-07T08:10:21.368+0000] {processor.py:830} INFO - Processing file /workspaces/ETL-with-Airflow/airflow/dags/one_task_dag.py for tasks to queue
[2026-05-07T08:10:21.369+0000] {logging_mixin.py:188} INFO - [2026-05-07T08:10:21.369+0000] {dagbag.py:545} INFO - Filling up the DagBag from /workspaces/ETL-with-Airflow/airflow/dags/one_task_dag.py
[2026-05-07T08:10:21.378+0000] {processor.py:840} INFO - DAG(s) 'one_task_dag' retrieved from /workspaces/ETL-with-Airflow/airflow/dags/one_task_dag.py
[2026-05-07T08:10:21.395+0000] {logging_mixin.py:188} INFO - [2026-05-07T08:10:21.395+0000] {dag.py:3096} INFO - Sync 1 DAGs
[2026-05-07T08:10:21.409+0000] {logging_mixin.py:188} INFO - [2026-05-07T08:10:21.409+0000] {dag.py:3954} INFO - Setting next_dagrun for one_task_dag to 2026-05-07 00:00:00+00:00, run_after=2026-05-08 00:00:00+00:00
[2026-05-07T08:10:21.425+0000] {processor.py:183} INFO - Processing /workspaces/ETL-with-Airflow/airflow/dags/one_task_dag.py took 0.062 seconds
[2026-05-07T08:10:51.552+0000] {processor.py:161} INFO - Started process (PID=21028) to work on /workspaces/ETL-with-Airflow/airflow/dags/one_task_dag.py
[2026-05-07T08:10:51.553+0000] {processor.py:830} INFO - Processing file /workspaces/ETL-with-Airflow/airflow/dags/one_task_dag.py for tasks to queue
[2026-05-07T08:10:51.555+0000] {logging_mixin.py:188} INFO - [2026-05-07T08:10:51.554+0000] {dagbag.py:545} INFO - Filling up the DagBag from /workspaces/ETL-with-Airflow/airflow/dags/one_task_dag.py
[2026-05-07T08:10:51.563+0000] {processor.py:840} INFO - DAG(s) 'one_task_dag' retrieved from /workspaces/ETL-with-Airflow/airflow/dags/one_task_dag.py
[2026-05-07T08:10:51.581+0000] {logging_mixin.py:188} INFO - [2026-05-07T08:10:51.581+0000] {dag.py:3096} INFO - Sync 1 DAGs
[2026-05-07T08:10:51.596+0000] {logging_mixin.py:188} INFO - [2026-05-07T08:10:51.596+0000] {dag.py:3954} INFO - Setting next_dagrun for one_task_dag to 2026-05-07 00:00:00+00:00, run_after=2026-05-08 00:00:00+00:00
[2026-05-07T08:10:51.611+0000] {processor.py:183} INFO - Processing /workspaces/ETL-with-Airflow/airflow/dags/one_task_dag.py took 0.063 seconds
[2026-05-07T08:11:21.890+0000] {processor.py:161} INFO - Started process (PID=21233) to work on /workspaces/ETL-with-Airflow/airflow/dags/one_task_dag.py
[2026-05-07T08:11:21.891+0000] {processor.py:830} INFO - Processing file /workspaces/ETL-with-Airflow/airflow/dags/one_task_dag.py for tasks to queue
[2026-05-07T08:11:21.893+0000] {logging_mixin.py:188} INFO - [2026-05-07T08:11:21.892+0000] {dagbag.py:545} INFO - Filling up the DagBag from /workspaces/ETL-with-Airflow/airflow/dags/one_task_dag.py
[2026-05-07T08:11:21.902+0000] {processor.py:840} INFO - DAG(s) 'one_task_dag' retrieved from /workspaces/ETL-with-Airflow/airflow/dags/one_task_dag.py
[2026-05-07T08:11:21.918+0000] {logging_mixin.py:188} INFO - [2026-05-07T08:11:21.918+0000] {dag.py:3096} INFO - Sync 1 DAGs
[2026-05-07T08:11:21.934+0000] {logging_mixin.py:188} INFO - [2026-05-07T08:11:21.934+0000] {dag.py:3954} INFO - Setting next_dagrun for one_task_dag to 2026-05-07 00:00:00+00:00, run_after=2026-05-08 00:00:00+00:00
[2026-05-07T08:11:21.948+0000] {processor.py:183} INFO - Processing /workspaces/ETL-with-Airflow/airflow/dags/one_task_dag.py took 0.063 seconds
[2026-05-07T08:11:52.166+0000] {processor.py:161} INFO - Started process (PID=21443) to work on /workspaces/ETL-with-Airflow/airflow/dags/one_task_dag.py
[2026-05-07T08:11:52.167+0000] {processor.py:830} INFO - Processing file /workspaces/ETL-with-Airflow/airflow/dags/one_task_dag.py for tasks to queue
[2026-05-07T08:11:52.168+0000] {logging_mixin.py:188} INFO - [2026-05-07T08:11:52.168+0000] {dagbag.py:545} INFO - Filling up the DagBag from /workspaces/ETL-with-Airflow/airflow/dags/one_task_dag.py
[2026-05-07T08:11:52.177+0000] {processor.py:840} INFO - DAG(s) 'one_task_dag' retrieved from /workspaces/ETL-with-Airflow/airflow/dags/one_task_dag.py
[2026-05-07T08:11:52.194+0000] {logging_mixin.py:188} INFO - [2026-05-07T08:11:52.194+0000] {dag.py:3096} INFO - Sync 1 DAGs
[2026-05-07T08:11:52.209+0000] {logging_mixin.py:188} INFO - [2026-05-07T08:11:52.209+0000] {dag.py:3954} INFO - Setting next_dagrun for one_task_dag to 2026-05-07 00:00:00+00:00, run_after=2026-05-08 00:00:00+00:00
[2026-05-07T08:11:52.223+0000] {processor.py:183} INFO - Processing /workspaces/ETL-with-Airflow/airflow/dags/one_task_dag.py took 0.062 seconds
[2026-05-07T08:12:22.324+0000] {processor.py:161} INFO - Started process (PID=21654) to work on /workspaces/ETL-with-Airflow/airflow/dags/one_task_dag.py
[2026-05-07T08:12:22.325+0000] {processor.py:830} INFO - Processing file /workspaces/ETL-with-Airflow/airflow/dags/one_task_dag.py for tasks to queue
[2026-05-07T08:12:22.326+0000] {logging_mixin.py:188} INFO - [2026-05-07T08:12:22.326+0000] {dagbag.py:545} INFO - Filling up the DagBag from /workspaces/ETL-with-Airflow/airflow/dags/one_task_dag.py
[2026-05-07T08:12:22.335+0000] {processor.py:840} INFO - DAG(s) 'one_task_dag' retrieved from /workspaces/ETL-with-Airflow/airflow/dags/one_task_dag.py
[2026-05-07T08:12:22.354+0000] {logging_mixin.py:188} INFO - [2026-05-07T08:12:22.353+0000] {dag.py:3096} INFO - Sync 1 DAGs
[2026-05-07T08:12:22.369+0000] {logging_mixin.py:188} INFO - [2026-05-07T08:12:22.369+0000] {dag.py:3954} INFO - Setting next_dagrun for one_task_dag to 2026-05-07 00:00:00+00:00, run_after=2026-05-08 00:00:00+00:00
[2026-05-07T08:12:22.384+0000] {processor.py:183} INFO - Processing /workspaces/ETL-with-Airflow/airflow/dags/one_task_dag.py took 0.064 seconds
[2026-05-07T08:12:52.505+0000] {processor.py:161} INFO - Started process (PID=21852) to work on /workspaces/ETL-with-Airflow/airflow/dags/one_task_dag.py
[2026-05-07T08:12:52.506+0000] {processor.py:830} INFO - Processing file /workspaces/ETL-with-Airflow/airflow/dags/one_task_dag.py for tasks to queue
[2026-05-07T08:12:52.507+0000] {logging_mixin.py:188} INFO - [2026-05-07T08:12:52.507+0000] {dagbag.py:545} INFO - Filling up the DagBag from /workspaces/ETL-with-Airflow/airflow/dags/one_task_dag.py
[2026-05-07T08:12:52.516+0000] {processor.py:840} INFO - DAG(s) 'one_task_dag' retrieved from /workspaces/ETL-with-Airflow/airflow/dags/one_task_dag.py
[2026-05-07T08:12:52.533+0000] {logging_mixin.py:188} INFO - [2026-05-07T08:12:52.533+0000] {dag.py:3096} INFO - Sync 1 DAGs
[2026-05-07T08:12:52.549+0000] {logging_mixin.py:188} INFO - [2026-05-07T08:12:52.549+0000] {dag.py:3954} INFO - Setting next_dagrun for one_task_dag to 2026-05-07 00:00:00+00:00, run_after=2026-05-08 00:00:00+00:00
[2026-05-07T08:12:52.592+0000] {processor.py:183} INFO - Processing /workspaces/ETL-with-Airflow/airflow/dags/one_task_dag.py took 0.092 seconds
[2026-05-07T08:13:22.686+0000] {processor.py:161} INFO - Started process (PID=22062) to work on /workspaces/ETL-with-Airflow/airflow/dags/one_task_dag.py
[2026-05-07T08:13:22.687+0000] {processor.py:830} INFO - Processing file /workspaces/ETL-with-Airflow/airflow/dags/one_task_dag.py for tasks to queue
[2026-05-07T08:13:22.688+0000] {logging_mixin.py:188} INFO - [2026-05-07T08:13:22.688+0000] {dagbag.py:545} INFO - Filling up the DagBag from /workspaces/ETL-with-Airflow/airflow/dags/one_task_dag.py
[2026-05-07T08:13:22.697+0000] {processor.py:840} INFO - DAG(s) 'one_task_dag' retrieved from /workspaces/ETL-with-Airflow/airflow/dags/one_task_dag.py
[2026-05-07T08:13:22.714+0000] {logging_mixin.py:188} INFO - [2026-05-07T08:13:22.714+0000] {dag.py:3096} INFO - Sync 1 DAGs
[2026-05-07T08:13:22.729+0000] {logging_mixin.py:188} INFO - [2026-05-07T08:13:22.729+0000] {dag.py:3954} INFO - Setting next_dagrun for one_task_dag to 2026-05-07 00:00:00+00:00, run_after=2026-05-08 00:00:00+00:00
[2026-05-07T08:13:22.744+0000] {processor.py:183} INFO - Processing /workspaces/ETL-with-Airflow/airflow/dags/one_task_dag.py took 0.063 seconds
[2026-05-07T08:13:52.869+0000] {processor.py:161} INFO - Started process (PID=22264) to work on /workspaces/ETL-with-Airflow/airflow/dags/one_task_dag.py
[2026-05-07T08:13:52.869+0000] {processor.py:830} INFO - Processing file /workspaces/ETL-with-Airflow/airflow/dags/one_task_dag.py for tasks to queue
[2026-05-07T08:13:52.871+0000] {logging_mixin.py:188} INFO - [2026-05-07T08:13:52.870+0000] {dagbag.py:545} INFO - Filling up the DagBag from /workspaces/ETL-with-Airflow/airflow/dags/one_task_dag.py
[2026-05-07T08:13:52.880+0000] {processor.py:840} INFO - DAG(s) 'one_task_dag' retrieved from /workspaces/ETL-with-Airflow/airflow/dags/one_task_dag.py
[2026-05-07T08:13:52.897+0000] {logging_mixin.py:188} INFO - [2026-05-07T08:13:52.896+0000] {dag.py:3096} INFO - Sync 1 DAGs
[2026-05-07T08:13:52.912+0000] {logging_mixin.py:188} INFO - [2026-05-07T08:13:52.911+0000] {dag.py:3954} INFO - Setting next_dagrun for one_task_dag to 2026-05-07 00:00:00+00:00, run_after=2026-05-08 00:00:00+00:00
[2026-05-07T08:13:52.926+0000] {processor.py:183} INFO - Processing /workspaces/ETL-with-Airflow/airflow/dags/one_task_dag.py took 0.062 seconds
[2026-05-07T08:14:23.052+0000] {processor.py:161} INFO - Started process (PID=22475) to work on /workspaces/ETL-with-Airflow/airflow/dags/one_task_dag.py
[2026-05-07T08:14:23.052+0000] {processor.py:830} INFO - Processing file /workspaces/ETL-with-Airflow/airflow/dags/one_task_dag.py for tasks to queue
[2026-05-07T08:14:23.054+0000] {logging_mixin.py:188} INFO - [2026-05-07T08:14:23.054+0000] {dagbag.py:545} INFO - Filling up the DagBag from /workspaces/ETL-with-Airflow/airflow/dags/one_task_dag.py
[2026-05-07T08:14:23.063+0000] {processor.py:840} INFO - DAG(s) 'one_task_dag' retrieved from /workspaces/ETL-with-Airflow/airflow/dags/one_task_dag.py
[2026-05-07T08:14:23.080+0000] {logging_mixin.py:188} INFO - [2026-05-07T08:14:23.079+0000] {dag.py:3096} INFO - Sync 1 DAGs
[2026-05-07T08:14:23.094+0000] {logging_mixin.py:188} INFO - [2026-05-07T08:14:23.094+0000] {dag.py:3954} INFO - Setting next_dagrun for one_task_dag to 2026-05-07 00:00:00+00:00, run_after=2026-05-08 00:00:00+00:00
[2026-05-07T08:14:23.109+0000] {processor.py:183} INFO - Processing /workspaces/ETL-with-Airflow/airflow/dags/one_task_dag.py took 0.064 seconds
[2026-05-07T08:14:53.233+0000] {processor.py:161} INFO - Started process (PID=22681) to work on /workspaces/ETL-with-Airflow/airflow/dags/one_task_dag.py
[2026-05-07T08:14:53.233+0000] {processor.py:830} INFO - Processing file /workspaces/ETL-with-Airflow/airflow/dags/one_task_dag.py for tasks to queue
[2026-05-07T08:14:53.235+0000] {logging_mixin.py:188} INFO - [2026-05-07T08:14:53.234+0000] {dagbag.py:545} INFO - Filling up the DagBag from /workspaces/ETL-with-Airflow/airflow/dags/one_task_dag.py
[2026-05-07T08:14:53.243+0000] {processor.py:840} INFO - DAG(s) 'one_task_dag' retrieved from /workspaces/ETL-with-Airflow/airflow/dags/one_task_dag.py
[2026-05-07T08:14:53.260+0000] {logging_mixin.py:188} INFO - [2026-05-07T08:14:53.260+0000] {dag.py:3096} INFO - Sync 1 DAGs
[2026-05-07T08:14:53.276+0000] {logging_mixin.py:188} INFO - [2026-05-07T08:14:53.276+0000] {dag.py:3954} INFO - Setting next_dagrun for one_task_dag to 2026-05-07 00:00:00+00:00, run_after=2026-05-08 00:00:00+00:00
[2026-05-07T08:14:53.291+0000] {processor.py:183} INFO - Processing /workspaces/ETL-with-Airflow/airflow/dags/one_task_dag.py took 0.063 seconds
[2026-05-07T08:15:23.412+0000] {processor.py:161} INFO - Started process (PID=22894) to work on /workspaces/ETL-with-Airflow/airflow/dags/one_task_dag.py
[2026-05-07T08:15:23.413+0000] {processor.py:830} INFO - Processing file /workspaces/ETL-with-Airflow/airflow/dags/one_task_dag.py for tasks to queue
[2026-05-07T08:15:23.414+0000] {logging_mixin.py:188} INFO - [2026-05-07T08:15:23.414+0000] {dagbag.py:545} INFO - Filling up the DagBag from /workspaces/ETL-with-Airflow/airflow/dags/one_task_dag.py
[2026-05-07T08:15:23.423+0000] {processor.py:840} INFO - DAG(s) 'one_task_dag' retrieved from /workspaces/ETL-with-Airflow/airflow/dags/one_task_dag.py
[2026-05-07T08:15:23.440+0000] {logging_mixin.py:188} INFO - [2026-05-07T08:15:23.439+0000] {dag.py:3096} INFO - Sync 1 DAGs
[2026-05-07T08:15:23.455+0000] {logging_mixin.py:188} INFO - [2026-05-07T08:15:23.455+0000] {dag.py:3954} INFO - Setting next_dagrun for one_task_dag to 2026-05-07 00:00:00+00:00, run_after=2026-05-08 00:00:00+00:00
[2026-05-07T08:15:23.470+0000] {processor.py:183} INFO - Processing /workspaces/ETL-with-Airflow/airflow/dags/one_task_dag.py took 0.062 seconds
[2026-05-07T08:15:53.613+0000] {processor.py:161} INFO - Started process (PID=23096) to work on /workspaces/ETL-with-Airflow/airflow/dags/one_task_dag.py
[2026-05-07T08:15:53.613+0000] {processor.py:830} INFO - Processing file /workspaces/ETL-with-Airflow/airflow/dags/one_task_dag.py for tasks to queue
[2026-05-07T08:15:53.615+0000] {logging_mixin.py:188} INFO - [2026-05-07T08:15:53.614+0000] {dagbag.py:545} INFO - Filling up the DagBag from /workspaces/ETL-with-Airflow/airflow/dags/one_task_dag.py
[2026-05-07T08:15:53.624+0000] {processor.py:840} INFO - DAG(s) 'one_task_dag' retrieved from /workspaces/ETL-with-Airflow/airflow/dags/one_task_dag.py
[2026-05-07T08:15:53.641+0000] {logging_mixin.py:188} INFO - [2026-05-07T08:15:53.640+0000] {dag.py:3096} INFO - Sync 1 DAGs
[2026-05-07T08:15:53.655+0000] {logging_mixin.py:188} INFO - [2026-05-07T08:15:53.655+0000] {dag.py:3954} INFO - Setting next_dagrun for one_task_dag to 2026-05-07 00:00:00+00:00, run_after=2026-05-08 00:00:00+00:00
[2026-05-07T08:15:53.670+0000] {processor.py:183} INFO - Processing /workspaces/ETL-with-Airflow/airflow/dags/one_task_dag.py took 0.062 seconds
[2026-05-07T08:16:23.794+0000] {processor.py:161} INFO - Started process (PID=23306) to work on /workspaces/ETL-with-Airflow/airflow/dags/one_task_dag.py
[2026-05-07T08:16:23.795+0000] {processor.py:830} INFO - Processing file /workspaces/ETL-with-Airflow/airflow/dags/one_task_dag.py for tasks to queue
[2026-05-07T08:16:23.796+0000] {logging_mixin.py:188} INFO - [2026-05-07T08:16:23.796+0000] {dagbag.py:545} INFO - Filling up the DagBag from /workspaces/ETL-with-Airflow/airflow/dags/one_task_dag.py
[2026-05-07T08:16:23.805+0000] {processor.py:840} INFO - DAG(s) 'one_task_dag' retrieved from /workspaces/ETL-with-Airflow/airflow/dags/one_task_dag.py
[2026-05-07T08:16:23.822+0000] {logging_mixin.py:188} INFO - [2026-05-07T08:16:23.822+0000] {dag.py:3096} INFO - Sync 1 DAGs
[2026-05-07T08:16:23.837+0000] {logging_mixin.py:188} INFO - [2026-05-07T08:16:23.836+0000] {dag.py:3954} INFO - Setting next_dagrun for one_task_dag to 2026-05-07 00:00:00+00:00, run_after=2026-05-08 00:00:00+00:00
[2026-05-07T08:16:23.851+0000] {processor.py:183} INFO - Processing /workspaces/ETL-with-Airflow/airflow/dags/one_task_dag.py took 0.062 seconds
[2026-05-07T08:16:53.963+0000] {processor.py:161} INFO - Started process (PID=23510) to work on /workspaces/ETL-with-Airflow/airflow/dags/one_task_dag.py
[2026-05-07T08:16:53.964+0000] {processor.py:830} INFO - Processing file /workspaces/ETL-with-Airflow/airflow/dags/one_task_dag.py for tasks to queue
[2026-05-07T08:16:53.966+0000] {logging_mixin.py:188} INFO - [2026-05-07T08:16:53.965+0000] {dagbag.py:545} INFO - Filling up the DagBag from /workspaces/ETL-with-Airflow/airflow/dags/one_task_dag.py
[2026-05-07T08:16:53.974+0000] {processor.py:840} INFO - DAG(s) 'one_task_dag' retrieved from /workspaces/ETL-with-Airflow/airflow/dags/one_task_dag.py
[2026-05-07T08:16:53.991+0000] {logging_mixin.py:188} INFO - [2026-05-07T08:16:53.991+0000] {dag.py:3096} INFO - Sync 1 DAGs
[2026-05-07T08:16:54.006+0000] {logging_mixin.py:188} INFO - [2026-05-07T08:16:54.006+0000] {dag.py:3954} INFO - Setting next_dagrun for one_task_dag to 2026-05-07 00:00:00+00:00, run_after=2026-05-08 00:00:00+00:00
[2026-05-07T08:16:54.020+0000] {processor.py:183} INFO - Processing /workspaces/ETL-with-Airflow/airflow/dags/one_task_dag.py took 0.062 seconds
[2026-05-07T08:17:25.268+0000] {processor.py:161} INFO - Started process (PID=23721) to work on /workspaces/ETL-with-Airflow/airflow/dags/one_task_dag.py
[2026-05-07T08:17:25.269+0000] {processor.py:830} INFO - Processing file /workspaces/ETL-with-Airflow/airflow/dags/one_task_dag.py for tasks to queue
[2026-05-07T08:17:25.270+0000] {logging_mixin.py:188} INFO - [2026-05-07T08:17:25.270+0000] {dagbag.py:545} INFO - Filling up the DagBag from /workspaces/ETL-with-Airflow/airflow/dags/one_task_dag.py
[2026-05-07T08:17:25.279+0000] {processor.py:840} INFO - DAG(s) 'one_task_dag' retrieved from /workspaces/ETL-with-Airflow/airflow/dags/one_task_dag.py
[2026-05-07T08:17:25.296+0000] {logging_mixin.py:188} INFO - [2026-05-07T08:17:25.296+0000] {dag.py:3096} INFO - Sync 1 DAGs
[2026-05-07T08:17:25.310+0000] {logging_mixin.py:188} INFO - [2026-05-07T08:17:25.310+0000] {dag.py:3954} INFO - Setting next_dagrun for one_task_dag to 2026-05-07 00:00:00+00:00, run_after=2026-05-08 00:00:00+00:00
[2026-05-07T08:17:25.325+0000] {processor.py:183} INFO - Processing /workspaces/ETL-with-Airflow/airflow/dags/one_task_dag.py took 0.061 seconds
[2026-05-07T08:17:55.455+0000] {processor.py:161} INFO - Started process (PID=23931) to work on /workspaces/ETL-with-Airflow/airflow/dags/one_task_dag.py
[2026-05-07T08:17:55.456+0000] {processor.py:830} INFO - Processing file /workspaces/ETL-with-Airflow/airflow/dags/one_task_dag.py for tasks to queue
[2026-05-07T08:17:55.457+0000] {logging_mixin.py:188} INFO - [2026-05-07T08:17:55.457+0000] {dagbag.py:545} INFO - Filling up the DagBag from /workspaces/ETL-with-Airflow/airflow/dags/one_task_dag.py
[2026-05-07T08:17:55.467+0000] {processor.py:840} INFO - DAG(s) 'one_task_dag' retrieved from /workspaces/ETL-with-Airflow/airflow/dags/one_task_dag.py
[2026-05-07T08:17:55.493+0000] {logging_mixin.py:188} INFO - [2026-05-07T08:17:55.492+0000] {dag.py:3096} INFO - Sync 1 DAGs
[2026-05-07T08:17:55.513+0000] {logging_mixin.py:188} INFO - [2026-05-07T08:17:55.513+0000] {dag.py:3954} INFO - Setting next_dagrun for one_task_dag to 2026-05-07 00:00:00+00:00, run_after=2026-05-08 00:00:00+00:00
[2026-05-07T08:17:55.528+0000] {processor.py:183} INFO - Processing /workspaces/ETL-with-Airflow/airflow/dags/one_task_dag.py took 0.077 seconds
[2026-05-07T08:18:25.646+0000] {processor.py:161} INFO - Started process (PID=24137) to work on /workspaces/ETL-with-Airflow/airflow/dags/one_task_dag.py
[2026-05-07T08:18:25.647+0000] {processor.py:830} INFO - Processing file /workspaces/ETL-with-Airflow/airflow/dags/one_task_dag.py for tasks to queue
[2026-05-07T08:18:25.649+0000] {logging_mixin.py:188} INFO - [2026-05-07T08:18:25.648+0000] {dagbag.py:545} INFO - Filling up the DagBag from /workspaces/ETL-with-Airflow/airflow/dags/one_task_dag.py
[2026-05-07T08:18:25.658+0000] {processor.py:840} INFO - DAG(s) 'one_task_dag' retrieved from /workspaces/ETL-with-Airflow/airflow/dags/one_task_dag.py
[2026-05-07T08:18:25.675+0000] {logging_mixin.py:188} INFO - [2026-05-07T08:18:25.675+0000] {dag.py:3096} INFO - Sync 1 DAGs
[2026-05-07T08:18:25.690+0000] {logging_mixin.py:188} INFO - [2026-05-07T08:18:25.690+0000] {dag.py:3954} INFO - Setting next_dagrun for one_task_dag to 2026-05-07 00:00:00+00:00, run_after=2026-05-08 00:00:00+00:00
[2026-05-07T08:18:25.704+0000] {processor.py:183} INFO - Processing /workspaces/ETL-with-Airflow/airflow/dags/one_task_dag.py took 0.062 seconds
[2026-05-07T08:18:55.833+0000] {processor.py:161} INFO - Started process (PID=24349) to work on /workspaces/ETL-with-Airflow/airflow/dags/one_task_dag.py
[2026-05-07T08:18:55.833+0000] {processor.py:830} INFO - Processing file /workspaces/ETL-with-Airflow/airflow/dags/one_task_dag.py for tasks to queue
[2026-05-07T08:18:55.835+0000] {logging_mixin.py:188} INFO - [2026-05-07T08:18:55.834+0000] {dagbag.py:545} INFO - Filling up the DagBag from /workspaces/ETL-with-Airflow/airflow/dags/one_task_dag.py
[2026-05-07T08:18:55.844+0000] {processor.py:840} INFO - DAG(s) 'one_task_dag' retrieved from /workspaces/ETL-with-Airflow/airflow/dags/one_task_dag.py
[2026-05-07T08:18:55.860+0000] {logging_mixin.py:188} INFO - [2026-05-07T08:18:55.860+0000] {dag.py:3096} INFO - Sync 1 DAGs
[2026-05-07T08:18:55.876+0000] {logging_mixin.py:188} INFO - [2026-05-07T08:18:55.876+0000] {dag.py:3954} INFO - Setting next_dagrun for one_task_dag to 2026-05-07 00:00:00+00:00, run_after=2026-05-08 00:00:00+00:00
[2026-05-07T08:18:55.890+0000] {processor.py:183} INFO - Processing /workspaces/ETL-with-Airflow/airflow/dags/one_task_dag.py took 0.062 seconds
[2026-05-07T08:19:26.020+0000] {processor.py:161} INFO - Started process (PID=24555) to work on /workspaces/ETL-with-Airflow/airflow/dags/one_task_dag.py
[2026-05-07T08:19:26.020+0000] {processor.py:830} INFO - Processing file /workspaces/ETL-with-Airflow/airflow/dags/one_task_dag.py for tasks to queue
[2026-05-07T08:19:26.022+0000] {logging_mixin.py:188} INFO - [2026-05-07T08:19:26.021+0000] {dagbag.py:545} INFO - Filling up the DagBag from /workspaces/ETL-with-Airflow/airflow/dags/one_task_dag.py
[2026-05-07T08:19:26.031+0000] {processor.py:840} INFO - DAG(s) 'one_task_dag' retrieved from /workspaces/ETL-with-Airflow/airflow/dags/one_task_dag.py
[2026-05-07T08:19:26.047+0000] {logging_mixin.py:188} INFO - [2026-05-07T08:19:26.047+0000] {dag.py:3096} INFO - Sync 1 DAGs
[2026-05-07T08:19:26.063+0000] {logging_mixin.py:188} INFO - [2026-05-07T08:19:26.063+0000] {dag.py:3954} INFO - Setting next_dagrun for one_task_dag to 2026-05-07 00:00:00+00:00, run_after=2026-05-08 00:00:00+00:00
[2026-05-07T08:19:26.078+0000] {processor.py:183} INFO - Processing /workspaces/ETL-with-Airflow/airflow/dags/one_task_dag.py took 0.063 seconds
[2026-05-07T08:19:56.205+0000] {processor.py:161} INFO - Started process (PID=24764) to work on /workspaces/ETL-with-Airflow/airflow/dags/one_task_dag.py
[2026-05-07T08:19:56.206+0000] {processor.py:830} INFO - Processing file /workspaces/ETL-with-Airflow/airflow/dags/one_task_dag.py for tasks to queue
[2026-05-07T08:19:56.207+0000] {logging_mixin.py:188} INFO - [2026-05-07T08:19:56.207+0000] {dagbag.py:545} INFO - Filling up the DagBag from /workspaces/ETL-with-Airflow/airflow/dags/one_task_dag.py
[2026-05-07T08:19:56.216+0000] {processor.py:840} INFO - DAG(s) 'one_task_dag' retrieved from /workspaces/ETL-with-Airflow/airflow/dags/one_task_dag.py
[2026-05-07T08:19:56.233+0000] {logging_mixin.py:188} INFO - [2026-05-07T08:19:56.233+0000] {dag.py:3096} INFO - Sync 1 DAGs
[2026-05-07T08:19:56.249+0000] {logging_mixin.py:188} INFO - [2026-05-07T08:19:56.248+0000] {dag.py:3954} INFO - Setting next_dagrun for one_task_dag to 2026-05-07 00:00:00+00:00, run_after=2026-05-08 00:00:00+00:00
[2026-05-07T08:19:56.263+0000] {processor.py:183} INFO - Processing /workspaces/ETL-with-Airflow/airflow/dags/one_task_dag.py took 0.062 seconds
[2026-05-07T08:20:26.397+0000] {processor.py:161} INFO - Started process (PID=24962) to work on /workspaces/ETL-with-Airflow/airflow/dags/one_task_dag.py
[2026-05-07T08:20:26.398+0000] {processor.py:830} INFO - Processing file /workspaces/ETL-with-Airflow/airflow/dags/one_task_dag.py for tasks to queue
[2026-05-07T08:20:26.400+0000] {logging_mixin.py:188} INFO - [2026-05-07T08:20:26.399+0000] {dagbag.py:545} INFO - Filling up the DagBag from /workspaces/ETL-with-Airflow/airflow/dags/one_task_dag.py
[2026-05-07T08:20:26.415+0000] {processor.py:840} INFO - DAG(s) 'one_task_dag' retrieved from /workspaces/ETL-with-Airflow/airflow/dags/one_task_dag.py
[2026-05-07T08:20:26.437+0000] {logging_mixin.py:188} INFO - [2026-05-07T08:20:26.437+0000] {dag.py:3096} INFO - Sync 1 DAGs
[2026-05-07T08:20:26.452+0000] {logging_mixin.py:188} INFO - [2026-05-07T08:20:26.452+0000] {dag.py:3954} INFO - Setting next_dagrun for one_task_dag to 2026-05-07 00:00:00+00:00, run_after=2026-05-08 00:00:00+00:00
[2026-05-07T08:20:26.467+0000] {processor.py:183} INFO - Processing /workspaces/ETL-with-Airflow/airflow/dags/one_task_dag.py took 0.077 seconds
[2026-05-07T08:20:56.562+0000] {processor.py:161} INFO - Started process (PID=25173) to work on /workspaces/ETL-with-Airflow/airflow/dags/one_task_dag.py
[2026-05-07T08:20:56.563+0000] {processor.py:830} INFO - Processing file /workspaces/ETL-with-Airflow/airflow/dags/one_task_dag.py for tasks to queue
[2026-05-07T08:20:56.565+0000] {logging_mixin.py:188} INFO - [2026-05-07T08:20:56.564+0000] {dagbag.py:545} INFO - Filling up the DagBag from /workspaces/ETL-with-Airflow/airflow/dags/one_task_dag.py
[2026-05-07T08:20:56.574+0000] {processor.py:840} INFO - DAG(s) 'one_task_dag' retrieved from /workspaces/ETL-with-Airflow/airflow/dags/one_task_dag.py
[2026-05-07T08:20:56.592+0000] {logging_mixin.py:188} INFO - [2026-05-07T08:20:56.592+0000] {dag.py:3096} INFO - Sync 1 DAGs
[2026-05-07T08:20:56.607+0000] {logging_mixin.py:188} INFO - [2026-05-07T08:20:56.607+0000] {dag.py:3954} INFO - Setting next_dagrun for one_task_dag to 2026-05-07 00:00:00+00:00, run_after=2026-05-08 00:00:00+00:00
[2026-05-07T08:20:56.622+0000] {processor.py:183} INFO - Processing /workspaces/ETL-with-Airflow/airflow/dags/one_task_dag.py took 0.064 seconds
[2026-05-07T08:21:26.797+0000] {processor.py:161} INFO - Started process (PID=25384) to work on /workspaces/ETL-with-Airflow/airflow/dags/one_task_dag.py
[2026-05-07T08:21:26.797+0000] {processor.py:830} INFO - Processing file /workspaces/ETL-with-Airflow/airflow/dags/one_task_dag.py for tasks to queue
[2026-05-07T08:21:26.799+0000] {logging_mixin.py:188} INFO - [2026-05-07T08:21:26.798+0000] {dagbag.py:545} INFO - Filling up the DagBag from /workspaces/ETL-with-Airflow/airflow/dags/one_task_dag.py
[2026-05-07T08:21:26.808+0000] {processor.py:840} INFO - DAG(s) 'one_task_dag' retrieved from /workspaces/ETL-with-Airflow/airflow/dags/one_task_dag.py
[2026-05-07T08:21:26.827+0000] {logging_mixin.py:188} INFO - [2026-05-07T08:21:26.827+0000] {dag.py:3096} INFO - Sync 1 DAGs
[2026-05-07T08:21:26.842+0000] {logging_mixin.py:188} INFO - [2026-05-07T08:21:26.842+0000] {dag.py:3954} INFO - Setting next_dagrun for one_task_dag to 2026-05-07 00:00:00+00:00, run_after=2026-05-08 00:00:00+00:00
[2026-05-07T08:21:26.857+0000] {processor.py:183} INFO - Processing /workspaces/ETL-with-Airflow/airflow/dags/one_task_dag.py took 0.065 seconds
[2026-05-07T08:21:56.990+0000] {processor.py:161} INFO - Started process (PID=25589) to work on /workspaces/ETL-with-Airflow/airflow/dags/one_task_dag.py
[2026-05-07T08:21:56.991+0000] {processor.py:830} INFO - Processing file /workspaces/ETL-with-Airflow/airflow/dags/one_task_dag.py for tasks to queue
[2026-05-07T08:21:56.993+0000] {logging_mixin.py:188} INFO - [2026-05-07T08:21:56.992+0000] {dagbag.py:545} INFO - Filling up the DagBag from /workspaces/ETL-with-Airflow/airflow/dags/one_task_dag.py
[2026-05-07T08:21:57.001+0000] {processor.py:840} INFO - DAG(s) 'one_task_dag' retrieved from /workspaces/ETL-with-Airflow/airflow/dags/one_task_dag.py
[2026-05-07T08:21:57.018+0000] {logging_mixin.py:188} INFO - [2026-05-07T08:21:57.018+0000] {dag.py:3096} INFO - Sync 1 DAGs
[2026-05-07T08:21:57.032+0000] {logging_mixin.py:188} INFO - [2026-05-07T08:21:57.032+0000] {dag.py:3954} INFO - Setting next_dagrun for one_task_dag to 2026-05-07 00:00:00+00:00, run_after=2026-05-08 00:00:00+00:00
[2026-05-07T08:21:57.048+0000] {processor.py:183} INFO - Processing /workspaces/ETL-with-Airflow/airflow/dags/one_task_dag.py took 0.062 seconds
[2026-05-07T08:22:27.186+0000] {processor.py:161} INFO - Started process (PID=25802) to work on /workspaces/ETL-with-Airflow/airflow/dags/one_task_dag.py
[2026-05-07T08:22:27.187+0000] {processor.py:830} INFO - Processing file /workspaces/ETL-with-Airflow/airflow/dags/one_task_dag.py for tasks to queue
[2026-05-07T08:22:27.189+0000] {logging_mixin.py:188} INFO - [2026-05-07T08:22:27.188+0000] {dagbag.py:545} INFO - Filling up the DagBag from /workspaces/ETL-with-Airflow/airflow/dags/one_task_dag.py
[2026-05-07T08:22:27.198+0000] {processor.py:840} INFO - DAG(s) 'one_task_dag' retrieved from /workspaces/ETL-with-Airflow/airflow/dags/one_task_dag.py
[2026-05-07T08:22:27.215+0000] {logging_mixin.py:188} INFO - [2026-05-07T08:22:27.215+0000] {dag.py:3096} INFO - Sync 1 DAGs
[2026-05-07T08:22:27.230+0000] {logging_mixin.py:188} INFO - [2026-05-07T08:22:27.229+0000] {dag.py:3954} INFO - Setting next_dagrun for one_task_dag to 2026-05-07 00:00:00+00:00, run_after=2026-05-08 00:00:00+00:00
[2026-05-07T08:22:27.244+0000] {processor.py:183} INFO - Processing /workspaces/ETL-with-Airflow/airflow/dags/one_task_dag.py took 0.062 seconds
[2026-05-07T08:22:57.372+0000] {processor.py:161} INFO - Started process (PID=26002) to work on /workspaces/ETL-with-Airflow/airflow/dags/one_task_dag.py
[2026-05-07T08:22:57.373+0000] {processor.py:830} INFO - Processing file /workspaces/ETL-with-Airflow/airflow/dags/one_task_dag.py for tasks to queue
[2026-05-07T08:22:57.374+0000] {logging_mixin.py:188} INFO - [2026-05-07T08:22:57.374+0000] {dagbag.py:545} INFO - Filling up the DagBag from /workspaces/ETL-with-Airflow/airflow/dags/one_task_dag.py
[2026-05-07T08:22:57.384+0000] {processor.py:840} INFO - DAG(s) 'one_task_dag' retrieved from /workspaces/ETL-with-Airflow/airflow/dags/one_task_dag.py
[2026-05-07T08:22:57.401+0000] {logging_mixin.py:188} INFO - [2026-05-07T08:22:57.401+0000] {dag.py:3096} INFO - Sync 1 DAGs
[2026-05-07T08:22:57.417+0000] {logging_mixin.py:188} INFO - [2026-05-07T08:22:57.416+0000] {dag.py:3954} INFO - Setting next_dagrun for one_task_dag to 2026-05-07 00:00:00+00:00, run_after=2026-05-08 00:00:00+00:00
[2026-05-07T08:22:57.445+0000] {processor.py:183} INFO - Processing /workspaces/ETL-with-Airflow/airflow/dags/one_task_dag.py took 0.077 seconds
[2026-05-07T08:23:27.559+0000] {processor.py:161} INFO - Started process (PID=26213) to work on /workspaces/ETL-with-Airflow/airflow/dags/one_task_dag.py
[2026-05-07T08:23:27.559+0000] {processor.py:830} INFO - Processing file /workspaces/ETL-with-Airflow/airflow/dags/one_task_dag.py for tasks to queue
[2026-05-07T08:23:27.561+0000] {logging_mixin.py:188} INFO - [2026-05-07T08:23:27.561+0000] {dagbag.py:545} INFO - Filling up the DagBag from /workspaces/ETL-with-Airflow/airflow/dags/one_task_dag.py
[2026-05-07T08:23:27.570+0000] {processor.py:840} INFO - DAG(s) 'one_task_dag' retrieved from /workspaces/ETL-with-Airflow/airflow/dags/one_task_dag.py
[2026-05-07T08:23:27.587+0000] {logging_mixin.py:188} INFO - [2026-05-07T08:23:27.587+0000] {dag.py:3096} INFO - Sync 1 DAGs
[2026-05-07T08:23:27.603+0000] {logging_mixin.py:188} INFO - [2026-05-07T08:23:27.603+0000] {dag.py:3954} INFO - Setting next_dagrun for one_task_dag to 2026-05-07 00:00:00+00:00, run_after=2026-05-08 00:00:00+00:00
[2026-05-07T08:23:27.618+0000] {processor.py:183} INFO - Processing /workspaces/ETL-with-Airflow/airflow/dags/one_task_dag.py took 0.063 seconds
[2026-05-07T08:23:57.745+0000] {processor.py:161} INFO - Started process (PID=26415) to work on /workspaces/ETL-with-Airflow/airflow/dags/one_task_dag.py
[2026-05-07T08:23:57.746+0000] {processor.py:830} INFO - Processing file /workspaces/ETL-with-Airflow/airflow/dags/one_task_dag.py for tasks to queue
[2026-05-07T08:23:57.748+0000] {logging_mixin.py:188} INFO - [2026-05-07T08:23:57.747+0000] {dagbag.py:545} INFO - Filling up the DagBag from /workspaces/ETL-with-Airflow/airflow/dags/one_task_dag.py
[2026-05-07T08:23:57.756+0000] {processor.py:840} INFO - DAG(s) 'one_task_dag' retrieved from /workspaces/ETL-with-Airflow/airflow/dags/one_task_dag.py
[2026-05-07T08:23:57.773+0000] {logging_mixin.py:188} INFO - [2026-05-07T08:23:57.773+0000] {dag.py:3096} INFO - Sync 1 DAGs
[2026-05-07T08:23:57.788+0000] {logging_mixin.py:188} INFO - [2026-05-07T08:23:57.788+0000] {dag.py:3954} INFO - Setting next_dagrun for one_task_dag to 2026-05-07 00:00:00+00:00, run_after=2026-05-08 00:00:00+00:00
[2026-05-07T08:23:57.803+0000] {processor.py:183} INFO - Processing /workspaces/ETL-with-Airflow/airflow/dags/one_task_dag.py took 0.062 seconds
[2026-05-07T08:24:27.921+0000] {processor.py:161} INFO - Started process (PID=26624) to work on /workspaces/ETL-with-Airflow/airflow/dags/one_task_dag.py
[2026-05-07T08:24:27.922+0000] {processor.py:830} INFO - Processing file /workspaces/ETL-with-Airflow/airflow/dags/one_task_dag.py for tasks to queue
[2026-05-07T08:24:27.923+0000] {logging_mixin.py:188} INFO - [2026-05-07T08:24:27.923+0000] {dagbag.py:545} INFO - Filling up the DagBag from /workspaces/ETL-with-Airflow/airflow/dags/one_task_dag.py
[2026-05-07T08:24:27.932+0000] {processor.py:840} INFO - DAG(s) 'one_task_dag' retrieved from /workspaces/ETL-with-Airflow/airflow/dags/one_task_dag.py
[2026-05-07T08:24:27.949+0000] {logging_mixin.py:188} INFO - [2026-05-07T08:24:27.949+0000] {dag.py:3096} INFO - Sync 1 DAGs
[2026-05-07T08:24:27.964+0000] {logging_mixin.py:188} INFO - [2026-05-07T08:24:27.964+0000] {dag.py:3954} INFO - Setting next_dagrun for one_task_dag to 2026-05-07 00:00:00+00:00, run_after=2026-05-08 00:00:00+00:00
[2026-05-07T08:24:27.979+0000] {processor.py:183} INFO - Processing /workspaces/ETL-with-Airflow/airflow/dags/one_task_dag.py took 0.062 seconds
[2026-05-07T08:24:58.106+0000] {processor.py:161} INFO - Started process (PID=26828) to work on /workspaces/ETL-with-Airflow/airflow/dags/one_task_dag.py
[2026-05-07T08:24:58.107+0000] {processor.py:830} INFO - Processing file /workspaces/ETL-with-Airflow/airflow/dags/one_task_dag.py for tasks to queue
[2026-05-07T08:24:58.109+0000] {logging_mixin.py:188} INFO - [2026-05-07T08:24:58.108+0000] {dagbag.py:545} INFO - Filling up the DagBag from /workspaces/ETL-with-Airflow/airflow/dags/one_task_dag.py
[2026-05-07T08:24:58.118+0000] {processor.py:840} INFO - DAG(s) 'one_task_dag' retrieved from /workspaces/ETL-with-Airflow/airflow/dags/one_task_dag.py
[2026-05-07T08:24:58.135+0000] {logging_mixin.py:188} INFO - [2026-05-07T08:24:58.134+0000] {dag.py:3096} INFO - Sync 1 DAGs
[2026-05-07T08:24:58.149+0000] {logging_mixin.py:188} INFO - [2026-05-07T08:24:58.149+0000] {dag.py:3954} INFO - Setting next_dagrun for one_task_dag to 2026-05-07 00:00:00+00:00, run_after=2026-05-08 00:00:00+00:00
[2026-05-07T08:24:58.164+0000] {processor.py:183} INFO - Processing /workspaces/ETL-with-Airflow/airflow/dags/one_task_dag.py took 0.062 seconds
[2026-05-07T08:25:28.299+0000] {processor.py:161} INFO - Started process (PID=27039) to work on /workspaces/ETL-with-Airflow/airflow/dags/one_task_dag.py
[2026-05-07T08:25:28.300+0000] {processor.py:830} INFO - Processing file /workspaces/ETL-with-Airflow/airflow/dags/one_task_dag.py for tasks to queue
[2026-05-07T08:25:28.302+0000] {logging_mixin.py:188} INFO - [2026-05-07T08:25:28.302+0000] {dagbag.py:545} INFO - Filling up the DagBag from /workspaces/ETL-with-Airflow/airflow/dags/one_task_dag.py
[2026-05-07T08:25:28.315+0000] {processor.py:840} INFO - DAG(s) 'one_task_dag' retrieved from /workspaces/ETL-with-Airflow/airflow/dags/one_task_dag.py
[2026-05-07T08:25:28.333+0000] {logging_mixin.py:188} INFO - [2026-05-07T08:25:28.333+0000] {dag.py:3096} INFO - Sync 1 DAGs
[2026-05-07T08:25:28.348+0000] {logging_mixin.py:188} INFO - [2026-05-07T08:25:28.347+0000] {dag.py:3954} INFO - Setting next_dagrun for one_task_dag to 2026-05-07 00:00:00+00:00, run_after=2026-05-08 00:00:00+00:00
[2026-05-07T08:25:28.362+0000] {processor.py:183} INFO - Processing /workspaces/ETL-with-Airflow/airflow/dags/one_task_dag.py took 0.070 seconds
[2026-05-07T08:25:58.478+0000] {processor.py:161} INFO - Started process (PID=27235) to work on /workspaces/ETL-with-Airflow/airflow/dags/one_task_dag.py
[2026-05-07T08:25:58.479+0000] {processor.py:830} INFO - Processing file /workspaces/ETL-with-Airflow/airflow/dags/one_task_dag.py for tasks to queue
[2026-05-07T08:25:58.480+0000] {logging_mixin.py:188} INFO - [2026-05-07T08:25:58.480+0000] {dagbag.py:545} INFO - Filling up the DagBag from /workspaces/ETL-with-Airflow/airflow/dags/one_task_dag.py
[2026-05-07T08:25:58.490+0000] {processor.py:840} INFO - DAG(s) 'one_task_dag' retrieved from /workspaces/ETL-with-Airflow/airflow/dags/one_task_dag.py
[2026-05-07T08:25:58.512+0000] {logging_mixin.py:188} INFO - [2026-05-07T08:25:58.511+0000] {dag.py:3096} INFO - Sync 1 DAGs
[2026-05-07T08:25:58.537+0000] {logging_mixin.py:188} INFO - [2026-05-07T08:25:58.537+0000] {dag.py:3954} INFO - Setting next_dagrun for one_task_dag to 2026-05-07 00:00:00+00:00, run_after=2026-05-08 00:00:00+00:00
[2026-05-07T08:25:58.559+0000] {processor.py:183} INFO - Processing /workspaces/ETL-with-Airflow/airflow/dags/one_task_dag.py took 0.085 seconds
[2026-05-07T08:26:28.666+0000] {processor.py:161} INFO - Started process (PID=27446) to work on /workspaces/ETL-with-Airflow/airflow/dags/one_task_dag.py
[2026-05-07T08:26:28.667+0000] {processor.py:830} INFO - Processing file /workspaces/ETL-with-Airflow/airflow/dags/one_task_dag.py for tasks to queue
[2026-05-07T08:26:28.668+0000] {logging_mixin.py:188} INFO - [2026-05-07T08:26:28.668+0000] {dagbag.py:545} INFO - Filling up the DagBag from /workspaces/ETL-with-Airflow/airflow/dags/one_task_dag.py
[2026-05-07T08:26:28.677+0000] {processor.py:840} INFO - DAG(s) 'one_task_dag' retrieved from /workspaces/ETL-with-Airflow/airflow/dags/one_task_dag.py
[2026-05-07T08:26:28.694+0000] {logging_mixin.py:188} INFO - [2026-05-07T08:26:28.693+0000] {dag.py:3096} INFO - Sync 1 DAGs
[2026-05-07T08:26:28.709+0000] {logging_mixin.py:188} INFO - [2026-05-07T08:26:28.708+0000] {dag.py:3954} INFO - Setting next_dagrun for one_task_dag to 2026-05-07 00:00:00+00:00, run_after=2026-05-08 00:00:00+00:00
[2026-05-07T08:26:28.724+0000] {processor.py:183} INFO - Processing /workspaces/ETL-with-Airflow/airflow/dags/one_task_dag.py took 0.062 seconds
[2026-05-07T08:26:58.870+0000] {processor.py:161} INFO - Started process (PID=27659) to work on /workspaces/ETL-with-Airflow/airflow/dags/one_task_dag.py
[2026-05-07T08:26:58.871+0000] {processor.py:830} INFO - Processing file /workspaces/ETL-with-Airflow/airflow/dags/one_task_dag.py for tasks to queue
[2026-05-07T08:26:58.872+0000] {logging_mixin.py:188} INFO - [2026-05-07T08:26:58.872+0000] {dagbag.py:545} INFO - Filling up the DagBag from /workspaces/ETL-with-Airflow/airflow/dags/one_task_dag.py
[2026-05-07T08:26:58.881+0000] {processor.py:840} INFO - DAG(s) 'one_task_dag' retrieved from /workspaces/ETL-with-Airflow/airflow/dags/one_task_dag.py
[2026-05-07T08:26:58.898+0000] {logging_mixin.py:188} INFO - [2026-05-07T08:26:58.898+0000] {dag.py:3096} INFO - Sync 1 DAGs
[2026-05-07T08:26:58.913+0000] {logging_mixin.py:188} INFO - [2026-05-07T08:26:58.913+0000] {dag.py:3954} INFO - Setting next_dagrun for one_task_dag to 2026-05-07 00:00:00+00:00, run_after=2026-05-08 00:00:00+00:00
[2026-05-07T08:26:58.928+0000] {processor.py:183} INFO - Processing /workspaces/ETL-with-Airflow/airflow/dags/one_task_dag.py took 0.063 seconds
[2026-05-07T08:27:29.057+0000] {processor.py:161} INFO - Started process (PID=27864) to work on /workspaces/ETL-with-Airflow/airflow/dags/one_task_dag.py
[2026-05-07T08:27:29.058+0000] {processor.py:830} INFO - Processing file /workspaces/ETL-with-Airflow/airflow/dags/one_task_dag.py for tasks to queue
[2026-05-07T08:27:29.060+0000] {logging_mixin.py:188} INFO - [2026-05-07T08:27:29.059+0000] {dagbag.py:545} INFO - Filling up the DagBag from /workspaces/ETL-with-Airflow/airflow/dags/one_task_dag.py
[2026-05-07T08:27:29.069+0000] {processor.py:840} INFO - DAG(s) 'one_task_dag' retrieved from /workspaces/ETL-with-Airflow/airflow/dags/one_task_dag.py
[2026-05-07T08:27:29.086+0000] {logging_mixin.py:188} INFO - [2026-05-07T08:27:29.086+0000] {dag.py:3096} INFO - Sync 1 DAGs
[2026-05-07T08:27:29.103+0000] {logging_mixin.py:188} INFO - [2026-05-07T08:27:29.103+0000] {dag.py:3954} INFO - Setting next_dagrun for one_task_dag to 2026-05-07 00:00:00+00:00, run_after=2026-05-08 00:00:00+00:00
[2026-05-07T08:27:29.119+0000] {processor.py:183} INFO - Processing /workspaces/ETL-with-Airflow/airflow/dags/one_task_dag.py took 0.066 seconds
[2026-05-07T08:27:59.252+0000] {processor.py:161} INFO - Started process (PID=28076) to work on /workspaces/ETL-with-Airflow/airflow/dags/one_task_dag.py
[2026-05-07T08:27:59.253+0000] {processor.py:830} INFO - Processing file /workspaces/ETL-with-Airflow/airflow/dags/one_task_dag.py for tasks to queue
[2026-05-07T08:27:59.255+0000] {logging_mixin.py:188} INFO - [2026-05-07T08:27:59.254+0000] {dagbag.py:545} INFO - Filling up the DagBag from /workspaces/ETL-with-Airflow/airflow/dags/one_task_dag.py
[2026-05-07T08:27:59.266+0000] {processor.py:840} INFO - DAG(s) 'one_task_dag' retrieved from /workspaces/ETL-with-Airflow/airflow/dags/one_task_dag.py
[2026-05-07T08:27:59.282+0000] {logging_mixin.py:188} INFO - [2026-05-07T08:27:59.282+0000] {dag.py:3096} INFO - Sync 1 DAGs
[2026-05-07T08:27:59.298+0000] {logging_mixin.py:188} INFO - [2026-05-07T08:27:59.298+0000] {dag.py:3954} INFO - Setting next_dagrun for one_task_dag to 2026-05-07 00:00:00+00:00, run_after=2026-05-08 00:00:00+00:00
[2026-05-07T08:27:59.312+0000] {processor.py:183} INFO - Processing /workspaces/ETL-with-Airflow/airflow/dags/one_task_dag.py took 0.069 seconds
[2026-05-07T08:28:29.434+0000] {processor.py:161} INFO - Started process (PID=28274) to work on /workspaces/ETL-with-Airflow/airflow/dags/one_task_dag.py
[2026-05-07T08:28:29.435+0000] {processor.py:830} INFO - Processing file /workspaces/ETL-with-Airflow/airflow/dags/one_task_dag.py for tasks to queue
[2026-05-07T08:28:29.436+0000] {logging_mixin.py:188} INFO - [2026-05-07T08:28:29.436+0000] {dagbag.py:545} INFO - Filling up the DagBag from /workspaces/ETL-with-Airflow/airflow/dags/one_task_dag.py
[2026-05-07T08:28:29.448+0000] {processor.py:840} INFO - DAG(s) 'one_task_dag' retrieved from /workspaces/ETL-with-Airflow/airflow/dags/one_task_dag.py
[2026-05-07T08:28:29.465+0000] {logging_mixin.py:188} INFO - [2026-05-07T08:28:29.465+0000] {dag.py:3096} INFO - Sync 1 DAGs
[2026-05-07T08:28:29.481+0000] {logging_mixin.py:188} INFO - [2026-05-07T08:28:29.481+0000] {dag.py:3954} INFO - Setting next_dagrun for one_task_dag to 2026-05-07 00:00:00+00:00, run_after=2026-05-08 00:00:00+00:00
[2026-05-07T08:28:29.495+0000] {processor.py:183} INFO - Processing /workspaces/ETL-with-Airflow/airflow/dags/one_task_dag.py took 0.066 seconds
[2026-05-07T08:28:59.626+0000] {processor.py:161} INFO - Started process (PID=28484) to work on /workspaces/ETL-with-Airflow/airflow/dags/one_task_dag.py
[2026-05-07T08:28:59.627+0000] {processor.py:830} INFO - Processing file /workspaces/ETL-with-Airflow/airflow/dags/one_task_dag.py for tasks to queue
[2026-05-07T08:28:59.629+0000] {logging_mixin.py:188} INFO - [2026-05-07T08:28:59.628+0000] {dagbag.py:545} INFO - Filling up the DagBag from /workspaces/ETL-with-Airflow/airflow/dags/one_task_dag.py
[2026-05-07T08:28:59.639+0000] {processor.py:840} INFO - DAG(s) 'one_task_dag' retrieved from /workspaces/ETL-with-Airflow/airflow/dags/one_task_dag.py
[2026-05-07T08:28:59.658+0000] {logging_mixin.py:188} INFO - [2026-05-07T08:28:59.657+0000] {dag.py:3096} INFO - Sync 1 DAGs
[2026-05-07T08:28:59.675+0000] {logging_mixin.py:188} INFO - [2026-05-07T08:28:59.674+0000] {dag.py:3954} INFO - Setting next_dagrun for one_task_dag to 2026-05-07 00:00:00+00:00, run_after=2026-05-08 00:00:00+00:00
[2026-05-07T08:28:59.692+0000] {processor.py:183} INFO - Processing /workspaces/ETL-with-Airflow/airflow/dags/one_task_dag.py took 0.071 seconds
[2026-05-07T08:29:29.846+0000] {processor.py:161} INFO - Started process (PID=28691) to work on /workspaces/ETL-with-Airflow/airflow/dags/one_task_dag.py
[2026-05-07T08:29:29.847+0000] {processor.py:830} INFO - Processing file /workspaces/ETL-with-Airflow/airflow/dags/one_task_dag.py for tasks to queue
[2026-05-07T08:29:29.848+0000] {logging_mixin.py:188} INFO - [2026-05-07T08:29:29.848+0000] {dagbag.py:545} INFO - Filling up the DagBag from /workspaces/ETL-with-Airflow/airflow/dags/one_task_dag.py
[2026-05-07T08:29:29.857+0000] {processor.py:840} INFO - DAG(s) 'one_task_dag' retrieved from /workspaces/ETL-with-Airflow/airflow/dags/one_task_dag.py
[2026-05-07T08:29:29.874+0000] {logging_mixin.py:188} INFO - [2026-05-07T08:29:29.874+0000] {dag.py:3096} INFO - Sync 1 DAGs
[2026-05-07T08:29:29.889+0000] {logging_mixin.py:188} INFO - [2026-05-07T08:29:29.889+0000] {dag.py:3954} INFO - Setting next_dagrun for one_task_dag to 2026-05-07 00:00:00+00:00, run_after=2026-05-08 00:00:00+00:00
[2026-05-07T08:29:29.904+0000] {processor.py:183} INFO - Processing /workspaces/ETL-with-Airflow/airflow/dags/one_task_dag.py took 0.067 seconds
[2026-05-07T08:30:00.028+0000] {processor.py:161} INFO - Started process (PID=28904) to work on /workspaces/ETL-with-Airflow/airflow/dags/one_task_dag.py
[2026-05-07T08:30:00.029+0000] {processor.py:830} INFO - Processing file /workspaces/ETL-with-Airflow/airflow/dags/one_task_dag.py for tasks to queue
[2026-05-07T08:30:00.031+0000] {logging_mixin.py:188} INFO - [2026-05-07T08:30:00.030+0000] {dagbag.py:545} INFO - Filling up the DagBag from /workspaces/ETL-with-Airflow/airflow/dags/one_task_dag.py
[2026-05-07T08:30:00.040+0000] {processor.py:840} INFO - DAG(s) 'one_task_dag' retrieved from /workspaces/ETL-with-Airflow/airflow/dags/one_task_dag.py
[2026-05-07T08:30:00.057+0000] {logging_mixin.py:188} INFO - [2026-05-07T08:30:00.057+0000] {dag.py:3096} INFO - Sync 1 DAGs
[2026-05-07T08:30:00.072+0000] {logging_mixin.py:188} INFO - [2026-05-07T08:30:00.072+0000] {dag.py:3954} INFO - Setting next_dagrun for one_task_dag to 2026-05-07 00:00:00+00:00, run_after=2026-05-08 00:00:00+00:00
[2026-05-07T08:30:00.087+0000] {processor.py:183} INFO - Processing /workspaces/ETL-with-Airflow/airflow/dags/one_task_dag.py took 0.066 seconds
[2026-05-07T08:30:30.249+0000] {processor.py:161} INFO - Started process (PID=29110) to work on /workspaces/ETL-with-Airflow/airflow/dags/one_task_dag.py
[2026-05-07T08:30:30.249+0000] {processor.py:830} INFO - Processing file /workspaces/ETL-with-Airflow/airflow/dags/one_task_dag.py for tasks to queue
[2026-05-07T08:30:30.251+0000] {logging_mixin.py:188} INFO - [2026-05-07T08:30:30.251+0000] {dagbag.py:545} INFO - Filling up the DagBag from /workspaces/ETL-with-Airflow/airflow/dags/one_task_dag.py
[2026-05-07T08:30:30.260+0000] {processor.py:840} INFO - DAG(s) 'one_task_dag' retrieved from /workspaces/ETL-with-Airflow/airflow/dags/one_task_dag.py
[2026-05-07T08:30:30.277+0000] {logging_mixin.py:188} INFO - [2026-05-07T08:30:30.276+0000] {dag.py:3096} INFO - Sync 1 DAGs
[2026-05-07T08:30:30.291+0000] {logging_mixin.py:188} INFO - [2026-05-07T08:30:30.291+0000] {dag.py:3954} INFO - Setting next_dagrun for one_task_dag to 2026-05-07 00:00:00+00:00, run_after=2026-05-08 00:00:00+00:00
[2026-05-07T08:30:30.306+0000] {processor.py:183} INFO - Processing /workspaces/ETL-with-Airflow/airflow/dags/one_task_dag.py took 0.062 seconds
[2026-05-07T08:31:00.465+0000] {processor.py:161} INFO - Started process (PID=29316) to work on /workspaces/ETL-with-Airflow/airflow/dags/one_task_dag.py
[2026-05-07T08:31:00.465+0000] {processor.py:830} INFO - Processing file /workspaces/ETL-with-Airflow/airflow/dags/one_task_dag.py for tasks to queue
[2026-05-07T08:31:00.467+0000] {logging_mixin.py:188} INFO - [2026-05-07T08:31:00.466+0000] {dagbag.py:545} INFO - Filling up the DagBag from /workspaces/ETL-with-Airflow/airflow/dags/one_task_dag.py
[2026-05-07T08:31:00.476+0000] {processor.py:840} INFO - DAG(s) 'one_task_dag' retrieved from /workspaces/ETL-with-Airflow/airflow/dags/one_task_dag.py
[2026-05-07T08:31:00.492+0000] {logging_mixin.py:188} INFO - [2026-05-07T08:31:00.492+0000] {dag.py:3096} INFO - Sync 1 DAGs
[2026-05-07T08:31:00.507+0000] {logging_mixin.py:188} INFO - [2026-05-07T08:31:00.507+0000] {dag.py:3954} INFO - Setting next_dagrun for one_task_dag to 2026-05-07 00:00:00+00:00, run_after=2026-05-08 00:00:00+00:00
[2026-05-07T08:31:00.532+0000] {processor.py:183} INFO - Processing /workspaces/ETL-with-Airflow/airflow/dags/one_task_dag.py took 0.072 seconds
[2026-05-07T08:31:30.659+0000] {processor.py:161} INFO - Started process (PID=29522) to work on /workspaces/ETL-with-Airflow/airflow/dags/one_task_dag.py
[2026-05-07T08:31:30.660+0000] {processor.py:830} INFO - Processing file /workspaces/ETL-with-Airflow/airflow/dags/one_task_dag.py for tasks to queue
[2026-05-07T08:31:30.661+0000] {logging_mixin.py:188} INFO - [2026-05-07T08:31:30.661+0000] {dagbag.py:545} INFO - Filling up the DagBag from /workspaces/ETL-with-Airflow/airflow/dags/one_task_dag.py
[2026-05-07T08:31:30.670+0000] {processor.py:840} INFO - DAG(s) 'one_task_dag' retrieved from /workspaces/ETL-with-Airflow/airflow/dags/one_task_dag.py
[2026-05-07T08:31:30.687+0000] {logging_mixin.py:188} INFO - [2026-05-07T08:31:30.687+0000] {dag.py:3096} INFO - Sync 1 DAGs
[2026-05-07T08:31:30.702+0000] {logging_mixin.py:188} INFO - [2026-05-07T08:31:30.701+0000] {dag.py:3954} INFO - Setting next_dagrun for one_task_dag to 2026-05-07 00:00:00+00:00, run_after=2026-05-08 00:00:00+00:00
[2026-05-07T08:31:30.718+0000] {processor.py:183} INFO - Processing /workspaces/ETL-with-Airflow/airflow/dags/one_task_dag.py took 0.064 seconds
[2026-05-07T08:32:00.845+0000] {processor.py:161} INFO - Started process (PID=29733) to work on /workspaces/ETL-with-Airflow/airflow/dags/one_task_dag.py
[2026-05-07T08:32:00.846+0000] {processor.py:830} INFO - Processing file /workspaces/ETL-with-Airflow/airflow/dags/one_task_dag.py for tasks to queue
[2026-05-07T08:32:00.847+0000] {logging_mixin.py:188} INFO - [2026-05-07T08:32:00.847+0000] {dagbag.py:545} INFO - Filling up the DagBag from /workspaces/ETL-with-Airflow/airflow/dags/one_task_dag.py
[2026-05-07T08:32:00.856+0000] {processor.py:840} INFO - DAG(s) 'one_task_dag' retrieved from /workspaces/ETL-with-Airflow/airflow/dags/one_task_dag.py
[2026-05-07T08:32:00.873+0000] {logging_mixin.py:188} INFO - [2026-05-07T08:32:00.873+0000] {dag.py:3096} INFO - Sync 1 DAGs
[2026-05-07T08:32:00.889+0000] {logging_mixin.py:188} INFO - [2026-05-07T08:32:00.889+0000] {dag.py:3954} INFO - Setting next_dagrun for one_task_dag to 2026-05-07 00:00:00+00:00, run_after=2026-05-08 00:00:00+00:00
[2026-05-07T08:32:00.904+0000] {processor.py:183} INFO - Processing /workspaces/ETL-with-Airflow/airflow/dags/one_task_dag.py took 0.063 seconds
[2026-05-07T08:32:31.041+0000] {processor.py:161} INFO - Started process (PID=29945) to work on /workspaces/ETL-with-Airflow/airflow/dags/one_task_dag.py
[2026-05-07T08:32:31.042+0000] {processor.py:830} INFO - Processing file /workspaces/ETL-with-Airflow/airflow/dags/one_task_dag.py for tasks to queue
[2026-05-07T08:32:31.043+0000] {logging_mixin.py:188} INFO - [2026-05-07T08:32:31.043+0000] {dagbag.py:545} INFO - Filling up the DagBag from /workspaces/ETL-with-Airflow/airflow/dags/one_task_dag.py
[2026-05-07T08:32:31.055+0000] {processor.py:840} INFO - DAG(s) 'one_task_dag' retrieved from /workspaces/ETL-with-Airflow/airflow/dags/one_task_dag.py
[2026-05-07T08:32:31.073+0000] {logging_mixin.py:188} INFO - [2026-05-07T08:32:31.073+0000] {dag.py:3096} INFO - Sync 1 DAGs
[2026-05-07T08:32:31.089+0000] {logging_mixin.py:188} INFO - [2026-05-07T08:32:31.088+0000] {dag.py:3954} INFO - Setting next_dagrun for one_task_dag to 2026-05-07 00:00:00+00:00, run_after=2026-05-08 00:00:00+00:00
[2026-05-07T08:32:31.104+0000] {processor.py:183} INFO - Processing /workspaces/ETL-with-Airflow/airflow/dags/one_task_dag.py took 0.070 seconds
[2026-05-07T08:33:01.233+0000] {processor.py:161} INFO - Started process (PID=30130) to work on /workspaces/ETL-with-Airflow/airflow/dags/one_task_dag.py
[2026-05-07T08:33:01.233+0000] {processor.py:830} INFO - Processing file /workspaces/ETL-with-Airflow/airflow/dags/one_task_dag.py for tasks to queue
[2026-05-07T08:33:01.235+0000] {logging_mixin.py:188} INFO - [2026-05-07T08:33:01.235+0000] {dagbag.py:545} INFO - Filling up the DagBag from /workspaces/ETL-with-Airflow/airflow/dags/one_task_dag.py
[2026-05-07T08:33:01.249+0000] {processor.py:840} INFO - DAG(s) 'one_task_dag' retrieved from /workspaces/ETL-with-Airflow/airflow/dags/one_task_dag.py
[2026-05-07T08:33:01.277+0000] {logging_mixin.py:188} INFO - [2026-05-07T08:33:01.276+0000] {dag.py:3096} INFO - Sync 1 DAGs
[2026-05-07T08:33:01.303+0000] {logging_mixin.py:188} INFO - [2026-05-07T08:33:01.302+0000] {dag.py:3954} INFO - Setting next_dagrun for one_task_dag to 2026-05-07 00:00:00+00:00, run_after=2026-05-08 00:00:00+00:00
[2026-05-07T08:33:01.332+0000] {processor.py:183} INFO - Processing /workspaces/ETL-with-Airflow/airflow/dags/one_task_dag.py took 0.107 seconds
[2026-05-07T09:31:27.312+0000] {processor.py:161} INFO - Started process (PID=7572) to work on /workspaces/ETL-with-Airflow/airflow/dags/one_task_dag.py
[2026-05-07T09:31:27.347+0000] {processor.py:830} INFO - Processing file /workspaces/ETL-with-Airflow/airflow/dags/one_task_dag.py for tasks to queue
[2026-05-07T09:31:27.349+0000] {logging_mixin.py:188} INFO - [2026-05-07T09:31:27.349+0000] {dagbag.py:545} INFO - Filling up the DagBag from /workspaces/ETL-with-Airflow/airflow/dags/one_task_dag.py
[2026-05-07T09:31:27.362+0000] {processor.py:840} INFO - DAG(s) 'one_task_dag' retrieved from /workspaces/ETL-with-Airflow/airflow/dags/one_task_dag.py
[2026-05-07T09:31:27.378+0000] {logging_mixin.py:188} INFO - [2026-05-07T09:31:27.378+0000] {dag.py:3096} INFO - Sync 1 DAGs
[2026-05-07T09:31:27.396+0000] {logging_mixin.py:188} INFO - [2026-05-07T09:31:27.395+0000] {dag.py:3954} INFO - Setting next_dagrun for one_task_dag to 2026-05-07 00:00:00+00:00, run_after=2026-05-08 00:00:00+00:00
[2026-05-07T09:31:27.428+0000] {processor.py:183} INFO - Processing /workspaces/ETL-with-Airflow/airflow/dags/one_task_dag.py took 0.121 seconds
[2026-05-07T09:31:58.013+0000] {processor.py:161} INFO - Started process (PID=7810) to work on /workspaces/ETL-with-Airflow/airflow/dags/one_task_dag.py
[2026-05-07T09:31:58.014+0000] {processor.py:830} INFO - Processing file /workspaces/ETL-with-Airflow/airflow/dags/one_task_dag.py for tasks to queue
[2026-05-07T09:31:58.016+0000] {logging_mixin.py:188} INFO - [2026-05-07T09:31:58.016+0000] {dagbag.py:545} INFO - Filling up the DagBag from /workspaces/ETL-with-Airflow/airflow/dags/one_task_dag.py
[2026-05-07T09:31:58.027+0000] {processor.py:840} INFO - DAG(s) 'one_task_dag' retrieved from /workspaces/ETL-with-Airflow/airflow/dags/one_task_dag.py
[2026-05-07T09:31:58.044+0000] {logging_mixin.py:188} INFO - [2026-05-07T09:31:58.043+0000] {dag.py:3096} INFO - Sync 1 DAGs
[2026-05-07T09:31:58.060+0000] {logging_mixin.py:188} INFO - [2026-05-07T09:31:58.060+0000] {dag.py:3954} INFO - Setting next_dagrun for one_task_dag to 2026-05-07 00:00:00+00:00, run_after=2026-05-08 00:00:00+00:00
[2026-05-07T09:31:58.076+0000] {processor.py:183} INFO - Processing /workspaces/ETL-with-Airflow/airflow/dags/one_task_dag.py took 0.070 seconds
[2026-05-07T09:32:28.195+0000] {processor.py:161} INFO - Started process (PID=8017) to work on /workspaces/ETL-with-Airflow/airflow/dags/one_task_dag.py
[2026-05-07T09:32:28.196+0000] {processor.py:830} INFO - Processing file /workspaces/ETL-with-Airflow/airflow/dags/one_task_dag.py for tasks to queue
[2026-05-07T09:32:28.197+0000] {logging_mixin.py:188} INFO - [2026-05-07T09:32:28.197+0000] {dagbag.py:545} INFO - Filling up the DagBag from /workspaces/ETL-with-Airflow/airflow/dags/one_task_dag.py
[2026-05-07T09:32:28.207+0000] {processor.py:840} INFO - DAG(s) 'one_task_dag' retrieved from /workspaces/ETL-with-Airflow/airflow/dags/one_task_dag.py
[2026-05-07T09:32:28.226+0000] {logging_mixin.py:188} INFO - [2026-05-07T09:32:28.226+0000] {dag.py:3096} INFO - Sync 1 DAGs
[2026-05-07T09:32:28.241+0000] {logging_mixin.py:188} INFO - [2026-05-07T09:32:28.241+0000] {dag.py:3954} INFO - Setting next_dagrun for one_task_dag to 2026-05-07 00:00:00+00:00, run_after=2026-05-08 00:00:00+00:00
[2026-05-07T09:32:28.257+0000] {processor.py:183} INFO - Processing /workspaces/ETL-with-Airflow/airflow/dags/one_task_dag.py took 0.066 seconds
[2026-05-07T09:32:59.620+0000] {processor.py:161} INFO - Started process (PID=8257) to work on /workspaces/ETL-with-Airflow/airflow/dags/one_task_dag.py
[2026-05-07T09:32:59.621+0000] {processor.py:830} INFO - Processing file /workspaces/ETL-with-Airflow/airflow/dags/one_task_dag.py for tasks to queue
[2026-05-07T09:32:59.623+0000] {logging_mixin.py:188} INFO - [2026-05-07T09:32:59.622+0000] {dagbag.py:545} INFO - Filling up the DagBag from /workspaces/ETL-with-Airflow/airflow/dags/one_task_dag.py
[2026-05-07T09:32:59.633+0000] {processor.py:840} INFO - DAG(s) 'one_task_dag' retrieved from /workspaces/ETL-with-Airflow/airflow/dags/one_task_dag.py
[2026-05-07T09:32:59.654+0000] {logging_mixin.py:188} INFO - [2026-05-07T09:32:59.654+0000] {dag.py:3096} INFO - Sync 1 DAGs
[2026-05-07T09:32:59.672+0000] {logging_mixin.py:188} INFO - [2026-05-07T09:32:59.672+0000] {dag.py:3954} INFO - Setting next_dagrun for one_task_dag to 2026-05-07 00:00:00+00:00, run_after=2026-05-08 00:00:00+00:00
[2026-05-07T09:32:59.689+0000] {processor.py:183} INFO - Processing /workspaces/ETL-with-Airflow/airflow/dags/one_task_dag.py took 0.076 seconds
[2026-05-07T09:33:29.964+0000] {processor.py:161} INFO - Started process (PID=8519) to work on /workspaces/ETL-with-Airflow/airflow/dags/one_task_dag.py
[2026-05-07T09:33:29.965+0000] {processor.py:830} INFO - Processing file /workspaces/ETL-with-Airflow/airflow/dags/one_task_dag.py for tasks to queue
[2026-05-07T09:33:29.967+0000] {logging_mixin.py:188} INFO - [2026-05-07T09:33:29.966+0000] {dagbag.py:545} INFO - Filling up the DagBag from /workspaces/ETL-with-Airflow/airflow/dags/one_task_dag.py
[2026-05-07T09:33:29.981+0000] {processor.py:840} INFO - DAG(s) 'one_task_dag' retrieved from /workspaces/ETL-with-Airflow/airflow/dags/one_task_dag.py
[2026-05-07T09:33:30.002+0000] {logging_mixin.py:188} INFO - [2026-05-07T09:33:30.001+0000] {dag.py:3096} INFO - Sync 1 DAGs
[2026-05-07T09:33:30.031+0000] {logging_mixin.py:188} INFO - [2026-05-07T09:33:30.031+0000] {dag.py:3954} INFO - Setting next_dagrun for one_task_dag to 2026-05-07 00:00:00+00:00, run_after=2026-05-08 00:00:00+00:00
[2026-05-07T09:33:30.066+0000] {processor.py:183} INFO - Processing /workspaces/ETL-with-Airflow/airflow/dags/one_task_dag.py took 0.109 seconds
[2026-05-07T09:34:01.028+0000] {processor.py:161} INFO - Started process (PID=8831) to work on /workspaces/ETL-with-Airflow/airflow/dags/one_task_dag.py
[2026-05-07T09:34:01.029+0000] {processor.py:830} INFO - Processing file /workspaces/ETL-with-Airflow/airflow/dags/one_task_dag.py for tasks to queue
[2026-05-07T09:34:01.030+0000] {logging_mixin.py:188} INFO - [2026-05-07T09:34:01.030+0000] {dagbag.py:545} INFO - Filling up the DagBag from /workspaces/ETL-with-Airflow/airflow/dags/one_task_dag.py
[2026-05-07T09:34:01.039+0000] {processor.py:840} INFO - DAG(s) 'one_task_dag' retrieved from /workspaces/ETL-with-Airflow/airflow/dags/one_task_dag.py
[2026-05-07T09:34:01.057+0000] {logging_mixin.py:188} INFO - [2026-05-07T09:34:01.056+0000] {dag.py:3096} INFO - Sync 1 DAGs
[2026-05-07T09:34:01.073+0000] {logging_mixin.py:188} INFO - [2026-05-07T09:34:01.072+0000] {dag.py:3954} INFO - Setting next_dagrun for one_task_dag to 2026-05-07 00:00:00+00:00, run_after=2026-05-08 00:00:00+00:00
[2026-05-07T09:34:01.088+0000] {processor.py:183} INFO - Processing /workspaces/ETL-with-Airflow/airflow/dags/one_task_dag.py took 0.065 seconds
[2026-05-07T09:34:31.368+0000] {processor.py:161} INFO - Started process (PID=9372) to work on /workspaces/ETL-with-Airflow/airflow/dags/one_task_dag.py
[2026-05-07T09:34:31.369+0000] {processor.py:830} INFO - Processing file /workspaces/ETL-with-Airflow/airflow/dags/one_task_dag.py for tasks to queue
[2026-05-07T09:34:31.370+0000] {logging_mixin.py:188} INFO - [2026-05-07T09:34:31.370+0000] {dagbag.py:545} INFO - Filling up the DagBag from /workspaces/ETL-with-Airflow/airflow/dags/one_task_dag.py
[2026-05-07T09:34:31.379+0000] {processor.py:840} INFO - DAG(s) 'one_task_dag' retrieved from /workspaces/ETL-with-Airflow/airflow/dags/one_task_dag.py
[2026-05-07T09:34:31.396+0000] {logging_mixin.py:188} INFO - [2026-05-07T09:34:31.396+0000] {dag.py:3096} INFO - Sync 1 DAGs
[2026-05-07T09:34:31.411+0000] {logging_mixin.py:188} INFO - [2026-05-07T09:34:31.411+0000] {dag.py:3954} INFO - Setting next_dagrun for one_task_dag to 2026-05-07 00:00:00+00:00, run_after=2026-05-08 00:00:00+00:00
[2026-05-07T09:34:31.426+0000] {processor.py:183} INFO - Processing /workspaces/ETL-with-Airflow/airflow/dags/one_task_dag.py took 0.063 seconds
[2026-05-07T09:35:01.523+0000] {processor.py:161} INFO - Started process (PID=9600) to work on /workspaces/ETL-with-Airflow/airflow/dags/one_task_dag.py
[2026-05-07T09:35:01.524+0000] {processor.py:830} INFO - Processing file /workspaces/ETL-with-Airflow/airflow/dags/one_task_dag.py for tasks to queue
[2026-05-07T09:35:01.525+0000] {logging_mixin.py:188} INFO - [2026-05-07T09:35:01.525+0000] {dagbag.py:545} INFO - Filling up the DagBag from /workspaces/ETL-with-Airflow/airflow/dags/one_task_dag.py
[2026-05-07T09:35:01.536+0000] {processor.py:840} INFO - DAG(s) 'one_task_dag' retrieved from /workspaces/ETL-with-Airflow/airflow/dags/one_task_dag.py
[2026-05-07T09:35:01.556+0000] {logging_mixin.py:188} INFO - [2026-05-07T09:35:01.556+0000] {dag.py:3096} INFO - Sync 1 DAGs
[2026-05-07T09:35:01.572+0000] {logging_mixin.py:188} INFO - [2026-05-07T09:35:01.571+0000] {dag.py:3954} INFO - Setting next_dagrun for one_task_dag to 2026-05-07 00:00:00+00:00, run_after=2026-05-08 00:00:00+00:00
[2026-05-07T09:35:01.590+0000] {processor.py:183} INFO - Processing /workspaces/ETL-with-Airflow/airflow/dags/one_task_dag.py took 0.072 seconds
[2026-05-07T09:35:31.811+0000] {processor.py:161} INFO - Started process (PID=9828) to work on /workspaces/ETL-with-Airflow/airflow/dags/one_task_dag.py
[2026-05-07T09:35:31.812+0000] {processor.py:830} INFO - Processing file /workspaces/ETL-with-Airflow/airflow/dags/one_task_dag.py for tasks to queue
[2026-05-07T09:35:31.814+0000] {logging_mixin.py:188} INFO - [2026-05-07T09:35:31.813+0000] {dagbag.py:545} INFO - Filling up the DagBag from /workspaces/ETL-with-Airflow/airflow/dags/one_task_dag.py
[2026-05-07T09:35:31.823+0000] {processor.py:840} INFO - DAG(s) 'one_task_dag' retrieved from /workspaces/ETL-with-Airflow/airflow/dags/one_task_dag.py
[2026-05-07T09:35:31.840+0000] {logging_mixin.py:188} INFO - [2026-05-07T09:35:31.840+0000] {dag.py:3096} INFO - Sync 1 DAGs
[2026-05-07T09:35:31.855+0000] {logging_mixin.py:188} INFO - [2026-05-07T09:35:31.855+0000] {dag.py:3954} INFO - Setting next_dagrun for one_task_dag to 2026-05-07 00:00:00+00:00, run_after=2026-05-08 00:00:00+00:00
[2026-05-07T09:35:31.870+0000] {processor.py:183} INFO - Processing /workspaces/ETL-with-Airflow/airflow/dags/one_task_dag.py took 0.064 seconds
[2026-05-07T09:36:02.114+0000] {processor.py:161} INFO - Started process (PID=10033) to work on /workspaces/ETL-with-Airflow/airflow/dags/one_task_dag.py
[2026-05-07T09:36:02.115+0000] {processor.py:830} INFO - Processing file /workspaces/ETL-with-Airflow/airflow/dags/one_task_dag.py for tasks to queue
[2026-05-07T09:36:02.118+0000] {logging_mixin.py:188} INFO - [2026-05-07T09:36:02.117+0000] {dagbag.py:545} INFO - Filling up the DagBag from /workspaces/ETL-with-Airflow/airflow/dags/one_task_dag.py
[2026-05-07T09:36:02.132+0000] {processor.py:840} INFO - DAG(s) 'one_task_dag' retrieved from /workspaces/ETL-with-Airflow/airflow/dags/one_task_dag.py
[2026-05-07T09:36:02.163+0000] {logging_mixin.py:188} INFO - [2026-05-07T09:36:02.163+0000] {dag.py:3096} INFO - Sync 1 DAGs
[2026-05-07T09:36:02.180+0000] {logging_mixin.py:188} INFO - [2026-05-07T09:36:02.180+0000] {dag.py:3954} INFO - Setting next_dagrun for one_task_dag to 2026-05-07 00:00:00+00:00, run_after=2026-05-08 00:00:00+00:00
[2026-05-07T09:36:02.197+0000] {processor.py:183} INFO - Processing /workspaces/ETL-with-Airflow/airflow/dags/one_task_dag.py took 0.090 seconds
[2026-05-07T09:36:32.402+0000] {processor.py:161} INFO - Started process (PID=10265) to work on /workspaces/ETL-with-Airflow/airflow/dags/one_task_dag.py
[2026-05-07T09:36:32.440+0000] {processor.py:830} INFO - Processing file /workspaces/ETL-with-Airflow/airflow/dags/one_task_dag.py for tasks to queue
[2026-05-07T09:36:32.442+0000] {logging_mixin.py:188} INFO - [2026-05-07T09:36:32.441+0000] {dagbag.py:545} INFO - Filling up the DagBag from /workspaces/ETL-with-Airflow/airflow/dags/one_task_dag.py
[2026-05-07T09:36:32.454+0000] {processor.py:840} INFO - DAG(s) 'one_task_dag' retrieved from /workspaces/ETL-with-Airflow/airflow/dags/one_task_dag.py
[2026-05-07T09:36:32.479+0000] {logging_mixin.py:188} INFO - [2026-05-07T09:36:32.479+0000] {dag.py:3096} INFO - Sync 1 DAGs
[2026-05-07T09:36:32.502+0000] {logging_mixin.py:188} INFO - [2026-05-07T09:36:32.502+0000] {dag.py:3954} INFO - Setting next_dagrun for one_task_dag to 2026-05-07 00:00:00+00:00, run_after=2026-05-08 00:00:00+00:00
[2026-05-07T09:36:32.616+0000] {processor.py:183} INFO - Processing /workspaces/ETL-with-Airflow/airflow/dags/one_task_dag.py took 0.218 seconds
[2026-05-07T09:37:02.753+0000] {processor.py:161} INFO - Started process (PID=10577) to work on /workspaces/ETL-with-Airflow/airflow/dags/one_task_dag.py
[2026-05-07T09:37:02.754+0000] {processor.py:830} INFO - Processing file /workspaces/ETL-with-Airflow/airflow/dags/one_task_dag.py for tasks to queue
[2026-05-07T09:37:02.755+0000] {logging_mixin.py:188} INFO - [2026-05-07T09:37:02.755+0000] {dagbag.py:545} INFO - Filling up the DagBag from /workspaces/ETL-with-Airflow/airflow/dags/one_task_dag.py
[2026-05-07T09:37:02.768+0000] {processor.py:840} INFO - DAG(s) 'one_task_dag' retrieved from /workspaces/ETL-with-Airflow/airflow/dags/one_task_dag.py
[2026-05-07T09:37:02.792+0000] {logging_mixin.py:188} INFO - [2026-05-07T09:37:02.792+0000] {dag.py:3096} INFO - Sync 1 DAGs
[2026-05-07T09:37:02.808+0000] {logging_mixin.py:188} INFO - [2026-05-07T09:37:02.808+0000] {dag.py:3954} INFO - Setting next_dagrun for one_task_dag to 2026-05-07 00:00:00+00:00, run_after=2026-05-08 00:00:00+00:00
[2026-05-07T09:37:02.824+0000] {processor.py:183} INFO - Processing /workspaces/ETL-with-Airflow/airflow/dags/one_task_dag.py took 0.080 seconds
[2026-05-07T09:37:33.091+0000] {processor.py:161} INFO - Started process (PID=10787) to work on /workspaces/ETL-with-Airflow/airflow/dags/one_task_dag.py
[2026-05-07T09:37:33.094+0000] {processor.py:830} INFO - Processing file /workspaces/ETL-with-Airflow/airflow/dags/one_task_dag.py for tasks to queue
[2026-05-07T09:37:33.096+0000] {logging_mixin.py:188} INFO - [2026-05-07T09:37:33.096+0000] {dagbag.py:545} INFO - Filling up the DagBag from /workspaces/ETL-with-Airflow/airflow/dags/one_task_dag.py
[2026-05-07T09:37:33.109+0000] {processor.py:840} INFO - DAG(s) 'one_task_dag' retrieved from /workspaces/ETL-with-Airflow/airflow/dags/one_task_dag.py
[2026-05-07T09:37:33.135+0000] {logging_mixin.py:188} INFO - [2026-05-07T09:37:33.135+0000] {dag.py:3096} INFO - Sync 1 DAGs
[2026-05-07T09:37:33.156+0000] {logging_mixin.py:188} INFO - [2026-05-07T09:37:33.155+0000] {dag.py:3954} INFO - Setting next_dagrun for one_task_dag to 2026-05-07 00:00:00+00:00, run_after=2026-05-08 00:00:00+00:00
[2026-05-07T09:37:33.171+0000] {processor.py:183} INFO - Processing /workspaces/ETL-with-Airflow/airflow/dags/one_task_dag.py took 0.088 seconds
[2026-05-07T09:38:03.398+0000] {processor.py:161} INFO - Started process (PID=11056) to work on /workspaces/ETL-with-Airflow/airflow/dags/one_task_dag.py
[2026-05-07T09:38:03.399+0000] {processor.py:830} INFO - Processing file /workspaces/ETL-with-Airflow/airflow/dags/one_task_dag.py for tasks to queue
[2026-05-07T09:38:03.400+0000] {logging_mixin.py:188} INFO - [2026-05-07T09:38:03.400+0000] {dagbag.py:545} INFO - Filling up the DagBag from /workspaces/ETL-with-Airflow/airflow/dags/one_task_dag.py
[2026-05-07T09:38:03.411+0000] {processor.py:840} INFO - DAG(s) 'one_task_dag' retrieved from /workspaces/ETL-with-Airflow/airflow/dags/one_task_dag.py
[2026-05-07T09:38:03.438+0000] {logging_mixin.py:188} INFO - [2026-05-07T09:38:03.438+0000] {dag.py:3096} INFO - Sync 1 DAGs
[2026-05-07T09:38:03.475+0000] {logging_mixin.py:188} INFO - [2026-05-07T09:38:03.475+0000] {dag.py:3954} INFO - Setting next_dagrun for one_task_dag to 2026-05-07 00:00:00+00:00, run_after=2026-05-08 00:00:00+00:00
[2026-05-07T09:38:03.497+0000] {processor.py:183} INFO - Processing /workspaces/ETL-with-Airflow/airflow/dags/one_task_dag.py took 0.106 seconds
[2026-05-07T09:38:33.772+0000] {processor.py:161} INFO - Started process (PID=11392) to work on /workspaces/ETL-with-Airflow/airflow/dags/one_task_dag.py
[2026-05-07T09:38:33.773+0000] {processor.py:830} INFO - Processing file /workspaces/ETL-with-Airflow/airflow/dags/one_task_dag.py for tasks to queue
[2026-05-07T09:38:33.775+0000] {logging_mixin.py:188} INFO - [2026-05-07T09:38:33.774+0000] {dagbag.py:545} INFO - Filling up the DagBag from /workspaces/ETL-with-Airflow/airflow/dags/one_task_dag.py
[2026-05-07T09:38:33.787+0000] {processor.py:840} INFO - DAG(s) 'one_task_dag' retrieved from /workspaces/ETL-with-Airflow/airflow/dags/one_task_dag.py
[2026-05-07T09:38:33.811+0000] {logging_mixin.py:188} INFO - [2026-05-07T09:38:33.811+0000] {dag.py:3096} INFO - Sync 1 DAGs
[2026-05-07T09:38:33.835+0000] {logging_mixin.py:188} INFO - [2026-05-07T09:38:33.835+0000] {dag.py:3954} INFO - Setting next_dagrun for one_task_dag to 2026-05-07 00:00:00+00:00, run_after=2026-05-08 00:00:00+00:00
[2026-05-07T09:38:33.881+0000] {processor.py:183} INFO - Processing /workspaces/ETL-with-Airflow/airflow/dags/one_task_dag.py took 0.114 seconds
[2026-05-07T09:39:04.184+0000] {processor.py:161} INFO - Started process (PID=11605) to work on /workspaces/ETL-with-Airflow/airflow/dags/one_task_dag.py
[2026-05-07T09:39:04.185+0000] {processor.py:830} INFO - Processing file /workspaces/ETL-with-Airflow/airflow/dags/one_task_dag.py for tasks to queue
[2026-05-07T09:39:04.187+0000] {logging_mixin.py:188} INFO - [2026-05-07T09:39:04.187+0000] {dagbag.py:545} INFO - Filling up the DagBag from /workspaces/ETL-with-Airflow/airflow/dags/one_task_dag.py
[2026-05-07T09:39:04.200+0000] {processor.py:840} INFO - DAG(s) 'one_task_dag' retrieved from /workspaces/ETL-with-Airflow/airflow/dags/one_task_dag.py
[2026-05-07T09:39:04.227+0000] {logging_mixin.py:188} INFO - [2026-05-07T09:39:04.227+0000] {dag.py:3096} INFO - Sync 1 DAGs
[2026-05-07T09:39:04.247+0000] {logging_mixin.py:188} INFO - [2026-05-07T09:39:04.247+0000] {dag.py:3954} INFO - Setting next_dagrun for one_task_dag to 2026-05-07 00:00:00+00:00, run_after=2026-05-08 00:00:00+00:00
[2026-05-07T09:39:04.262+0000] {processor.py:183} INFO - Processing /workspaces/ETL-with-Airflow/airflow/dags/one_task_dag.py took 0.088 seconds
[2026-05-07T09:39:34.474+0000] {processor.py:161} INFO - Started process (PID=11837) to work on /workspaces/ETL-with-Airflow/airflow/dags/one_task_dag.py
[2026-05-07T09:39:34.475+0000] {processor.py:830} INFO - Processing file /workspaces/ETL-with-Airflow/airflow/dags/one_task_dag.py for tasks to queue
[2026-05-07T09:39:34.476+0000] {logging_mixin.py:188} INFO - [2026-05-07T09:39:34.476+0000] {dagbag.py:545} INFO - Filling up the DagBag from /workspaces/ETL-with-Airflow/airflow/dags/one_task_dag.py
[2026-05-07T09:39:34.486+0000] {processor.py:840} INFO - DAG(s) 'one_task_dag' retrieved from /workspaces/ETL-with-Airflow/airflow/dags/one_task_dag.py
[2026-05-07T09:39:34.511+0000] {logging_mixin.py:188} INFO - [2026-05-07T09:39:34.511+0000] {dag.py:3096} INFO - Sync 1 DAGs
[2026-05-07T09:39:34.537+0000] {logging_mixin.py:188} INFO - [2026-05-07T09:39:34.537+0000] {dag.py:3954} INFO - Setting next_dagrun for one_task_dag to 2026-05-07 00:00:00+00:00, run_after=2026-05-08 00:00:00+00:00
[2026-05-07T09:39:34.577+0000] {processor.py:183} INFO - Processing /workspaces/ETL-with-Airflow/airflow/dags/one_task_dag.py took 0.109 seconds
[2026-05-07T09:40:05.689+0000] {processor.py:161} INFO - Started process (PID=12066) to work on /workspaces/ETL-with-Airflow/airflow/dags/one_task_dag.py
[2026-05-07T09:40:05.689+0000] {processor.py:830} INFO - Processing file /workspaces/ETL-with-Airflow/airflow/dags/one_task_dag.py for tasks to queue
[2026-05-07T09:40:05.691+0000] {logging_mixin.py:188} INFO - [2026-05-07T09:40:05.690+0000] {dagbag.py:545} INFO - Filling up the DagBag from /workspaces/ETL-with-Airflow/airflow/dags/one_task_dag.py
[2026-05-07T09:40:05.699+0000] {processor.py:840} INFO - DAG(s) 'one_task_dag' retrieved from /workspaces/ETL-with-Airflow/airflow/dags/one_task_dag.py
[2026-05-07T09:40:05.717+0000] {logging_mixin.py:188} INFO - [2026-05-07T09:40:05.717+0000] {dag.py:3096} INFO - Sync 1 DAGs
[2026-05-07T09:40:05.732+0000] {logging_mixin.py:188} INFO - [2026-05-07T09:40:05.732+0000] {dag.py:3954} INFO - Setting next_dagrun for one_task_dag to 2026-05-07 00:00:00+00:00, run_after=2026-05-08 00:00:00+00:00
[2026-05-07T09:40:05.747+0000] {processor.py:183} INFO - Processing /workspaces/ETL-with-Airflow/airflow/dags/one_task_dag.py took 0.064 seconds
[2026-05-07T09:40:35.877+0000] {processor.py:161} INFO - Started process (PID=12272) to work on /workspaces/ETL-with-Airflow/airflow/dags/one_task_dag.py
[2026-05-07T09:40:35.878+0000] {processor.py:830} INFO - Processing file /workspaces/ETL-with-Airflow/airflow/dags/one_task_dag.py for tasks to queue
[2026-05-07T09:40:35.880+0000] {logging_mixin.py:188} INFO - [2026-05-07T09:40:35.879+0000] {dagbag.py:545} INFO - Filling up the DagBag from /workspaces/ETL-with-Airflow/airflow/dags/one_task_dag.py
[2026-05-07T09:40:35.889+0000] {processor.py:840} INFO - DAG(s) 'one_task_dag' retrieved from /workspaces/ETL-with-Airflow/airflow/dags/one_task_dag.py
[2026-05-07T09:40:35.906+0000] {logging_mixin.py:188} INFO - [2026-05-07T09:40:35.906+0000] {dag.py:3096} INFO - Sync 1 DAGs
[2026-05-07T09:40:35.921+0000] {logging_mixin.py:188} INFO - [2026-05-07T09:40:35.921+0000] {dag.py:3954} INFO - Setting next_dagrun for one_task_dag to 2026-05-07 00:00:00+00:00, run_after=2026-05-08 00:00:00+00:00
[2026-05-07T09:40:35.936+0000] {processor.py:183} INFO - Processing /workspaces/ETL-with-Airflow/airflow/dags/one_task_dag.py took 0.064 seconds
[2026-05-07T09:41:06.075+0000] {processor.py:161} INFO - Started process (PID=12492) to work on /workspaces/ETL-with-Airflow/airflow/dags/one_task_dag.py
[2026-05-07T09:41:06.076+0000] {processor.py:830} INFO - Processing file /workspaces/ETL-with-Airflow/airflow/dags/one_task_dag.py for tasks to queue
[2026-05-07T09:41:06.077+0000] {logging_mixin.py:188} INFO - [2026-05-07T09:41:06.077+0000] {dagbag.py:545} INFO - Filling up the DagBag from /workspaces/ETL-with-Airflow/airflow/dags/one_task_dag.py
[2026-05-07T09:41:06.086+0000] {processor.py:840} INFO - DAG(s) 'one_task_dag' retrieved from /workspaces/ETL-with-Airflow/airflow/dags/one_task_dag.py
[2026-05-07T09:41:06.103+0000] {logging_mixin.py:188} INFO - [2026-05-07T09:41:06.103+0000] {dag.py:3096} INFO - Sync 1 DAGs
[2026-05-07T09:41:06.118+0000] {logging_mixin.py:188} INFO - [2026-05-07T09:41:06.118+0000] {dag.py:3954} INFO - Setting next_dagrun for one_task_dag to 2026-05-07 00:00:00+00:00, run_after=2026-05-08 00:00:00+00:00
[2026-05-07T09:41:06.133+0000] {processor.py:183} INFO - Processing /workspaces/ETL-with-Airflow/airflow/dags/one_task_dag.py took 0.063 seconds
[2026-05-07T09:41:36.439+0000] {processor.py:161} INFO - Started process (PID=12839) to work on /workspaces/ETL-with-Airflow/airflow/dags/one_task_dag.py
[2026-05-07T09:41:36.440+0000] {processor.py:830} INFO - Processing file /workspaces/ETL-with-Airflow/airflow/dags/one_task_dag.py for tasks to queue
[2026-05-07T09:41:36.441+0000] {logging_mixin.py:188} INFO - [2026-05-07T09:41:36.441+0000] {dagbag.py:545} INFO - Filling up the DagBag from /workspaces/ETL-with-Airflow/airflow/dags/one_task_dag.py
[2026-05-07T09:41:36.450+0000] {processor.py:840} INFO - DAG(s) 'one_task_dag' retrieved from /workspaces/ETL-with-Airflow/airflow/dags/one_task_dag.py
[2026-05-07T09:41:36.468+0000] {logging_mixin.py:188} INFO - [2026-05-07T09:41:36.468+0000] {dag.py:3096} INFO - Sync 1 DAGs
[2026-05-07T09:41:36.484+0000] {logging_mixin.py:188} INFO - [2026-05-07T09:41:36.484+0000] {dag.py:3954} INFO - Setting next_dagrun for one_task_dag to 2026-05-07 00:00:00+00:00, run_after=2026-05-08 00:00:00+00:00
[2026-05-07T09:41:36.500+0000] {processor.py:183} INFO - Processing /workspaces/ETL-with-Airflow/airflow/dags/one_task_dag.py took 0.067 seconds
[2026-05-07T09:42:08.734+0000] {processor.py:161} INFO - Started process (PID=13146) to work on /workspaces/ETL-with-Airflow/airflow/dags/one_task_dag.py
[2026-05-07T09:42:08.735+0000] {processor.py:830} INFO - Processing file /workspaces/ETL-with-Airflow/airflow/dags/one_task_dag.py for tasks to queue
[2026-05-07T09:42:08.736+0000] {logging_mixin.py:188} INFO - [2026-05-07T09:42:08.736+0000] {dagbag.py:545} INFO - Filling up the DagBag from /workspaces/ETL-with-Airflow/airflow/dags/one_task_dag.py
[2026-05-07T09:42:08.745+0000] {processor.py:840} INFO - DAG(s) 'one_task_dag' retrieved from /workspaces/ETL-with-Airflow/airflow/dags/one_task_dag.py
[2026-05-07T09:42:08.764+0000] {logging_mixin.py:188} INFO - [2026-05-07T09:42:08.764+0000] {dag.py:3096} INFO - Sync 1 DAGs
[2026-05-07T09:42:08.780+0000] {logging_mixin.py:188} INFO - [2026-05-07T09:42:08.780+0000] {dag.py:3954} INFO - Setting next_dagrun for one_task_dag to 2026-05-07 00:00:00+00:00, run_after=2026-05-08 00:00:00+00:00
[2026-05-07T09:42:08.796+0000] {processor.py:183} INFO - Processing /workspaces/ETL-with-Airflow/airflow/dags/one_task_dag.py took 0.067 seconds
[2026-05-07T09:42:38.883+0000] {processor.py:161} INFO - Started process (PID=13383) to work on /workspaces/ETL-with-Airflow/airflow/dags/one_task_dag.py
[2026-05-07T09:42:38.884+0000] {processor.py:830} INFO - Processing file /workspaces/ETL-with-Airflow/airflow/dags/one_task_dag.py for tasks to queue
[2026-05-07T09:42:38.887+0000] {logging_mixin.py:188} INFO - [2026-05-07T09:42:38.886+0000] {dagbag.py:545} INFO - Filling up the DagBag from /workspaces/ETL-with-Airflow/airflow/dags/one_task_dag.py
[2026-05-07T09:42:38.896+0000] {processor.py:840} INFO - DAG(s) 'one_task_dag' retrieved from /workspaces/ETL-with-Airflow/airflow/dags/one_task_dag.py
[2026-05-07T09:42:38.915+0000] {logging_mixin.py:188} INFO - [2026-05-07T09:42:38.915+0000] {dag.py:3096} INFO - Sync 1 DAGs
[2026-05-07T09:42:38.931+0000] {logging_mixin.py:188} INFO - [2026-05-07T09:42:38.930+0000] {dag.py:3954} INFO - Setting next_dagrun for one_task_dag to 2026-05-07 00:00:00+00:00, run_after=2026-05-08 00:00:00+00:00
[2026-05-07T09:42:38.946+0000] {processor.py:183} INFO - Processing /workspaces/ETL-with-Airflow/airflow/dags/one_task_dag.py took 0.075 seconds
[2026-05-07T09:43:09.156+0000] {processor.py:161} INFO - Started process (PID=13624) to work on /workspaces/ETL-with-Airflow/airflow/dags/one_task_dag.py
[2026-05-07T09:43:09.157+0000] {processor.py:830} INFO - Processing file /workspaces/ETL-with-Airflow/airflow/dags/one_task_dag.py for tasks to queue
[2026-05-07T09:43:09.158+0000] {logging_mixin.py:188} INFO - [2026-05-07T09:43:09.158+0000] {dagbag.py:545} INFO - Filling up the DagBag from /workspaces/ETL-with-Airflow/airflow/dags/one_task_dag.py
[2026-05-07T09:43:09.168+0000] {processor.py:840} INFO - DAG(s) 'one_task_dag' retrieved from /workspaces/ETL-with-Airflow/airflow/dags/one_task_dag.py
[2026-05-07T09:43:09.187+0000] {logging_mixin.py:188} INFO - [2026-05-07T09:43:09.186+0000] {dag.py:3096} INFO - Sync 1 DAGs
[2026-05-07T09:43:09.202+0000] {logging_mixin.py:188} INFO - [2026-05-07T09:43:09.202+0000] {dag.py:3954} INFO - Setting next_dagrun for one_task_dag to 2026-05-07 00:00:00+00:00, run_after=2026-05-08 00:00:00+00:00
[2026-05-07T09:43:09.217+0000] {processor.py:183} INFO - Processing /workspaces/ETL-with-Airflow/airflow/dags/one_task_dag.py took 0.067 seconds
[2026-05-07T09:43:39.476+0000] {processor.py:161} INFO - Started process (PID=13864) to work on /workspaces/ETL-with-Airflow/airflow/dags/one_task_dag.py
[2026-05-07T09:43:39.477+0000] {processor.py:830} INFO - Processing file /workspaces/ETL-with-Airflow/airflow/dags/one_task_dag.py for tasks to queue
[2026-05-07T09:43:39.478+0000] {logging_mixin.py:188} INFO - [2026-05-07T09:43:39.478+0000] {dagbag.py:545} INFO - Filling up the DagBag from /workspaces/ETL-with-Airflow/airflow/dags/one_task_dag.py
[2026-05-07T09:43:39.488+0000] {processor.py:840} INFO - DAG(s) 'one_task_dag' retrieved from /workspaces/ETL-with-Airflow/airflow/dags/one_task_dag.py
[2026-05-07T09:43:39.506+0000] {logging_mixin.py:188} INFO - [2026-05-07T09:43:39.506+0000] {dag.py:3096} INFO - Sync 1 DAGs
[2026-05-07T09:43:39.522+0000] {logging_mixin.py:188} INFO - [2026-05-07T09:43:39.521+0000] {dag.py:3954} INFO - Setting next_dagrun for one_task_dag to 2026-05-07 00:00:00+00:00, run_after=2026-05-08 00:00:00+00:00
[2026-05-07T09:43:39.537+0000] {processor.py:183} INFO - Processing /workspaces/ETL-with-Airflow/airflow/dags/one_task_dag.py took 0.066 seconds
[2026-05-07T09:44:09.785+0000] {processor.py:161} INFO - Started process (PID=14093) to work on /workspaces/ETL-with-Airflow/airflow/dags/one_task_dag.py
[2026-05-07T09:44:09.786+0000] {processor.py:830} INFO - Processing file /workspaces/ETL-with-Airflow/airflow/dags/one_task_dag.py for tasks to queue
[2026-05-07T09:44:09.787+0000] {logging_mixin.py:188} INFO - [2026-05-07T09:44:09.787+0000] {dagbag.py:545} INFO - Filling up the DagBag from /workspaces/ETL-with-Airflow/airflow/dags/one_task_dag.py
[2026-05-07T09:44:09.796+0000] {processor.py:840} INFO - DAG(s) 'one_task_dag' retrieved from /workspaces/ETL-with-Airflow/airflow/dags/one_task_dag.py
[2026-05-07T09:44:09.814+0000] {logging_mixin.py:188} INFO - [2026-05-07T09:44:09.814+0000] {dag.py:3096} INFO - Sync 1 DAGs
[2026-05-07T09:44:09.829+0000] {logging_mixin.py:188} INFO - [2026-05-07T09:44:09.829+0000] {dag.py:3954} INFO - Setting next_dagrun for one_task_dag to 2026-05-07 00:00:00+00:00, run_after=2026-05-08 00:00:00+00:00
[2026-05-07T09:44:09.844+0000] {processor.py:183} INFO - Processing /workspaces/ETL-with-Airflow/airflow/dags/one_task_dag.py took 0.065 seconds
[2026-05-07T09:44:40.082+0000] {processor.py:161} INFO - Started process (PID=14331) to work on /workspaces/ETL-with-Airflow/airflow/dags/one_task_dag.py
[2026-05-07T09:44:40.082+0000] {processor.py:830} INFO - Processing file /workspaces/ETL-with-Airflow/airflow/dags/one_task_dag.py for tasks to queue
[2026-05-07T09:44:40.084+0000] {logging_mixin.py:188} INFO - [2026-05-07T09:44:40.083+0000] {dagbag.py:545} INFO - Filling up the DagBag from /workspaces/ETL-with-Airflow/airflow/dags/one_task_dag.py
[2026-05-07T09:44:40.094+0000] {processor.py:840} INFO - DAG(s) 'one_task_dag' retrieved from /workspaces/ETL-with-Airflow/airflow/dags/one_task_dag.py
[2026-05-07T09:44:40.112+0000] {logging_mixin.py:188} INFO - [2026-05-07T09:44:40.112+0000] {dag.py:3096} INFO - Sync 1 DAGs
[2026-05-07T09:44:40.128+0000] {logging_mixin.py:188} INFO - [2026-05-07T09:44:40.128+0000] {dag.py:3954} INFO - Setting next_dagrun for one_task_dag to 2026-05-07 00:00:00+00:00, run_after=2026-05-08 00:00:00+00:00
[2026-05-07T09:44:40.143+0000] {processor.py:183} INFO - Processing /workspaces/ETL-with-Airflow/airflow/dags/one_task_dag.py took 0.068 seconds
[2026-05-07T09:45:10.526+0000] {processor.py:161} INFO - Started process (PID=14672) to work on /workspaces/ETL-with-Airflow/airflow/dags/one_task_dag.py
[2026-05-07T09:45:10.527+0000] {processor.py:830} INFO - Processing file /workspaces/ETL-with-Airflow/airflow/dags/one_task_dag.py for tasks to queue
[2026-05-07T09:45:10.528+0000] {logging_mixin.py:188} INFO - [2026-05-07T09:45:10.528+0000] {dagbag.py:545} INFO - Filling up the DagBag from /workspaces/ETL-with-Airflow/airflow/dags/one_task_dag.py
[2026-05-07T09:45:10.537+0000] {processor.py:840} INFO - DAG(s) 'one_task_dag' retrieved from /workspaces/ETL-with-Airflow/airflow/dags/one_task_dag.py
[2026-05-07T09:45:10.555+0000] {logging_mixin.py:188} INFO - [2026-05-07T09:45:10.555+0000] {dag.py:3096} INFO - Sync 1 DAGs
[2026-05-07T09:45:10.571+0000] {logging_mixin.py:188} INFO - [2026-05-07T09:45:10.571+0000] {dag.py:3954} INFO - Setting next_dagrun for one_task_dag to 2026-05-07 00:00:00+00:00, run_after=2026-05-08 00:00:00+00:00
[2026-05-07T09:45:10.587+0000] {processor.py:183} INFO - Processing /workspaces/ETL-with-Airflow/airflow/dags/one_task_dag.py took 0.067 seconds
[2026-05-07T09:45:41.238+0000] {processor.py:161} INFO - Started process (PID=14924) to work on /workspaces/ETL-with-Airflow/airflow/dags/one_task_dag.py
[2026-05-07T09:45:41.239+0000] {processor.py:830} INFO - Processing file /workspaces/ETL-with-Airflow/airflow/dags/one_task_dag.py for tasks to queue
[2026-05-07T09:45:41.241+0000] {logging_mixin.py:188} INFO - [2026-05-07T09:45:41.240+0000] {dagbag.py:545} INFO - Filling up the DagBag from /workspaces/ETL-with-Airflow/airflow/dags/one_task_dag.py
[2026-05-07T09:45:41.250+0000] {processor.py:840} INFO - DAG(s) 'one_task_dag' retrieved from /workspaces/ETL-with-Airflow/airflow/dags/one_task_dag.py
[2026-05-07T09:45:41.268+0000] {logging_mixin.py:188} INFO - [2026-05-07T09:45:41.268+0000] {dag.py:3096} INFO - Sync 1 DAGs
[2026-05-07T09:45:41.283+0000] {logging_mixin.py:188} INFO - [2026-05-07T09:45:41.283+0000] {dag.py:3954} INFO - Setting next_dagrun for one_task_dag to 2026-05-07 00:00:00+00:00, run_after=2026-05-08 00:00:00+00:00
[2026-05-07T09:45:41.300+0000] {processor.py:183} INFO - Processing /workspaces/ETL-with-Airflow/airflow/dags/one_task_dag.py took 0.067 seconds
[2026-05-07T09:46:11.696+0000] {processor.py:161} INFO - Started process (PID=15205) to work on /workspaces/ETL-with-Airflow/airflow/dags/one_task_dag.py
[2026-05-07T09:46:11.697+0000] {processor.py:830} INFO - Processing file /workspaces/ETL-with-Airflow/airflow/dags/one_task_dag.py for tasks to queue
[2026-05-07T09:46:11.699+0000] {logging_mixin.py:188} INFO - [2026-05-07T09:46:11.698+0000] {dagbag.py:545} INFO - Filling up the DagBag from /workspaces/ETL-with-Airflow/airflow/dags/one_task_dag.py
[2026-05-07T09:46:11.708+0000] {processor.py:840} INFO - DAG(s) 'one_task_dag' retrieved from /workspaces/ETL-with-Airflow/airflow/dags/one_task_dag.py
[2026-05-07T09:46:11.725+0000] {logging_mixin.py:188} INFO - [2026-05-07T09:46:11.725+0000] {dag.py:3096} INFO - Sync 1 DAGs
[2026-05-07T09:46:11.741+0000] {logging_mixin.py:188} INFO - [2026-05-07T09:46:11.740+0000] {dag.py:3954} INFO - Setting next_dagrun for one_task_dag to 2026-05-07 00:00:00+00:00, run_after=2026-05-08 00:00:00+00:00
[2026-05-07T09:46:11.756+0000] {processor.py:183} INFO - Processing /workspaces/ETL-with-Airflow/airflow/dags/one_task_dag.py took 0.066 seconds
[2026-05-07T09:46:42.191+0000] {processor.py:161} INFO - Started process (PID=15441) to work on /workspaces/ETL-with-Airflow/airflow/dags/one_task_dag.py
[2026-05-07T09:46:42.192+0000] {processor.py:830} INFO - Processing file /workspaces/ETL-with-Airflow/airflow/dags/one_task_dag.py for tasks to queue
[2026-05-07T09:46:42.194+0000] {logging_mixin.py:188} INFO - [2026-05-07T09:46:42.194+0000] {dagbag.py:545} INFO - Filling up the DagBag from /workspaces/ETL-with-Airflow/airflow/dags/one_task_dag.py
[2026-05-07T09:46:42.203+0000] {processor.py:840} INFO - DAG(s) 'one_task_dag' retrieved from /workspaces/ETL-with-Airflow/airflow/dags/one_task_dag.py
[2026-05-07T09:46:42.225+0000] {logging_mixin.py:188} INFO - [2026-05-07T09:46:42.224+0000] {dag.py:3096} INFO - Sync 1 DAGs
[2026-05-07T09:46:42.241+0000] {logging_mixin.py:188} INFO - [2026-05-07T09:46:42.240+0000] {dag.py:3954} INFO - Setting next_dagrun for one_task_dag to 2026-05-07 00:00:00+00:00, run_after=2026-05-08 00:00:00+00:00
[2026-05-07T09:46:42.256+0000] {processor.py:183} INFO - Processing /workspaces/ETL-with-Airflow/airflow/dags/one_task_dag.py took 0.074 seconds
[2026-05-07T09:47:12.622+0000] {processor.py:161} INFO - Started process (PID=15709) to work on /workspaces/ETL-with-Airflow/airflow/dags/one_task_dag.py
[2026-05-07T09:47:12.623+0000] {processor.py:830} INFO - Processing file /workspaces/ETL-with-Airflow/airflow/dags/one_task_dag.py for tasks to queue
[2026-05-07T09:47:12.625+0000] {logging_mixin.py:188} INFO - [2026-05-07T09:47:12.624+0000] {dagbag.py:545} INFO - Filling up the DagBag from /workspaces/ETL-with-Airflow/airflow/dags/one_task_dag.py
[2026-05-07T09:47:12.634+0000] {processor.py:840} INFO - DAG(s) 'one_task_dag' retrieved from /workspaces/ETL-with-Airflow/airflow/dags/one_task_dag.py
[2026-05-07T09:47:12.652+0000] {logging_mixin.py:188} INFO - [2026-05-07T09:47:12.652+0000] {dag.py:3096} INFO - Sync 1 DAGs
[2026-05-07T09:47:12.667+0000] {logging_mixin.py:188} INFO - [2026-05-07T09:47:12.667+0000] {dag.py:3954} INFO - Setting next_dagrun for one_task_dag to 2026-05-07 00:00:00+00:00, run_after=2026-05-08 00:00:00+00:00
[2026-05-07T09:47:12.682+0000] {processor.py:183} INFO - Processing /workspaces/ETL-with-Airflow/airflow/dags/one_task_dag.py took 0.065 seconds
[2026-05-07T09:47:43.088+0000] {processor.py:161} INFO - Started process (PID=15924) to work on /workspaces/ETL-with-Airflow/airflow/dags/one_task_dag.py
[2026-05-07T09:47:43.089+0000] {processor.py:830} INFO - Processing file /workspaces/ETL-with-Airflow/airflow/dags/one_task_dag.py for tasks to queue
[2026-05-07T09:47:43.090+0000] {logging_mixin.py:188} INFO - [2026-05-07T09:47:43.090+0000] {dagbag.py:545} INFO - Filling up the DagBag from /workspaces/ETL-with-Airflow/airflow/dags/one_task_dag.py
[2026-05-07T09:47:43.100+0000] {processor.py:840} INFO - DAG(s) 'one_task_dag' retrieved from /workspaces/ETL-with-Airflow/airflow/dags/one_task_dag.py
[2026-05-07T09:47:43.117+0000] {logging_mixin.py:188} INFO - [2026-05-07T09:47:43.117+0000] {dag.py:3096} INFO - Sync 1 DAGs
[2026-05-07T09:47:43.132+0000] {logging_mixin.py:188} INFO - [2026-05-07T09:47:43.132+0000] {dag.py:3954} INFO - Setting next_dagrun for one_task_dag to 2026-05-07 00:00:00+00:00, run_after=2026-05-08 00:00:00+00:00
[2026-05-07T09:47:43.148+0000] {processor.py:183} INFO - Processing /workspaces/ETL-with-Airflow/airflow/dags/one_task_dag.py took 0.067 seconds
[2026-05-07T09:48:13.490+0000] {processor.py:161} INFO - Started process (PID=16139) to work on /workspaces/ETL-with-Airflow/airflow/dags/one_task_dag.py
[2026-05-07T09:48:13.490+0000] {processor.py:830} INFO - Processing file /workspaces/ETL-with-Airflow/airflow/dags/one_task_dag.py for tasks to queue
[2026-05-07T09:48:13.492+0000] {logging_mixin.py:188} INFO - [2026-05-07T09:48:13.491+0000] {dagbag.py:545} INFO - Filling up the DagBag from /workspaces/ETL-with-Airflow/airflow/dags/one_task_dag.py
[2026-05-07T09:48:13.500+0000] {processor.py:840} INFO - DAG(s) 'one_task_dag' retrieved from /workspaces/ETL-with-Airflow/airflow/dags/one_task_dag.py
[2026-05-07T09:48:13.518+0000] {logging_mixin.py:188} INFO - [2026-05-07T09:48:13.517+0000] {dag.py:3096} INFO - Sync 1 DAGs
[2026-05-07T09:48:13.533+0000] {logging_mixin.py:188} INFO - [2026-05-07T09:48:13.532+0000] {dag.py:3954} INFO - Setting next_dagrun for one_task_dag to 2026-05-07 00:00:00+00:00, run_after=2026-05-08 00:00:00+00:00
[2026-05-07T09:48:13.548+0000] {processor.py:183} INFO - Processing /workspaces/ETL-with-Airflow/airflow/dags/one_task_dag.py took 0.064 seconds
[2026-05-07T09:48:43.780+0000] {processor.py:161} INFO - Started process (PID=16346) to work on /workspaces/ETL-with-Airflow/airflow/dags/one_task_dag.py
[2026-05-07T09:48:43.781+0000] {processor.py:830} INFO - Processing file /workspaces/ETL-with-Airflow/airflow/dags/one_task_dag.py for tasks to queue
[2026-05-07T09:48:43.783+0000] {logging_mixin.py:188} INFO - [2026-05-07T09:48:43.782+0000] {dagbag.py:545} INFO - Filling up the DagBag from /workspaces/ETL-with-Airflow/airflow/dags/one_task_dag.py
[2026-05-07T09:48:43.792+0000] {processor.py:840} INFO - DAG(s) 'one_task_dag' retrieved from /workspaces/ETL-with-Airflow/airflow/dags/one_task_dag.py
[2026-05-07T09:48:43.810+0000] {logging_mixin.py:188} INFO - [2026-05-07T09:48:43.810+0000] {dag.py:3096} INFO - Sync 1 DAGs
[2026-05-07T09:48:43.826+0000] {logging_mixin.py:188} INFO - [2026-05-07T09:48:43.825+0000] {dag.py:3954} INFO - Setting next_dagrun for one_task_dag to 2026-05-07 00:00:00+00:00, run_after=2026-05-08 00:00:00+00:00
[2026-05-07T09:48:43.842+0000] {processor.py:183} INFO - Processing /workspaces/ETL-with-Airflow/airflow/dags/one_task_dag.py took 0.066 seconds
[2026-05-07T09:49:14.066+0000] {processor.py:161} INFO - Started process (PID=16700) to work on /workspaces/ETL-with-Airflow/airflow/dags/one_task_dag.py
[2026-05-07T09:49:14.067+0000] {processor.py:830} INFO - Processing file /workspaces/ETL-with-Airflow/airflow/dags/one_task_dag.py for tasks to queue
[2026-05-07T09:49:14.068+0000] {logging_mixin.py:188} INFO - [2026-05-07T09:49:14.068+0000] {dagbag.py:545} INFO - Filling up the DagBag from /workspaces/ETL-with-Airflow/airflow/dags/one_task_dag.py
[2026-05-07T09:49:14.077+0000] {processor.py:840} INFO - DAG(s) 'one_task_dag' retrieved from /workspaces/ETL-with-Airflow/airflow/dags/one_task_dag.py
[2026-05-07T09:49:14.094+0000] {logging_mixin.py:188} INFO - [2026-05-07T09:49:14.094+0000] {dag.py:3096} INFO - Sync 1 DAGs
[2026-05-07T09:49:14.109+0000] {logging_mixin.py:188} INFO - [2026-05-07T09:49:14.109+0000] {dag.py:3954} INFO - Setting next_dagrun for one_task_dag to 2026-05-07 00:00:00+00:00, run_after=2026-05-08 00:00:00+00:00
[2026-05-07T09:49:14.124+0000] {processor.py:183} INFO - Processing /workspaces/ETL-with-Airflow/airflow/dags/one_task_dag.py took 0.064 seconds
[2026-05-07T09:49:44.358+0000] {processor.py:161} INFO - Started process (PID=16939) to work on /workspaces/ETL-with-Airflow/airflow/dags/one_task_dag.py
[2026-05-07T09:49:44.359+0000] {processor.py:830} INFO - Processing file /workspaces/ETL-with-Airflow/airflow/dags/one_task_dag.py for tasks to queue
[2026-05-07T09:49:44.360+0000] {logging_mixin.py:188} INFO - [2026-05-07T09:49:44.360+0000] {dagbag.py:545} INFO - Filling up the DagBag from /workspaces/ETL-with-Airflow/airflow/dags/one_task_dag.py
[2026-05-07T09:49:44.369+0000] {processor.py:840} INFO - DAG(s) 'one_task_dag' retrieved from /workspaces/ETL-with-Airflow/airflow/dags/one_task_dag.py
[2026-05-07T09:49:44.386+0000] {logging_mixin.py:188} INFO - [2026-05-07T09:49:44.386+0000] {dag.py:3096} INFO - Sync 1 DAGs
[2026-05-07T09:49:44.401+0000] {logging_mixin.py:188} INFO - [2026-05-07T09:49:44.401+0000] {dag.py:3954} INFO - Setting next_dagrun for one_task_dag to 2026-05-07 00:00:00+00:00, run_after=2026-05-08 00:00:00+00:00
[2026-05-07T09:49:44.417+0000] {processor.py:183} INFO - Processing /workspaces/ETL-with-Airflow/airflow/dags/one_task_dag.py took 0.065 seconds
[2026-05-07T09:50:15.695+0000] {processor.py:161} INFO - Started process (PID=17286) to work on /workspaces/ETL-with-Airflow/airflow/dags/one_task_dag.py
[2026-05-07T09:50:15.695+0000] {processor.py:830} INFO - Processing file /workspaces/ETL-with-Airflow/airflow/dags/one_task_dag.py for tasks to queue
[2026-05-07T09:50:15.697+0000] {logging_mixin.py:188} INFO - [2026-05-07T09:50:15.697+0000] {dagbag.py:545} INFO - Filling up the DagBag from /workspaces/ETL-with-Airflow/airflow/dags/one_task_dag.py
[2026-05-07T09:50:15.706+0000] {processor.py:840} INFO - DAG(s) 'one_task_dag' retrieved from /workspaces/ETL-with-Airflow/airflow/dags/one_task_dag.py
[2026-05-07T09:50:15.727+0000] {logging_mixin.py:188} INFO - [2026-05-07T09:50:15.727+0000] {dag.py:3096} INFO - Sync 1 DAGs
[2026-05-07T09:50:15.744+0000] {logging_mixin.py:188} INFO - [2026-05-07T09:50:15.743+0000] {dag.py:3954} INFO - Setting next_dagrun for one_task_dag to 2026-05-07 00:00:00+00:00, run_after=2026-05-08 00:00:00+00:00
[2026-05-07T09:50:15.759+0000] {processor.py:183} INFO - Processing /workspaces/ETL-with-Airflow/airflow/dags/one_task_dag.py took 0.070 seconds
[2026-05-07T09:50:46.172+0000] {processor.py:161} INFO - Started process (PID=17511) to work on /workspaces/ETL-with-Airflow/airflow/dags/one_task_dag.py
[2026-05-07T09:50:46.173+0000] {processor.py:830} INFO - Processing file /workspaces/ETL-with-Airflow/airflow/dags/one_task_dag.py for tasks to queue
[2026-05-07T09:50:46.174+0000] {logging_mixin.py:188} INFO - [2026-05-07T09:50:46.174+0000] {dagbag.py:545} INFO - Filling up the DagBag from /workspaces/ETL-with-Airflow/airflow/dags/one_task_dag.py
[2026-05-07T09:50:46.183+0000] {processor.py:840} INFO - DAG(s) 'one_task_dag' retrieved from /workspaces/ETL-with-Airflow/airflow/dags/one_task_dag.py
[2026-05-07T09:50:46.203+0000] {logging_mixin.py:188} INFO - [2026-05-07T09:50:46.203+0000] {dag.py:3096} INFO - Sync 1 DAGs
[2026-05-07T09:50:46.219+0000] {logging_mixin.py:188} INFO - [2026-05-07T09:50:46.218+0000] {dag.py:3954} INFO - Setting next_dagrun for one_task_dag to 2026-05-07 00:00:00+00:00, run_after=2026-05-08 00:00:00+00:00
[2026-05-07T09:50:46.234+0000] {processor.py:183} INFO - Processing /workspaces/ETL-with-Airflow/airflow/dags/one_task_dag.py took 0.068 seconds
[2026-05-07T09:51:16.635+0000] {processor.py:161} INFO - Started process (PID=17725) to work on /workspaces/ETL-with-Airflow/airflow/dags/one_task_dag.py
[2026-05-07T09:51:16.636+0000] {processor.py:830} INFO - Processing file /workspaces/ETL-with-Airflow/airflow/dags/one_task_dag.py for tasks to queue
[2026-05-07T09:51:16.638+0000] {logging_mixin.py:188} INFO - [2026-05-07T09:51:16.637+0000] {dagbag.py:545} INFO - Filling up the DagBag from /workspaces/ETL-with-Airflow/airflow/dags/one_task_dag.py
[2026-05-07T09:51:16.648+0000] {processor.py:840} INFO - DAG(s) 'one_task_dag' retrieved from /workspaces/ETL-with-Airflow/airflow/dags/one_task_dag.py
[2026-05-07T09:51:16.666+0000] {logging_mixin.py:188} INFO - [2026-05-07T09:51:16.666+0000] {dag.py:3096} INFO - Sync 1 DAGs
[2026-05-07T09:51:16.682+0000] {logging_mixin.py:188} INFO - [2026-05-07T09:51:16.681+0000] {dag.py:3954} INFO - Setting next_dagrun for one_task_dag to 2026-05-07 00:00:00+00:00, run_after=2026-05-08 00:00:00+00:00
[2026-05-07T09:51:16.698+0000] {processor.py:183} INFO - Processing /workspaces/ETL-with-Airflow/airflow/dags/one_task_dag.py took 0.070 seconds
[2026-05-07T09:51:43.865+0000] {processor.py:161} INFO - Started process (PID=18106) to work on /workspaces/ETL-with-Airflow/airflow/dags/one_task_dag.py
[2026-05-07T09:51:43.866+0000] {processor.py:830} INFO - Processing file /workspaces/ETL-with-Airflow/airflow/dags/one_task_dag.py for tasks to queue
[2026-05-07T09:51:43.868+0000] {logging_mixin.py:188} INFO - [2026-05-07T09:51:43.868+0000] {dagbag.py:545} INFO - Filling up the DagBag from /workspaces/ETL-with-Airflow/airflow/dags/one_task_dag.py
[2026-05-07T09:51:43.883+0000] {processor.py:840} INFO - DAG(s) 'one_task_dag' retrieved from /workspaces/ETL-with-Airflow/airflow/dags/one_task_dag.py
[2026-05-07T09:51:43.933+0000] {logging_mixin.py:188} INFO - [2026-05-07T09:51:43.933+0000] {dag.py:3096} INFO - Sync 1 DAGs
[2026-05-07T09:51:43.974+0000] {logging_mixin.py:188} INFO - [2026-05-07T09:51:43.974+0000] {dag.py:3954} INFO - Setting next_dagrun for one_task_dag to 2026-05-07 00:00:00+00:00, run_after=2026-05-08 00:00:00+00:00
[2026-05-07T09:51:43.989+0000] {processor.py:183} INFO - Processing /workspaces/ETL-with-Airflow/airflow/dags/one_task_dag.py took 0.136 seconds
[2026-05-07T09:52:14.263+0000] {processor.py:161} INFO - Started process (PID=18327) to work on /workspaces/ETL-with-Airflow/airflow/dags/one_task_dag.py
[2026-05-07T09:52:14.264+0000] {processor.py:830} INFO - Processing file /workspaces/ETL-with-Airflow/airflow/dags/one_task_dag.py for tasks to queue
[2026-05-07T09:52:14.265+0000] {logging_mixin.py:188} INFO - [2026-05-07T09:52:14.265+0000] {dagbag.py:545} INFO - Filling up the DagBag from /workspaces/ETL-with-Airflow/airflow/dags/one_task_dag.py
[2026-05-07T09:52:14.274+0000] {processor.py:840} INFO - DAG(s) 'one_task_dag' retrieved from /workspaces/ETL-with-Airflow/airflow/dags/one_task_dag.py
[2026-05-07T09:52:14.291+0000] {logging_mixin.py:188} INFO - [2026-05-07T09:52:14.291+0000] {dag.py:3096} INFO - Sync 1 DAGs
[2026-05-07T09:52:14.307+0000] {logging_mixin.py:188} INFO - [2026-05-07T09:52:14.307+0000] {dag.py:3954} INFO - Setting next_dagrun for one_task_dag to 2026-05-07 00:00:00+00:00, run_after=2026-05-08 00:00:00+00:00
[2026-05-07T09:52:14.322+0000] {processor.py:183} INFO - Processing /workspaces/ETL-with-Airflow/airflow/dags/one_task_dag.py took 0.064 seconds
[2026-05-07T09:52:45.870+0000] {processor.py:161} INFO - Started process (PID=18646) to work on /workspaces/ETL-with-Airflow/airflow/dags/one_task_dag.py
[2026-05-07T09:52:45.870+0000] {processor.py:830} INFO - Processing file /workspaces/ETL-with-Airflow/airflow/dags/one_task_dag.py for tasks to queue
[2026-05-07T09:52:45.872+0000] {logging_mixin.py:188} INFO - [2026-05-07T09:52:45.871+0000] {dagbag.py:545} INFO - Filling up the DagBag from /workspaces/ETL-with-Airflow/airflow/dags/one_task_dag.py
[2026-05-07T09:52:45.881+0000] {processor.py:840} INFO - DAG(s) 'one_task_dag' retrieved from /workspaces/ETL-with-Airflow/airflow/dags/one_task_dag.py
[2026-05-07T09:52:45.899+0000] {logging_mixin.py:188} INFO - [2026-05-07T09:52:45.899+0000] {dag.py:3096} INFO - Sync 1 DAGs
[2026-05-07T09:52:45.914+0000] {logging_mixin.py:188} INFO - [2026-05-07T09:52:45.914+0000] {dag.py:3954} INFO - Setting next_dagrun for one_task_dag to 2026-05-07 00:00:00+00:00, run_after=2026-05-08 00:00:00+00:00
[2026-05-07T09:52:45.930+0000] {processor.py:183} INFO - Processing /workspaces/ETL-with-Airflow/airflow/dags/one_task_dag.py took 0.066 seconds
[2026-05-07T09:53:16.254+0000] {processor.py:161} INFO - Started process (PID=18954) to work on /workspaces/ETL-with-Airflow/airflow/dags/one_task_dag.py
[2026-05-07T09:53:16.254+0000] {processor.py:830} INFO - Processing file /workspaces/ETL-with-Airflow/airflow/dags/one_task_dag.py for tasks to queue
[2026-05-07T09:53:16.256+0000] {logging_mixin.py:188} INFO - [2026-05-07T09:53:16.255+0000] {dagbag.py:545} INFO - Filling up the DagBag from /workspaces/ETL-with-Airflow/airflow/dags/one_task_dag.py
[2026-05-07T09:53:16.265+0000] {processor.py:840} INFO - DAG(s) 'one_task_dag' retrieved from /workspaces/ETL-with-Airflow/airflow/dags/one_task_dag.py
[2026-05-07T09:53:16.283+0000] {logging_mixin.py:188} INFO - [2026-05-07T09:53:16.283+0000] {dag.py:3096} INFO - Sync 1 DAGs
[2026-05-07T09:53:16.299+0000] {logging_mixin.py:188} INFO - [2026-05-07T09:53:16.298+0000] {dag.py:3954} INFO - Setting next_dagrun for one_task_dag to 2026-05-07 00:00:00+00:00, run_after=2026-05-08 00:00:00+00:00
[2026-05-07T09:53:16.315+0000] {processor.py:183} INFO - Processing /workspaces/ETL-with-Airflow/airflow/dags/one_task_dag.py took 0.065 seconds
[2026-05-07T09:53:47.977+0000] {processor.py:161} INFO - Started process (PID=19170) to work on /workspaces/ETL-with-Airflow/airflow/dags/one_task_dag.py
[2026-05-07T09:53:47.977+0000] {processor.py:830} INFO - Processing file /workspaces/ETL-with-Airflow/airflow/dags/one_task_dag.py for tasks to queue
[2026-05-07T09:53:47.979+0000] {logging_mixin.py:188} INFO - [2026-05-07T09:53:47.978+0000] {dagbag.py:545} INFO - Filling up the DagBag from /workspaces/ETL-with-Airflow/airflow/dags/one_task_dag.py
[2026-05-07T09:53:47.988+0000] {processor.py:840} INFO - DAG(s) 'one_task_dag' retrieved from /workspaces/ETL-with-Airflow/airflow/dags/one_task_dag.py
[2026-05-07T09:53:48.005+0000] {logging_mixin.py:188} INFO - [2026-05-07T09:53:48.005+0000] {dag.py:3096} INFO - Sync 1 DAGs
[2026-05-07T09:53:48.021+0000] {logging_mixin.py:188} INFO - [2026-05-07T09:53:48.021+0000] {dag.py:3954} INFO - Setting next_dagrun for one_task_dag to 2026-05-07 00:00:00+00:00, run_after=2026-05-08 00:00:00+00:00
[2026-05-07T09:53:48.036+0000] {processor.py:183} INFO - Processing /workspaces/ETL-with-Airflow/airflow/dags/one_task_dag.py took 0.065 seconds
[2026-05-07T09:54:18.384+0000] {processor.py:161} INFO - Started process (PID=19404) to work on /workspaces/ETL-with-Airflow/airflow/dags/one_task_dag.py
[2026-05-07T09:54:18.385+0000] {processor.py:830} INFO - Processing file /workspaces/ETL-with-Airflow/airflow/dags/one_task_dag.py for tasks to queue
[2026-05-07T09:54:18.386+0000] {logging_mixin.py:188} INFO - [2026-05-07T09:54:18.386+0000] {dagbag.py:545} INFO - Filling up the DagBag from /workspaces/ETL-with-Airflow/airflow/dags/one_task_dag.py
[2026-05-07T09:54:18.395+0000] {processor.py:840} INFO - DAG(s) 'one_task_dag' retrieved from /workspaces/ETL-with-Airflow/airflow/dags/one_task_dag.py
[2026-05-07T09:54:18.413+0000] {logging_mixin.py:188} INFO - [2026-05-07T09:54:18.412+0000] {dag.py:3096} INFO - Sync 1 DAGs
[2026-05-07T09:54:18.429+0000] {logging_mixin.py:188} INFO - [2026-05-07T09:54:18.428+0000] {dag.py:3954} INFO - Setting next_dagrun for one_task_dag to 2026-05-07 00:00:00+00:00, run_after=2026-05-08 00:00:00+00:00
[2026-05-07T09:54:18.445+0000] {processor.py:183} INFO - Processing /workspaces/ETL-with-Airflow/airflow/dags/one_task_dag.py took 0.067 seconds
[2026-05-07T09:54:49.821+0000] {processor.py:161} INFO - Started process (PID=19680) to work on /workspaces/ETL-with-Airflow/airflow/dags/one_task_dag.py
[2026-05-07T09:54:49.822+0000] {processor.py:830} INFO - Processing file /workspaces/ETL-with-Airflow/airflow/dags/one_task_dag.py for tasks to queue
[2026-05-07T09:54:49.824+0000] {logging_mixin.py:188} INFO - [2026-05-07T09:54:49.823+0000] {dagbag.py:545} INFO - Filling up the DagBag from /workspaces/ETL-with-Airflow/airflow/dags/one_task_dag.py
[2026-05-07T09:54:49.833+0000] {processor.py:840} INFO - DAG(s) 'one_task_dag' retrieved from /workspaces/ETL-with-Airflow/airflow/dags/one_task_dag.py
[2026-05-07T09:54:49.852+0000] {logging_mixin.py:188} INFO - [2026-05-07T09:54:49.852+0000] {dag.py:3096} INFO - Sync 1 DAGs
[2026-05-07T09:54:49.868+0000] {logging_mixin.py:188} INFO - [2026-05-07T09:54:49.867+0000] {dag.py:3954} INFO - Setting next_dagrun for one_task_dag to 2026-05-07 00:00:00+00:00, run_after=2026-05-08 00:00:00+00:00
[2026-05-07T09:54:49.883+0000] {processor.py:183} INFO - Processing /workspaces/ETL-with-Airflow/airflow/dags/one_task_dag.py took 0.066 seconds
[2026-05-07T09:55:38.740+0000] {processor.py:161} INFO - Started process (PID=20269) to work on /workspaces/ETL-with-Airflow/airflow/dags/one_task_dag.py
[2026-05-07T09:55:38.741+0000] {processor.py:830} INFO - Processing file /workspaces/ETL-with-Airflow/airflow/dags/one_task_dag.py for tasks to queue
[2026-05-07T09:55:38.742+0000] {logging_mixin.py:188} INFO - [2026-05-07T09:55:38.742+0000] {dagbag.py:545} INFO - Filling up the DagBag from /workspaces/ETL-with-Airflow/airflow/dags/one_task_dag.py
[2026-05-07T09:55:38.752+0000] {processor.py:840} INFO - DAG(s) 'one_task_dag' retrieved from /workspaces/ETL-with-Airflow/airflow/dags/one_task_dag.py
[2026-05-07T09:55:38.770+0000] {logging_mixin.py:188} INFO - [2026-05-07T09:55:38.769+0000] {dag.py:3096} INFO - Sync 1 DAGs
[2026-05-07T09:55:38.785+0000] {logging_mixin.py:188} INFO - [2026-05-07T09:55:38.785+0000] {dag.py:3954} INFO - Setting next_dagrun for one_task_dag to 2026-05-07 00:00:00+00:00, run_after=2026-05-08 00:00:00+00:00
[2026-05-07T09:55:38.801+0000] {processor.py:183} INFO - Processing /workspaces/ETL-with-Airflow/airflow/dags/one_task_dag.py took 0.065 seconds
[2026-05-07T09:56:16.231+0000] {processor.py:161} INFO - Started process (PID=20541) to work on /workspaces/ETL-with-Airflow/airflow/dags/one_task_dag.py
[2026-05-07T09:56:16.232+0000] {processor.py:830} INFO - Processing file /workspaces/ETL-with-Airflow/airflow/dags/one_task_dag.py for tasks to queue
[2026-05-07T09:56:16.233+0000] {logging_mixin.py:188} INFO - [2026-05-07T09:56:16.233+0000] {dagbag.py:545} INFO - Filling up the DagBag from /workspaces/ETL-with-Airflow/airflow/dags/one_task_dag.py
[2026-05-07T09:56:16.243+0000] {processor.py:840} INFO - DAG(s) 'one_task_dag' retrieved from /workspaces/ETL-with-Airflow/airflow/dags/one_task_dag.py
[2026-05-07T09:56:16.261+0000] {logging_mixin.py:188} INFO - [2026-05-07T09:56:16.261+0000] {dag.py:3096} INFO - Sync 1 DAGs
[2026-05-07T09:56:16.277+0000] {logging_mixin.py:188} INFO - [2026-05-07T09:56:16.277+0000] {dag.py:3954} INFO - Setting next_dagrun for one_task_dag to 2026-05-07 00:00:00+00:00, run_after=2026-05-08 00:00:00+00:00
[2026-05-07T09:56:16.294+0000] {processor.py:183} INFO - Processing /workspaces/ETL-with-Airflow/airflow/dags/one_task_dag.py took 0.068 seconds
[2026-05-07T09:56:46.623+0000] {processor.py:161} INFO - Started process (PID=20789) to work on /workspaces/ETL-with-Airflow/airflow/dags/one_task_dag.py
[2026-05-07T09:56:46.624+0000] {processor.py:830} INFO - Processing file /workspaces/ETL-with-Airflow/airflow/dags/one_task_dag.py for tasks to queue
[2026-05-07T09:56:46.625+0000] {logging_mixin.py:188} INFO - [2026-05-07T09:56:46.625+0000] {dagbag.py:545} INFO - Filling up the DagBag from /workspaces/ETL-with-Airflow/airflow/dags/one_task_dag.py
[2026-05-07T09:56:46.635+0000] {processor.py:840} INFO - DAG(s) 'one_task_dag' retrieved from /workspaces/ETL-with-Airflow/airflow/dags/one_task_dag.py
[2026-05-07T09:56:46.653+0000] {logging_mixin.py:188} INFO - [2026-05-07T09:56:46.653+0000] {dag.py:3096} INFO - Sync 1 DAGs
[2026-05-07T09:56:46.668+0000] {logging_mixin.py:188} INFO - [2026-05-07T09:56:46.668+0000] {dag.py:3954} INFO - Setting next_dagrun for one_task_dag to 2026-05-07 00:00:00+00:00, run_after=2026-05-08 00:00:00+00:00
[2026-05-07T09:56:46.683+0000] {processor.py:183} INFO - Processing /workspaces/ETL-with-Airflow/airflow/dags/one_task_dag.py took 0.065 seconds
[2026-05-07T09:57:17.061+0000] {processor.py:161} INFO - Started process (PID=21009) to work on /workspaces/ETL-with-Airflow/airflow/dags/one_task_dag.py
[2026-05-07T09:57:17.062+0000] {processor.py:830} INFO - Processing file /workspaces/ETL-with-Airflow/airflow/dags/one_task_dag.py for tasks to queue
[2026-05-07T09:57:17.064+0000] {logging_mixin.py:188} INFO - [2026-05-07T09:57:17.064+0000] {dagbag.py:545} INFO - Filling up the DagBag from /workspaces/ETL-with-Airflow/airflow/dags/one_task_dag.py
[2026-05-07T09:57:17.078+0000] {processor.py:840} INFO - DAG(s) 'one_task_dag' retrieved from /workspaces/ETL-with-Airflow/airflow/dags/one_task_dag.py
[2026-05-07T09:57:17.102+0000] {logging_mixin.py:188} INFO - [2026-05-07T09:57:17.102+0000] {dag.py:3096} INFO - Sync 1 DAGs
[2026-05-07T09:57:17.117+0000] {logging_mixin.py:188} INFO - [2026-05-07T09:57:17.117+0000] {dag.py:3954} INFO - Setting next_dagrun for one_task_dag to 2026-05-07 00:00:00+00:00, run_after=2026-05-08 00:00:00+00:00
[2026-05-07T09:57:17.135+0000] {processor.py:183} INFO - Processing /workspaces/ETL-with-Airflow/airflow/dags/one_task_dag.py took 0.080 seconds
[2026-05-07T09:57:49.745+0000] {processor.py:161} INFO - Started process (PID=21254) to work on /workspaces/ETL-with-Airflow/airflow/dags/one_task_dag.py
[2026-05-07T09:57:49.746+0000] {processor.py:830} INFO - Processing file /workspaces/ETL-with-Airflow/airflow/dags/one_task_dag.py for tasks to queue
[2026-05-07T09:57:49.747+0000] {logging_mixin.py:188} INFO - [2026-05-07T09:57:49.747+0000] {dagbag.py:545} INFO - Filling up the DagBag from /workspaces/ETL-with-Airflow/airflow/dags/one_task_dag.py
[2026-05-07T09:57:49.756+0000] {processor.py:840} INFO - DAG(s) 'one_task_dag' retrieved from /workspaces/ETL-with-Airflow/airflow/dags/one_task_dag.py
[2026-05-07T09:57:49.773+0000] {logging_mixin.py:188} INFO - [2026-05-07T09:57:49.773+0000] {dag.py:3096} INFO - Sync 1 DAGs
[2026-05-07T09:57:49.789+0000] {logging_mixin.py:188} INFO - [2026-05-07T09:57:49.789+0000] {dag.py:3954} INFO - Setting next_dagrun for one_task_dag to 2026-05-07 00:00:00+00:00, run_after=2026-05-08 00:00:00+00:00
[2026-05-07T09:57:49.804+0000] {processor.py:183} INFO - Processing /workspaces/ETL-with-Airflow/airflow/dags/one_task_dag.py took 0.064 seconds
[2026-05-07T09:58:20.141+0000] {processor.py:161} INFO - Started process (PID=21540) to work on /workspaces/ETL-with-Airflow/airflow/dags/one_task_dag.py
[2026-05-07T09:58:20.142+0000] {processor.py:830} INFO - Processing file /workspaces/ETL-with-Airflow/airflow/dags/one_task_dag.py for tasks to queue
[2026-05-07T09:58:20.143+0000] {logging_mixin.py:188} INFO - [2026-05-07T09:58:20.143+0000] {dagbag.py:545} INFO - Filling up the DagBag from /workspaces/ETL-with-Airflow/airflow/dags/one_task_dag.py
[2026-05-07T09:58:20.152+0000] {processor.py:840} INFO - DAG(s) 'one_task_dag' retrieved from /workspaces/ETL-with-Airflow/airflow/dags/one_task_dag.py
[2026-05-07T09:58:20.170+0000] {logging_mixin.py:188} INFO - [2026-05-07T09:58:20.170+0000] {dag.py:3096} INFO - Sync 1 DAGs
[2026-05-07T09:58:20.185+0000] {logging_mixin.py:188} INFO - [2026-05-07T09:58:20.185+0000] {dag.py:3954} INFO - Setting next_dagrun for one_task_dag to 2026-05-07 00:00:00+00:00, run_after=2026-05-08 00:00:00+00:00
[2026-05-07T09:58:20.201+0000] {processor.py:183} INFO - Processing /workspaces/ETL-with-Airflow/airflow/dags/one_task_dag.py took 0.065 seconds
[2026-05-07T09:58:50.943+0000] {processor.py:161} INFO - Started process (PID=21746) to work on /workspaces/ETL-with-Airflow/airflow/dags/one_task_dag.py
[2026-05-07T09:58:50.943+0000] {processor.py:830} INFO - Processing file /workspaces/ETL-with-Airflow/airflow/dags/one_task_dag.py for tasks to queue
[2026-05-07T09:58:50.945+0000] {logging_mixin.py:188} INFO - [2026-05-07T09:58:50.945+0000] {dagbag.py:545} INFO - Filling up the DagBag from /workspaces/ETL-with-Airflow/airflow/dags/one_task_dag.py
[2026-05-07T09:58:50.954+0000] {processor.py:840} INFO - DAG(s) 'one_task_dag' retrieved from /workspaces/ETL-with-Airflow/airflow/dags/one_task_dag.py
[2026-05-07T09:58:50.972+0000] {logging_mixin.py:188} INFO - [2026-05-07T09:58:50.972+0000] {dag.py:3096} INFO - Sync 1 DAGs
[2026-05-07T09:58:50.996+0000] {logging_mixin.py:188} INFO - [2026-05-07T09:58:50.996+0000] {dag.py:3954} INFO - Setting next_dagrun for one_task_dag to 2026-05-07 00:00:00+00:00, run_after=2026-05-08 00:00:00+00:00
[2026-05-07T09:58:51.020+0000] {processor.py:183} INFO - Processing /workspaces/ETL-with-Airflow/airflow/dags/one_task_dag.py took 0.082 seconds
[2026-05-07T09:59:21.733+0000] {processor.py:161} INFO - Started process (PID=21964) to work on /workspaces/ETL-with-Airflow/airflow/dags/one_task_dag.py
[2026-05-07T09:59:21.734+0000] {processor.py:830} INFO - Processing file /workspaces/ETL-with-Airflow/airflow/dags/one_task_dag.py for tasks to queue
[2026-05-07T09:59:21.736+0000] {logging_mixin.py:188} INFO - [2026-05-07T09:59:21.735+0000] {dagbag.py:545} INFO - Filling up the DagBag from /workspaces/ETL-with-Airflow/airflow/dags/one_task_dag.py
[2026-05-07T09:59:21.745+0000] {processor.py:840} INFO - DAG(s) 'one_task_dag' retrieved from /workspaces/ETL-with-Airflow/airflow/dags/one_task_dag.py
[2026-05-07T09:59:21.763+0000] {logging_mixin.py:188} INFO - [2026-05-07T09:59:21.763+0000] {dag.py:3096} INFO - Sync 1 DAGs
[2026-05-07T09:59:21.779+0000] {logging_mixin.py:188} INFO - [2026-05-07T09:59:21.778+0000] {dag.py:3954} INFO - Setting next_dagrun for one_task_dag to 2026-05-07 00:00:00+00:00, run_after=2026-05-08 00:00:00+00:00
[2026-05-07T09:59:21.794+0000] {processor.py:183} INFO - Processing /workspaces/ETL-with-Airflow/airflow/dags/one_task_dag.py took 0.065 seconds
[2026-05-07T09:59:51.888+0000] {processor.py:161} INFO - Started process (PID=22186) to work on /workspaces/ETL-with-Airflow/airflow/dags/one_task_dag.py
[2026-05-07T09:59:51.889+0000] {processor.py:830} INFO - Processing file /workspaces/ETL-with-Airflow/airflow/dags/one_task_dag.py for tasks to queue
[2026-05-07T09:59:51.891+0000] {logging_mixin.py:188} INFO - [2026-05-07T09:59:51.890+0000] {dagbag.py:545} INFO - Filling up the DagBag from /workspaces/ETL-with-Airflow/airflow/dags/one_task_dag.py
[2026-05-07T09:59:51.903+0000] {processor.py:840} INFO - DAG(s) 'one_task_dag' retrieved from /workspaces/ETL-with-Airflow/airflow/dags/one_task_dag.py
[2026-05-07T09:59:51.921+0000] {logging_mixin.py:188} INFO - [2026-05-07T09:59:51.921+0000] {dag.py:3096} INFO - Sync 1 DAGs
[2026-05-07T09:59:51.936+0000] {logging_mixin.py:188} INFO - [2026-05-07T09:59:51.936+0000] {dag.py:3954} INFO - Setting next_dagrun for one_task_dag to 2026-05-07 00:00:00+00:00, run_after=2026-05-08 00:00:00+00:00
[2026-05-07T09:59:51.953+0000] {processor.py:183} INFO - Processing /workspaces/ETL-with-Airflow/airflow/dags/one_task_dag.py took 0.070 seconds
[2026-05-07T10:00:23.244+0000] {processor.py:161} INFO - Started process (PID=22475) to work on /workspaces/ETL-with-Airflow/airflow/dags/one_task_dag.py
[2026-05-07T10:00:23.245+0000] {processor.py:830} INFO - Processing file /workspaces/ETL-with-Airflow/airflow/dags/one_task_dag.py for tasks to queue
[2026-05-07T10:00:23.247+0000] {logging_mixin.py:188} INFO - [2026-05-07T10:00:23.246+0000] {dagbag.py:545} INFO - Filling up the DagBag from /workspaces/ETL-with-Airflow/airflow/dags/one_task_dag.py
[2026-05-07T10:00:23.256+0000] {processor.py:840} INFO - DAG(s) 'one_task_dag' retrieved from /workspaces/ETL-with-Airflow/airflow/dags/one_task_dag.py
[2026-05-07T10:00:23.277+0000] {logging_mixin.py:188} INFO - [2026-05-07T10:00:23.276+0000] {dag.py:3096} INFO - Sync 1 DAGs
[2026-05-07T10:00:23.300+0000] {logging_mixin.py:188} INFO - [2026-05-07T10:00:23.299+0000] {dag.py:3954} INFO - Setting next_dagrun for one_task_dag to 2026-05-07 00:00:00+00:00, run_after=2026-05-08 00:00:00+00:00
[2026-05-07T10:00:23.338+0000] {processor.py:183} INFO - Processing /workspaces/ETL-with-Airflow/airflow/dags/one_task_dag.py took 0.100 seconds
[2026-05-07T10:00:54.429+0000] {processor.py:161} INFO - Started process (PID=22718) to work on /workspaces/ETL-with-Airflow/airflow/dags/one_task_dag.py
[2026-05-07T10:00:54.429+0000] {processor.py:830} INFO - Processing file /workspaces/ETL-with-Airflow/airflow/dags/one_task_dag.py for tasks to queue
[2026-05-07T10:00:54.431+0000] {logging_mixin.py:188} INFO - [2026-05-07T10:00:54.431+0000] {dagbag.py:545} INFO - Filling up the DagBag from /workspaces/ETL-with-Airflow/airflow/dags/one_task_dag.py
[2026-05-07T10:00:54.441+0000] {processor.py:840} INFO - DAG(s) 'one_task_dag' retrieved from /workspaces/ETL-with-Airflow/airflow/dags/one_task_dag.py
[2026-05-07T10:00:54.460+0000] {logging_mixin.py:188} INFO - [2026-05-07T10:00:54.460+0000] {dag.py:3096} INFO - Sync 1 DAGs
[2026-05-07T10:00:54.477+0000] {logging_mixin.py:188} INFO - [2026-05-07T10:00:54.477+0000] {dag.py:3954} INFO - Setting next_dagrun for one_task_dag to 2026-05-07 00:00:00+00:00, run_after=2026-05-08 00:00:00+00:00
[2026-05-07T10:00:54.492+0000] {processor.py:183} INFO - Processing /workspaces/ETL-with-Airflow/airflow/dags/one_task_dag.py took 0.068 seconds
[2026-05-07T10:01:24.693+0000] {processor.py:161} INFO - Started process (PID=22935) to work on /workspaces/ETL-with-Airflow/airflow/dags/one_task_dag.py
[2026-05-07T10:01:24.694+0000] {processor.py:830} INFO - Processing file /workspaces/ETL-with-Airflow/airflow/dags/one_task_dag.py for tasks to queue
[2026-05-07T10:01:24.695+0000] {logging_mixin.py:188} INFO - [2026-05-07T10:01:24.695+0000] {dagbag.py:545} INFO - Filling up the DagBag from /workspaces/ETL-with-Airflow/airflow/dags/one_task_dag.py
[2026-05-07T10:01:24.704+0000] {processor.py:840} INFO - DAG(s) 'one_task_dag' retrieved from /workspaces/ETL-with-Airflow/airflow/dags/one_task_dag.py
[2026-05-07T10:01:24.722+0000] {logging_mixin.py:188} INFO - [2026-05-07T10:01:24.721+0000] {dag.py:3096} INFO - Sync 1 DAGs
[2026-05-07T10:01:24.742+0000] {logging_mixin.py:188} INFO - [2026-05-07T10:01:24.742+0000] {dag.py:3954} INFO - Setting next_dagrun for one_task_dag to 2026-05-07 00:00:00+00:00, run_after=2026-05-08 00:00:00+00:00
[2026-05-07T10:01:24.760+0000] {processor.py:183} INFO - Processing /workspaces/ETL-with-Airflow/airflow/dags/one_task_dag.py took 0.071 seconds
[2026-05-07T10:01:55.388+0000] {processor.py:161} INFO - Started process (PID=23164) to work on /workspaces/ETL-with-Airflow/airflow/dags/one_task_dag.py
[2026-05-07T10:01:55.388+0000] {processor.py:830} INFO - Processing file /workspaces/ETL-with-Airflow/airflow/dags/one_task_dag.py for tasks to queue
[2026-05-07T10:01:55.390+0000] {logging_mixin.py:188} INFO - [2026-05-07T10:01:55.389+0000] {dagbag.py:545} INFO - Filling up the DagBag from /workspaces/ETL-with-Airflow/airflow/dags/one_task_dag.py
[2026-05-07T10:01:55.399+0000] {processor.py:840} INFO - DAG(s) 'one_task_dag' retrieved from /workspaces/ETL-with-Airflow/airflow/dags/one_task_dag.py
[2026-05-07T10:01:55.417+0000] {logging_mixin.py:188} INFO - [2026-05-07T10:01:55.417+0000] {dag.py:3096} INFO - Sync 1 DAGs
[2026-05-07T10:01:55.434+0000] {logging_mixin.py:188} INFO - [2026-05-07T10:01:55.434+0000] {dag.py:3954} INFO - Setting next_dagrun for one_task_dag to 2026-05-07 00:00:00+00:00, run_after=2026-05-08 00:00:00+00:00
[2026-05-07T10:01:55.450+0000] {processor.py:183} INFO - Processing /workspaces/ETL-with-Airflow/airflow/dags/one_task_dag.py took 0.068 seconds
[2026-05-07T10:02:26.079+0000] {processor.py:161} INFO - Started process (PID=23440) to work on /workspaces/ETL-with-Airflow/airflow/dags/one_task_dag.py
[2026-05-07T10:02:26.080+0000] {processor.py:830} INFO - Processing file /workspaces/ETL-with-Airflow/airflow/dags/one_task_dag.py for tasks to queue
[2026-05-07T10:02:26.081+0000] {logging_mixin.py:188} INFO - [2026-05-07T10:02:26.081+0000] {dagbag.py:545} INFO - Filling up the DagBag from /workspaces/ETL-with-Airflow/airflow/dags/one_task_dag.py
[2026-05-07T10:02:26.091+0000] {processor.py:840} INFO - DAG(s) 'one_task_dag' retrieved from /workspaces/ETL-with-Airflow/airflow/dags/one_task_dag.py
[2026-05-07T10:02:26.108+0000] {logging_mixin.py:188} INFO - [2026-05-07T10:02:26.108+0000] {dag.py:3096} INFO - Sync 1 DAGs
[2026-05-07T10:02:26.124+0000] {logging_mixin.py:188} INFO - [2026-05-07T10:02:26.124+0000] {dag.py:3954} INFO - Setting next_dagrun for one_task_dag to 2026-05-07 00:00:00+00:00, run_after=2026-05-08 00:00:00+00:00
[2026-05-07T10:02:26.150+0000] {processor.py:183} INFO - Processing /workspaces/ETL-with-Airflow/airflow/dags/one_task_dag.py took 0.076 seconds
[2026-05-07T10:02:56.788+0000] {processor.py:161} INFO - Started process (PID=23651) to work on /workspaces/ETL-with-Airflow/airflow/dags/one_task_dag.py
[2026-05-07T10:02:56.789+0000] {processor.py:830} INFO - Processing file /workspaces/ETL-with-Airflow/airflow/dags/one_task_dag.py for tasks to queue
[2026-05-07T10:02:56.791+0000] {logging_mixin.py:188} INFO - [2026-05-07T10:02:56.791+0000] {dagbag.py:545} INFO - Filling up the DagBag from /workspaces/ETL-with-Airflow/airflow/dags/one_task_dag.py
[2026-05-07T10:02:56.804+0000] {processor.py:840} INFO - DAG(s) 'one_task_dag' retrieved from /workspaces/ETL-with-Airflow/airflow/dags/one_task_dag.py
[2026-05-07T10:02:56.821+0000] {logging_mixin.py:188} INFO - [2026-05-07T10:02:56.821+0000] {dag.py:3096} INFO - Sync 1 DAGs
[2026-05-07T10:02:56.841+0000] {logging_mixin.py:188} INFO - [2026-05-07T10:02:56.841+0000] {dag.py:3954} INFO - Setting next_dagrun for one_task_dag to 2026-05-07 00:00:00+00:00, run_after=2026-05-08 00:00:00+00:00
[2026-05-07T10:02:56.858+0000] {processor.py:183} INFO - Processing /workspaces/ETL-with-Airflow/airflow/dags/one_task_dag.py took 0.079 seconds
[2026-05-07T10:03:27.185+0000] {processor.py:161} INFO - Started process (PID=23934) to work on /workspaces/ETL-with-Airflow/airflow/dags/one_task_dag.py
[2026-05-07T10:03:27.186+0000] {processor.py:830} INFO - Processing file /workspaces/ETL-with-Airflow/airflow/dags/one_task_dag.py for tasks to queue
[2026-05-07T10:03:27.188+0000] {logging_mixin.py:188} INFO - [2026-05-07T10:03:27.187+0000] {dagbag.py:545} INFO - Filling up the DagBag from /workspaces/ETL-with-Airflow/airflow/dags/one_task_dag.py
[2026-05-07T10:03:27.197+0000] {processor.py:840} INFO - DAG(s) 'one_task_dag' retrieved from /workspaces/ETL-with-Airflow/airflow/dags/one_task_dag.py
[2026-05-07T10:03:27.215+0000] {logging_mixin.py:188} INFO - [2026-05-07T10:03:27.215+0000] {dag.py:3096} INFO - Sync 1 DAGs
[2026-05-07T10:03:27.232+0000] {logging_mixin.py:188} INFO - [2026-05-07T10:03:27.232+0000] {dag.py:3954} INFO - Setting next_dagrun for one_task_dag to 2026-05-07 00:00:00+00:00, run_after=2026-05-08 00:00:00+00:00
[2026-05-07T10:03:27.250+0000] {processor.py:183} INFO - Processing /workspaces/ETL-with-Airflow/airflow/dags/one_task_dag.py took 0.070 seconds
[2026-05-07T10:03:57.875+0000] {processor.py:161} INFO - Started process (PID=24257) to work on /workspaces/ETL-with-Airflow/airflow/dags/one_task_dag.py
[2026-05-07T10:03:57.876+0000] {processor.py:830} INFO - Processing file /workspaces/ETL-with-Airflow/airflow/dags/one_task_dag.py for tasks to queue
[2026-05-07T10:03:57.878+0000] {logging_mixin.py:188} INFO - [2026-05-07T10:03:57.877+0000] {dagbag.py:545} INFO - Filling up the DagBag from /workspaces/ETL-with-Airflow/airflow/dags/one_task_dag.py
[2026-05-07T10:03:57.887+0000] {processor.py:840} INFO - DAG(s) 'one_task_dag' retrieved from /workspaces/ETL-with-Airflow/airflow/dags/one_task_dag.py
[2026-05-07T10:03:57.907+0000] {logging_mixin.py:188} INFO - [2026-05-07T10:03:57.907+0000] {dag.py:3096} INFO - Sync 1 DAGs
[2026-05-07T10:03:57.926+0000] {logging_mixin.py:188} INFO - [2026-05-07T10:03:57.925+0000] {dag.py:3954} INFO - Setting next_dagrun for one_task_dag to 2026-05-07 00:00:00+00:00, run_after=2026-05-08 00:00:00+00:00
[2026-05-07T10:03:57.952+0000] {processor.py:183} INFO - Processing /workspaces/ETL-with-Airflow/airflow/dags/one_task_dag.py took 0.082 seconds
[2026-05-07T10:04:28.958+0000] {processor.py:161} INFO - Started process (PID=24484) to work on /workspaces/ETL-with-Airflow/airflow/dags/one_task_dag.py
[2026-05-07T10:04:28.959+0000] {processor.py:830} INFO - Processing file /workspaces/ETL-with-Airflow/airflow/dags/one_task_dag.py for tasks to queue
[2026-05-07T10:04:28.960+0000] {logging_mixin.py:188} INFO - [2026-05-07T10:04:28.960+0000] {dagbag.py:545} INFO - Filling up the DagBag from /workspaces/ETL-with-Airflow/airflow/dags/one_task_dag.py
[2026-05-07T10:04:28.969+0000] {processor.py:840} INFO - DAG(s) 'one_task_dag' retrieved from /workspaces/ETL-with-Airflow/airflow/dags/one_task_dag.py
[2026-05-07T10:04:28.989+0000] {logging_mixin.py:188} INFO - [2026-05-07T10:04:28.989+0000] {dag.py:3096} INFO - Sync 1 DAGs
[2026-05-07T10:04:29.007+0000] {logging_mixin.py:188} INFO - [2026-05-07T10:04:29.007+0000] {dag.py:3954} INFO - Setting next_dagrun for one_task_dag to 2026-05-07 00:00:00+00:00, run_after=2026-05-08 00:00:00+00:00
[2026-05-07T10:04:29.022+0000] {processor.py:183} INFO - Processing /workspaces/ETL-with-Airflow/airflow/dags/one_task_dag.py took 0.069 seconds
[2026-05-07T10:04:59.123+0000] {processor.py:161} INFO - Started process (PID=24721) to work on /workspaces/ETL-with-Airflow/airflow/dags/one_task_dag.py
[2026-05-07T10:04:59.124+0000] {processor.py:830} INFO - Processing file /workspaces/ETL-with-Airflow/airflow/dags/one_task_dag.py for tasks to queue
[2026-05-07T10:04:59.125+0000] {logging_mixin.py:188} INFO - [2026-05-07T10:04:59.125+0000] {dagbag.py:545} INFO - Filling up the DagBag from /workspaces/ETL-with-Airflow/airflow/dags/one_task_dag.py
[2026-05-07T10:04:59.138+0000] {processor.py:840} INFO - DAG(s) 'one_task_dag' retrieved from /workspaces/ETL-with-Airflow/airflow/dags/one_task_dag.py
[2026-05-07T10:04:59.159+0000] {logging_mixin.py:188} INFO - [2026-05-07T10:04:59.159+0000] {dag.py:3096} INFO - Sync 1 DAGs
[2026-05-07T10:04:59.175+0000] {logging_mixin.py:188} INFO - [2026-05-07T10:04:59.174+0000] {dag.py:3954} INFO - Setting next_dagrun for one_task_dag to 2026-05-07 00:00:00+00:00, run_after=2026-05-08 00:00:00+00:00
[2026-05-07T10:04:59.190+0000] {processor.py:183} INFO - Processing /workspaces/ETL-with-Airflow/airflow/dags/one_task_dag.py took 0.071 seconds
[2026-05-07T10:05:29.346+0000] {processor.py:161} INFO - Started process (PID=25015) to work on /workspaces/ETL-with-Airflow/airflow/dags/one_task_dag.py
[2026-05-07T10:05:29.347+0000] {processor.py:830} INFO - Processing file /workspaces/ETL-with-Airflow/airflow/dags/one_task_dag.py for tasks to queue
[2026-05-07T10:05:29.349+0000] {logging_mixin.py:188} INFO - [2026-05-07T10:05:29.349+0000] {dagbag.py:545} INFO - Filling up the DagBag from /workspaces/ETL-with-Airflow/airflow/dags/one_task_dag.py
[2026-05-07T10:05:29.359+0000] {processor.py:840} INFO - DAG(s) 'one_task_dag' retrieved from /workspaces/ETL-with-Airflow/airflow/dags/one_task_dag.py
[2026-05-07T10:05:29.377+0000] {logging_mixin.py:188} INFO - [2026-05-07T10:05:29.377+0000] {dag.py:3096} INFO - Sync 1 DAGs
[2026-05-07T10:05:29.393+0000] {logging_mixin.py:188} INFO - [2026-05-07T10:05:29.392+0000] {dag.py:3954} INFO - Setting next_dagrun for one_task_dag to 2026-05-07 00:00:00+00:00, run_after=2026-05-08 00:00:00+00:00
[2026-05-07T10:05:29.408+0000] {processor.py:183} INFO - Processing /workspaces/ETL-with-Airflow/airflow/dags/one_task_dag.py took 0.067 seconds
[2026-05-07T10:06:01.087+0000] {processor.py:161} INFO - Started process (PID=25337) to work on /workspaces/ETL-with-Airflow/airflow/dags/one_task_dag.py
[2026-05-07T10:06:01.088+0000] {processor.py:830} INFO - Processing file /workspaces/ETL-with-Airflow/airflow/dags/one_task_dag.py for tasks to queue
[2026-05-07T10:06:01.090+0000] {logging_mixin.py:188} INFO - [2026-05-07T10:06:01.090+0000] {dagbag.py:545} INFO - Filling up the DagBag from /workspaces/ETL-with-Airflow/airflow/dags/one_task_dag.py
[2026-05-07T10:06:01.103+0000] {processor.py:840} INFO - DAG(s) 'one_task_dag' retrieved from /workspaces/ETL-with-Airflow/airflow/dags/one_task_dag.py
[2026-05-07T10:06:01.129+0000] {logging_mixin.py:188} INFO - [2026-05-07T10:06:01.129+0000] {dag.py:3096} INFO - Sync 1 DAGs
[2026-05-07T10:06:01.152+0000] {logging_mixin.py:188} INFO - [2026-05-07T10:06:01.152+0000] {dag.py:3954} INFO - Setting next_dagrun for one_task_dag to 2026-05-07 00:00:00+00:00, run_after=2026-05-08 00:00:00+00:00
[2026-05-07T10:06:01.182+0000] {processor.py:183} INFO - Processing /workspaces/ETL-with-Airflow/airflow/dags/one_task_dag.py took 0.101 seconds
[2026-05-07T10:06:31.471+0000] {processor.py:161} INFO - Started process (PID=25599) to work on /workspaces/ETL-with-Airflow/airflow/dags/one_task_dag.py
[2026-05-07T10:06:31.472+0000] {processor.py:830} INFO - Processing file /workspaces/ETL-with-Airflow/airflow/dags/one_task_dag.py for tasks to queue
[2026-05-07T10:06:31.473+0000] {logging_mixin.py:188} INFO - [2026-05-07T10:06:31.473+0000] {dagbag.py:545} INFO - Filling up the DagBag from /workspaces/ETL-with-Airflow/airflow/dags/one_task_dag.py
[2026-05-07T10:06:31.484+0000] {processor.py:840} INFO - DAG(s) 'one_task_dag' retrieved from /workspaces/ETL-with-Airflow/airflow/dags/one_task_dag.py
[2026-05-07T10:06:31.501+0000] {logging_mixin.py:188} INFO - [2026-05-07T10:06:31.501+0000] {dag.py:3096} INFO - Sync 1 DAGs
[2026-05-07T10:06:31.517+0000] {logging_mixin.py:188} INFO - [2026-05-07T10:06:31.517+0000] {dag.py:3954} INFO - Setting next_dagrun for one_task_dag to 2026-05-07 00:00:00+00:00, run_after=2026-05-08 00:00:00+00:00
[2026-05-07T10:06:31.535+0000] {processor.py:183} INFO - Processing /workspaces/ETL-with-Airflow/airflow/dags/one_task_dag.py took 0.069 seconds
[2026-05-07T10:07:02.066+0000] {processor.py:161} INFO - Started process (PID=25872) to work on /workspaces/ETL-with-Airflow/airflow/dags/one_task_dag.py
[2026-05-07T10:07:02.067+0000] {processor.py:830} INFO - Processing file /workspaces/ETL-with-Airflow/airflow/dags/one_task_dag.py for tasks to queue
[2026-05-07T10:07:02.069+0000] {logging_mixin.py:188} INFO - [2026-05-07T10:07:02.068+0000] {dagbag.py:545} INFO - Filling up the DagBag from /workspaces/ETL-with-Airflow/airflow/dags/one_task_dag.py
[2026-05-07T10:07:02.078+0000] {processor.py:840} INFO - DAG(s) 'one_task_dag' retrieved from /workspaces/ETL-with-Airflow/airflow/dags/one_task_dag.py
[2026-05-07T10:07:02.096+0000] {logging_mixin.py:188} INFO - [2026-05-07T10:07:02.096+0000] {dag.py:3096} INFO - Sync 1 DAGs
[2026-05-07T10:07:02.112+0000] {logging_mixin.py:188} INFO - [2026-05-07T10:07:02.112+0000] {dag.py:3954} INFO - Setting next_dagrun for one_task_dag to 2026-05-07 00:00:00+00:00, run_after=2026-05-08 00:00:00+00:00
[2026-05-07T10:07:02.130+0000] {processor.py:183} INFO - Processing /workspaces/ETL-with-Airflow/airflow/dags/one_task_dag.py took 0.069 seconds
[2026-05-07T10:07:32.722+0000] {processor.py:161} INFO - Started process (PID=26229) to work on /workspaces/ETL-with-Airflow/airflow/dags/one_task_dag.py
[2026-05-07T10:07:32.723+0000] {processor.py:830} INFO - Processing file /workspaces/ETL-with-Airflow/airflow/dags/one_task_dag.py for tasks to queue
[2026-05-07T10:07:32.725+0000] {logging_mixin.py:188} INFO - [2026-05-07T10:07:32.724+0000] {dagbag.py:545} INFO - Filling up the DagBag from /workspaces/ETL-with-Airflow/airflow/dags/one_task_dag.py
[2026-05-07T10:07:32.736+0000] {processor.py:840} INFO - DAG(s) 'one_task_dag' retrieved from /workspaces/ETL-with-Airflow/airflow/dags/one_task_dag.py
[2026-05-07T10:07:32.745+0000] {logging_mixin.py:188} INFO - [2026-05-07T10:07:32.745+0000] {dag.py:3096} INFO - Sync 1 DAGs
[2026-05-07T10:07:32.762+0000] {logging_mixin.py:188} INFO - [2026-05-07T10:07:32.762+0000] {dag.py:3954} INFO - Setting next_dagrun for one_task_dag to 2026-05-07 00:00:00+00:00, run_after=2026-05-08 00:00:00+00:00
[2026-05-07T10:07:32.778+0000] {processor.py:183} INFO - Processing /workspaces/ETL-with-Airflow/airflow/dags/one_task_dag.py took 0.060 seconds
[2026-05-07T10:08:03.456+0000] {processor.py:161} INFO - Started process (PID=26449) to work on /workspaces/ETL-with-Airflow/airflow/dags/one_task_dag.py
[2026-05-07T10:08:03.457+0000] {processor.py:830} INFO - Processing file /workspaces/ETL-with-Airflow/airflow/dags/one_task_dag.py for tasks to queue
[2026-05-07T10:08:03.458+0000] {logging_mixin.py:188} INFO - [2026-05-07T10:08:03.458+0000] {dagbag.py:545} INFO - Filling up the DagBag from /workspaces/ETL-with-Airflow/airflow/dags/one_task_dag.py
[2026-05-07T10:08:03.467+0000] {processor.py:840} INFO - DAG(s) 'one_task_dag' retrieved from /workspaces/ETL-with-Airflow/airflow/dags/one_task_dag.py
[2026-05-07T10:08:03.569+0000] {logging_mixin.py:188} INFO - [2026-05-07T10:08:03.568+0000] {dag.py:3096} INFO - Sync 1 DAGs
[2026-05-07T10:08:03.584+0000] {logging_mixin.py:188} INFO - [2026-05-07T10:08:03.583+0000] {dag.py:3954} INFO - Setting next_dagrun for one_task_dag to 2026-05-07 00:00:00+00:00, run_after=2026-05-08 00:00:00+00:00
[2026-05-07T10:08:03.602+0000] {processor.py:183} INFO - Processing /workspaces/ETL-with-Airflow/airflow/dags/one_task_dag.py took 0.151 seconds
[2026-05-07T10:08:34.050+0000] {processor.py:161} INFO - Started process (PID=26659) to work on /workspaces/ETL-with-Airflow/airflow/dags/one_task_dag.py
[2026-05-07T10:08:34.051+0000] {processor.py:830} INFO - Processing file /workspaces/ETL-with-Airflow/airflow/dags/one_task_dag.py for tasks to queue
[2026-05-07T10:08:34.052+0000] {logging_mixin.py:188} INFO - [2026-05-07T10:08:34.052+0000] {dagbag.py:545} INFO - Filling up the DagBag from /workspaces/ETL-with-Airflow/airflow/dags/one_task_dag.py
[2026-05-07T10:08:34.061+0000] {processor.py:840} INFO - DAG(s) 'one_task_dag' retrieved from /workspaces/ETL-with-Airflow/airflow/dags/one_task_dag.py
[2026-05-07T10:08:34.078+0000] {logging_mixin.py:188} INFO - [2026-05-07T10:08:34.078+0000] {dag.py:3096} INFO - Sync 1 DAGs
[2026-05-07T10:08:34.094+0000] {logging_mixin.py:188} INFO - [2026-05-07T10:08:34.094+0000] {dag.py:3954} INFO - Setting next_dagrun for one_task_dag to 2026-05-07 00:00:00+00:00, run_after=2026-05-08 00:00:00+00:00
[2026-05-07T10:08:34.109+0000] {processor.py:183} INFO - Processing /workspaces/ETL-with-Airflow/airflow/dags/one_task_dag.py took 0.064 seconds
[2026-05-07T10:09:04.553+0000] {processor.py:161} INFO - Started process (PID=26875) to work on /workspaces/ETL-with-Airflow/airflow/dags/one_task_dag.py
[2026-05-07T10:09:04.554+0000] {processor.py:830} INFO - Processing file /workspaces/ETL-with-Airflow/airflow/dags/one_task_dag.py for tasks to queue
[2026-05-07T10:09:04.556+0000] {logging_mixin.py:188} INFO - [2026-05-07T10:09:04.555+0000] {dagbag.py:545} INFO - Filling up the DagBag from /workspaces/ETL-with-Airflow/airflow/dags/one_task_dag.py
[2026-05-07T10:09:04.565+0000] {processor.py:840} INFO - DAG(s) 'one_task_dag' retrieved from /workspaces/ETL-with-Airflow/airflow/dags/one_task_dag.py
[2026-05-07T10:09:04.582+0000] {logging_mixin.py:188} INFO - [2026-05-07T10:09:04.582+0000] {dag.py:3096} INFO - Sync 1 DAGs
[2026-05-07T10:09:04.598+0000] {logging_mixin.py:188} INFO - [2026-05-07T10:09:04.598+0000] {dag.py:3954} INFO - Setting next_dagrun for one_task_dag to 2026-05-07 00:00:00+00:00, run_after=2026-05-08 00:00:00+00:00
[2026-05-07T10:09:04.614+0000] {processor.py:183} INFO - Processing /workspaces/ETL-with-Airflow/airflow/dags/one_task_dag.py took 0.066 seconds
[2026-05-07T10:09:35.735+0000] {processor.py:161} INFO - Started process (PID=27116) to work on /workspaces/ETL-with-Airflow/airflow/dags/one_task_dag.py
[2026-05-07T10:09:35.736+0000] {processor.py:830} INFO - Processing file /workspaces/ETL-with-Airflow/airflow/dags/one_task_dag.py for tasks to queue
[2026-05-07T10:09:35.738+0000] {logging_mixin.py:188} INFO - [2026-05-07T10:09:35.737+0000] {dagbag.py:545} INFO - Filling up the DagBag from /workspaces/ETL-with-Airflow/airflow/dags/one_task_dag.py
[2026-05-07T10:09:35.751+0000] {processor.py:840} INFO - DAG(s) 'one_task_dag' retrieved from /workspaces/ETL-with-Airflow/airflow/dags/one_task_dag.py
[2026-05-07T10:09:35.777+0000] {logging_mixin.py:188} INFO - [2026-05-07T10:09:35.777+0000] {dag.py:3096} INFO - Sync 1 DAGs
[2026-05-07T10:09:35.793+0000] {logging_mixin.py:188} INFO - [2026-05-07T10:09:35.793+0000] {dag.py:3954} INFO - Setting next_dagrun for one_task_dag to 2026-05-07 00:00:00+00:00, run_after=2026-05-08 00:00:00+00:00
[2026-05-07T10:09:35.855+0000] {processor.py:183} INFO - Processing /workspaces/ETL-with-Airflow/airflow/dags/one_task_dag.py took 0.127 seconds
[2026-05-07T10:10:06.778+0000] {processor.py:161} INFO - Started process (PID=27404) to work on /workspaces/ETL-with-Airflow/airflow/dags/one_task_dag.py
[2026-05-07T10:10:06.778+0000] {processor.py:830} INFO - Processing file /workspaces/ETL-with-Airflow/airflow/dags/one_task_dag.py for tasks to queue
[2026-05-07T10:10:06.780+0000] {logging_mixin.py:188} INFO - [2026-05-07T10:10:06.780+0000] {dagbag.py:545} INFO - Filling up the DagBag from /workspaces/ETL-with-Airflow/airflow/dags/one_task_dag.py
[2026-05-07T10:10:06.789+0000] {processor.py:840} INFO - DAG(s) 'one_task_dag' retrieved from /workspaces/ETL-with-Airflow/airflow/dags/one_task_dag.py
[2026-05-07T10:10:06.806+0000] {logging_mixin.py:188} INFO - [2026-05-07T10:10:06.806+0000] {dag.py:3096} INFO - Sync 1 DAGs
[2026-05-07T10:10:06.822+0000] {logging_mixin.py:188} INFO - [2026-05-07T10:10:06.821+0000] {dag.py:3954} INFO - Setting next_dagrun for one_task_dag to 2026-05-07 00:00:00+00:00, run_after=2026-05-08 00:00:00+00:00
[2026-05-07T10:10:06.840+0000] {processor.py:183} INFO - Processing /workspaces/ETL-with-Airflow/airflow/dags/one_task_dag.py took 0.068 seconds
