[2026-05-07T08:03:44.202+0000] {processor.py:161} INFO - Started process (PID=18070) to work on /workspaces/ETL-with-Airflow/airflow/dags/two_task_dag.py
[2026-05-07T08:03:44.203+0000] {processor.py:830} INFO - Processing file /workspaces/ETL-with-Airflow/airflow/dags/two_task_dag.py for tasks to queue
[2026-05-07T08:03:44.204+0000] {logging_mixin.py:188} INFO - [2026-05-07T08:03:44.204+0000] {dagbag.py:545} INFO - Filling up the DagBag from /workspaces/ETL-with-Airflow/airflow/dags/two_task_dag.py
[2026-05-07T08:03:44.212+0000] {processor.py:840} INFO - DAG(s) 'two_task_dag' retrieved from /workspaces/ETL-with-Airflow/airflow/dags/two_task_dag.py
[2026-05-07T08:03:44.304+0000] {logging_mixin.py:188} INFO - [2026-05-07T08:03:44.304+0000] {override.py:1829} INFO - Created Permission View: can edit on DAG:two_task_dag
[2026-05-07T08:03:44.314+0000] {logging_mixin.py:188} INFO - [2026-05-07T08:03:44.314+0000] {override.py:1829} INFO - Created Permission View: can read on DAG:two_task_dag
[2026-05-07T08:03:44.321+0000] {logging_mixin.py:188} INFO - [2026-05-07T08:03:44.321+0000] {override.py:1829} INFO - Created Permission View: can delete on DAG:two_task_dag
[2026-05-07T08:03:44.322+0000] {logging_mixin.py:188} INFO - [2026-05-07T08:03:44.322+0000] {dag.py:3096} INFO - Sync 1 DAGs
[2026-05-07T08:03:44.334+0000] {logging_mixin.py:188} INFO - [2026-05-07T08:03:44.334+0000] {dag.py:3118} INFO - Creating ORM DAG for two_task_dag
[2026-05-07T08:03:44.334+0000] {logging_mixin.py:188} INFO - [2026-05-07T08:03:44.334+0000] {dag.py:3954} INFO - Setting next_dagrun for two_task_dag to None, run_after=None
[2026-05-07T08:03:44.358+0000] {processor.py:183} INFO - Processing /workspaces/ETL-with-Airflow/airflow/dags/two_task_dag.py took 0.160 seconds
[2026-05-07T08:04:15.349+0000] {processor.py:161} INFO - Started process (PID=18309) to work on /workspaces/ETL-with-Airflow/airflow/dags/two_task_dag.py
[2026-05-07T08:04:15.350+0000] {processor.py:830} INFO - Processing file /workspaces/ETL-with-Airflow/airflow/dags/two_task_dag.py for tasks to queue
[2026-05-07T08:04:15.351+0000] {logging_mixin.py:188} INFO - [2026-05-07T08:04:15.351+0000] {dagbag.py:545} INFO - Filling up the DagBag from /workspaces/ETL-with-Airflow/airflow/dags/two_task_dag.py
[2026-05-07T08:04:15.359+0000] {processor.py:840} INFO - DAG(s) 'two_task_dag' retrieved from /workspaces/ETL-with-Airflow/airflow/dags/two_task_dag.py
[2026-05-07T08:04:15.376+0000] {logging_mixin.py:188} INFO - [2026-05-07T08:04:15.376+0000] {dag.py:3096} INFO - Sync 1 DAGs
[2026-05-07T08:04:15.384+0000] {logging_mixin.py:188} INFO - [2026-05-07T08:04:15.384+0000] {dag.py:3954} INFO - Setting next_dagrun for two_task_dag to None, run_after=None
[2026-05-07T08:04:15.400+0000] {processor.py:183} INFO - Processing /workspaces/ETL-with-Airflow/airflow/dags/two_task_dag.py took 0.055 seconds
[2026-05-07T08:04:45.577+0000] {processor.py:161} INFO - Started process (PID=18512) to work on /workspaces/ETL-with-Airflow/airflow/dags/two_task_dag.py
[2026-05-07T08:04:45.577+0000] {processor.py:830} INFO - Processing file /workspaces/ETL-with-Airflow/airflow/dags/two_task_dag.py for tasks to queue
[2026-05-07T08:04:45.579+0000] {logging_mixin.py:188} INFO - [2026-05-07T08:04:45.579+0000] {dagbag.py:545} INFO - Filling up the DagBag from /workspaces/ETL-with-Airflow/airflow/dags/two_task_dag.py
[2026-05-07T08:04:45.586+0000] {processor.py:840} INFO - DAG(s) 'two_task_dag' retrieved from /workspaces/ETL-with-Airflow/airflow/dags/two_task_dag.py
[2026-05-07T08:04:45.604+0000] {logging_mixin.py:188} INFO - [2026-05-07T08:04:45.604+0000] {dag.py:3096} INFO - Sync 1 DAGs
[2026-05-07T08:04:45.613+0000] {logging_mixin.py:188} INFO - [2026-05-07T08:04:45.613+0000] {dag.py:3954} INFO - Setting next_dagrun for two_task_dag to None, run_after=None
[2026-05-07T08:04:45.627+0000] {processor.py:183} INFO - Processing /workspaces/ETL-with-Airflow/airflow/dags/two_task_dag.py took 0.055 seconds
[2026-05-07T08:05:16.168+0000] {processor.py:161} INFO - Started process (PID=18723) to work on /workspaces/ETL-with-Airflow/airflow/dags/two_task_dag.py
[2026-05-07T08:05:16.169+0000] {processor.py:830} INFO - Processing file /workspaces/ETL-with-Airflow/airflow/dags/two_task_dag.py for tasks to queue
[2026-05-07T08:05:16.170+0000] {logging_mixin.py:188} INFO - [2026-05-07T08:05:16.170+0000] {dagbag.py:545} INFO - Filling up the DagBag from /workspaces/ETL-with-Airflow/airflow/dags/two_task_dag.py
[2026-05-07T08:05:16.177+0000] {processor.py:840} INFO - DAG(s) 'two_task_dag' retrieved from /workspaces/ETL-with-Airflow/airflow/dags/two_task_dag.py
[2026-05-07T08:05:16.194+0000] {logging_mixin.py:188} INFO - [2026-05-07T08:05:16.194+0000] {dag.py:3096} INFO - Sync 1 DAGs
[2026-05-07T08:05:16.203+0000] {logging_mixin.py:188} INFO - [2026-05-07T08:05:16.203+0000] {dag.py:3954} INFO - Setting next_dagrun for two_task_dag to None, run_after=None
[2026-05-07T08:05:16.217+0000] {processor.py:183} INFO - Processing /workspaces/ETL-with-Airflow/airflow/dags/two_task_dag.py took 0.054 seconds
[2026-05-07T08:05:47.807+0000] {processor.py:161} INFO - Started process (PID=18946) to work on /workspaces/ETL-with-Airflow/airflow/dags/two_task_dag.py
[2026-05-07T08:05:47.808+0000] {processor.py:830} INFO - Processing file /workspaces/ETL-with-Airflow/airflow/dags/two_task_dag.py for tasks to queue
[2026-05-07T08:05:47.809+0000] {logging_mixin.py:188} INFO - [2026-05-07T08:05:47.809+0000] {dagbag.py:545} INFO - Filling up the DagBag from /workspaces/ETL-with-Airflow/airflow/dags/two_task_dag.py
[2026-05-07T08:05:47.817+0000] {processor.py:840} INFO - DAG(s) 'two_task_dag' retrieved from /workspaces/ETL-with-Airflow/airflow/dags/two_task_dag.py
[2026-05-07T08:05:47.834+0000] {logging_mixin.py:188} INFO - [2026-05-07T08:05:47.833+0000] {dag.py:3096} INFO - Sync 1 DAGs
[2026-05-07T08:05:47.842+0000] {logging_mixin.py:188} INFO - [2026-05-07T08:05:47.842+0000] {dag.py:3954} INFO - Setting next_dagrun for two_task_dag to None, run_after=None
[2026-05-07T08:05:47.857+0000] {processor.py:183} INFO - Processing /workspaces/ETL-with-Airflow/airflow/dags/two_task_dag.py took 0.054 seconds
[2026-05-07T08:06:17.959+0000] {processor.py:161} INFO - Started process (PID=19157) to work on /workspaces/ETL-with-Airflow/airflow/dags/two_task_dag.py
[2026-05-07T08:06:17.960+0000] {processor.py:830} INFO - Processing file /workspaces/ETL-with-Airflow/airflow/dags/two_task_dag.py for tasks to queue
[2026-05-07T08:06:17.961+0000] {logging_mixin.py:188} INFO - [2026-05-07T08:06:17.961+0000] {dagbag.py:545} INFO - Filling up the DagBag from /workspaces/ETL-with-Airflow/airflow/dags/two_task_dag.py
[2026-05-07T08:06:17.969+0000] {processor.py:840} INFO - DAG(s) 'two_task_dag' retrieved from /workspaces/ETL-with-Airflow/airflow/dags/two_task_dag.py
[2026-05-07T08:06:17.986+0000] {logging_mixin.py:188} INFO - [2026-05-07T08:06:17.986+0000] {dag.py:3096} INFO - Sync 1 DAGs
[2026-05-07T08:06:17.995+0000] {logging_mixin.py:188} INFO - [2026-05-07T08:06:17.994+0000] {dag.py:3954} INFO - Setting next_dagrun for two_task_dag to None, run_after=None
[2026-05-07T08:06:18.010+0000] {processor.py:183} INFO - Processing /workspaces/ETL-with-Airflow/airflow/dags/two_task_dag.py took 0.055 seconds
[2026-05-07T08:06:48.249+0000] {processor.py:161} INFO - Started process (PID=19362) to work on /workspaces/ETL-with-Airflow/airflow/dags/two_task_dag.py
[2026-05-07T08:06:48.250+0000] {processor.py:830} INFO - Processing file /workspaces/ETL-with-Airflow/airflow/dags/two_task_dag.py for tasks to queue
[2026-05-07T08:06:48.252+0000] {logging_mixin.py:188} INFO - [2026-05-07T08:06:48.251+0000] {dagbag.py:545} INFO - Filling up the DagBag from /workspaces/ETL-with-Airflow/airflow/dags/two_task_dag.py
[2026-05-07T08:06:48.259+0000] {processor.py:840} INFO - DAG(s) 'two_task_dag' retrieved from /workspaces/ETL-with-Airflow/airflow/dags/two_task_dag.py
[2026-05-07T08:06:48.276+0000] {logging_mixin.py:188} INFO - [2026-05-07T08:06:48.276+0000] {dag.py:3096} INFO - Sync 1 DAGs
[2026-05-07T08:06:48.285+0000] {logging_mixin.py:188} INFO - [2026-05-07T08:06:48.285+0000] {dag.py:3954} INFO - Setting next_dagrun for two_task_dag to None, run_after=None
[2026-05-07T08:06:48.301+0000] {processor.py:183} INFO - Processing /workspaces/ETL-with-Airflow/airflow/dags/two_task_dag.py took 0.056 seconds
[2026-05-07T08:07:18.530+0000] {processor.py:161} INFO - Started process (PID=19568) to work on /workspaces/ETL-with-Airflow/airflow/dags/two_task_dag.py
[2026-05-07T08:07:18.531+0000] {processor.py:830} INFO - Processing file /workspaces/ETL-with-Airflow/airflow/dags/two_task_dag.py for tasks to queue
[2026-05-07T08:07:18.533+0000] {logging_mixin.py:188} INFO - [2026-05-07T08:07:18.532+0000] {dagbag.py:545} INFO - Filling up the DagBag from /workspaces/ETL-with-Airflow/airflow/dags/two_task_dag.py
[2026-05-07T08:07:18.540+0000] {processor.py:840} INFO - DAG(s) 'two_task_dag' retrieved from /workspaces/ETL-with-Airflow/airflow/dags/two_task_dag.py
[2026-05-07T08:07:18.557+0000] {logging_mixin.py:188} INFO - [2026-05-07T08:07:18.557+0000] {dag.py:3096} INFO - Sync 1 DAGs
[2026-05-07T08:07:18.566+0000] {logging_mixin.py:188} INFO - [2026-05-07T08:07:18.565+0000] {dag.py:3954} INFO - Setting next_dagrun for two_task_dag to None, run_after=None
[2026-05-07T08:07:18.582+0000] {processor.py:183} INFO - Processing /workspaces/ETL-with-Airflow/airflow/dags/two_task_dag.py took 0.057 seconds
[2026-05-07T08:07:48.823+0000] {processor.py:161} INFO - Started process (PID=19774) to work on /workspaces/ETL-with-Airflow/airflow/dags/two_task_dag.py
[2026-05-07T08:07:48.824+0000] {processor.py:830} INFO - Processing file /workspaces/ETL-with-Airflow/airflow/dags/two_task_dag.py for tasks to queue
[2026-05-07T08:07:48.826+0000] {logging_mixin.py:188} INFO - [2026-05-07T08:07:48.825+0000] {dagbag.py:545} INFO - Filling up the DagBag from /workspaces/ETL-with-Airflow/airflow/dags/two_task_dag.py
[2026-05-07T08:07:48.833+0000] {processor.py:840} INFO - DAG(s) 'two_task_dag' retrieved from /workspaces/ETL-with-Airflow/airflow/dags/two_task_dag.py
[2026-05-07T08:07:48.850+0000] {logging_mixin.py:188} INFO - [2026-05-07T08:07:48.850+0000] {dag.py:3096} INFO - Sync 1 DAGs
[2026-05-07T08:07:48.859+0000] {logging_mixin.py:188} INFO - [2026-05-07T08:07:48.859+0000] {dag.py:3954} INFO - Setting next_dagrun for two_task_dag to None, run_after=None
[2026-05-07T08:07:48.874+0000] {processor.py:183} INFO - Processing /workspaces/ETL-with-Airflow/airflow/dags/two_task_dag.py took 0.056 seconds
[2026-05-07T08:08:19.057+0000] {processor.py:161} INFO - Started process (PID=19985) to work on /workspaces/ETL-with-Airflow/airflow/dags/two_task_dag.py
[2026-05-07T08:08:19.058+0000] {processor.py:830} INFO - Processing file /workspaces/ETL-with-Airflow/airflow/dags/two_task_dag.py for tasks to queue
[2026-05-07T08:08:19.059+0000] {logging_mixin.py:188} INFO - [2026-05-07T08:08:19.059+0000] {dagbag.py:545} INFO - Filling up the DagBag from /workspaces/ETL-with-Airflow/airflow/dags/two_task_dag.py
[2026-05-07T08:08:19.067+0000] {processor.py:840} INFO - DAG(s) 'two_task_dag' retrieved from /workspaces/ETL-with-Airflow/airflow/dags/two_task_dag.py
[2026-05-07T08:08:19.084+0000] {logging_mixin.py:188} INFO - [2026-05-07T08:08:19.084+0000] {dag.py:3096} INFO - Sync 1 DAGs
[2026-05-07T08:08:19.093+0000] {logging_mixin.py:188} INFO - [2026-05-07T08:08:19.093+0000] {dag.py:3954} INFO - Setting next_dagrun for two_task_dag to None, run_after=None
[2026-05-07T08:08:19.108+0000] {processor.py:183} INFO - Processing /workspaces/ETL-with-Airflow/airflow/dags/two_task_dag.py took 0.055 seconds
[2026-05-07T08:08:49.347+0000] {processor.py:161} INFO - Started process (PID=20189) to work on /workspaces/ETL-with-Airflow/airflow/dags/two_task_dag.py
[2026-05-07T08:08:49.348+0000] {processor.py:830} INFO - Processing file /workspaces/ETL-with-Airflow/airflow/dags/two_task_dag.py for tasks to queue
[2026-05-07T08:08:49.349+0000] {logging_mixin.py:188} INFO - [2026-05-07T08:08:49.349+0000] {dagbag.py:545} INFO - Filling up the DagBag from /workspaces/ETL-with-Airflow/airflow/dags/two_task_dag.py
[2026-05-07T08:08:49.357+0000] {processor.py:840} INFO - DAG(s) 'two_task_dag' retrieved from /workspaces/ETL-with-Airflow/airflow/dags/two_task_dag.py
[2026-05-07T08:08:49.374+0000] {logging_mixin.py:188} INFO - [2026-05-07T08:08:49.374+0000] {dag.py:3096} INFO - Sync 1 DAGs
[2026-05-07T08:08:49.383+0000] {logging_mixin.py:188} INFO - [2026-05-07T08:08:49.383+0000] {dag.py:3954} INFO - Setting next_dagrun for two_task_dag to None, run_after=None
[2026-05-07T08:08:49.398+0000] {processor.py:183} INFO - Processing /workspaces/ETL-with-Airflow/airflow/dags/two_task_dag.py took 0.055 seconds
[2026-05-07T08:09:19.644+0000] {processor.py:161} INFO - Started process (PID=20401) to work on /workspaces/ETL-with-Airflow/airflow/dags/two_task_dag.py
[2026-05-07T08:09:19.645+0000] {processor.py:830} INFO - Processing file /workspaces/ETL-with-Airflow/airflow/dags/two_task_dag.py for tasks to queue
[2026-05-07T08:09:19.647+0000] {logging_mixin.py:188} INFO - [2026-05-07T08:09:19.646+0000] {dagbag.py:545} INFO - Filling up the DagBag from /workspaces/ETL-with-Airflow/airflow/dags/two_task_dag.py
[2026-05-07T08:09:19.654+0000] {processor.py:840} INFO - DAG(s) 'two_task_dag' retrieved from /workspaces/ETL-with-Airflow/airflow/dags/two_task_dag.py
[2026-05-07T08:09:19.672+0000] {logging_mixin.py:188} INFO - [2026-05-07T08:09:19.672+0000] {dag.py:3096} INFO - Sync 1 DAGs
[2026-05-07T08:09:19.681+0000] {logging_mixin.py:188} INFO - [2026-05-07T08:09:19.681+0000] {dag.py:3954} INFO - Setting next_dagrun for two_task_dag to None, run_after=None
[2026-05-07T08:09:19.695+0000] {processor.py:183} INFO - Processing /workspaces/ETL-with-Airflow/airflow/dags/two_task_dag.py took 0.056 seconds
[2026-05-07T08:09:49.929+0000] {processor.py:161} INFO - Started process (PID=20609) to work on /workspaces/ETL-with-Airflow/airflow/dags/two_task_dag.py
[2026-05-07T08:09:49.930+0000] {processor.py:830} INFO - Processing file /workspaces/ETL-with-Airflow/airflow/dags/two_task_dag.py for tasks to queue
[2026-05-07T08:09:49.932+0000] {logging_mixin.py:188} INFO - [2026-05-07T08:09:49.931+0000] {dagbag.py:545} INFO - Filling up the DagBag from /workspaces/ETL-with-Airflow/airflow/dags/two_task_dag.py
[2026-05-07T08:09:49.939+0000] {processor.py:840} INFO - DAG(s) 'two_task_dag' retrieved from /workspaces/ETL-with-Airflow/airflow/dags/two_task_dag.py
[2026-05-07T08:09:49.956+0000] {logging_mixin.py:188} INFO - [2026-05-07T08:09:49.956+0000] {dag.py:3096} INFO - Sync 1 DAGs
[2026-05-07T08:09:49.965+0000] {logging_mixin.py:188} INFO - [2026-05-07T08:09:49.965+0000] {dag.py:3954} INFO - Setting next_dagrun for two_task_dag to None, run_after=None
[2026-05-07T08:09:49.980+0000] {processor.py:183} INFO - Processing /workspaces/ETL-with-Airflow/airflow/dags/two_task_dag.py took 0.055 seconds
[2026-05-07T08:10:20.231+0000] {processor.py:161} INFO - Started process (PID=20815) to work on /workspaces/ETL-with-Airflow/airflow/dags/two_task_dag.py
[2026-05-07T08:10:20.232+0000] {processor.py:830} INFO - Processing file /workspaces/ETL-with-Airflow/airflow/dags/two_task_dag.py for tasks to queue
[2026-05-07T08:10:20.233+0000] {logging_mixin.py:188} INFO - [2026-05-07T08:10:20.233+0000] {dagbag.py:545} INFO - Filling up the DagBag from /workspaces/ETL-with-Airflow/airflow/dags/two_task_dag.py
[2026-05-07T08:10:20.241+0000] {processor.py:840} INFO - DAG(s) 'two_task_dag' retrieved from /workspaces/ETL-with-Airflow/airflow/dags/two_task_dag.py
[2026-05-07T08:10:20.259+0000] {logging_mixin.py:188} INFO - [2026-05-07T08:10:20.259+0000] {dag.py:3096} INFO - Sync 1 DAGs
[2026-05-07T08:10:20.268+0000] {logging_mixin.py:188} INFO - [2026-05-07T08:10:20.267+0000] {dag.py:3954} INFO - Setting next_dagrun for two_task_dag to None, run_after=None
[2026-05-07T08:10:20.282+0000] {processor.py:183} INFO - Processing /workspaces/ETL-with-Airflow/airflow/dags/two_task_dag.py took 0.056 seconds
[2026-05-07T08:10:50.352+0000] {processor.py:161} INFO - Started process (PID=21020) to work on /workspaces/ETL-with-Airflow/airflow/dags/two_task_dag.py
[2026-05-07T08:10:50.352+0000] {processor.py:830} INFO - Processing file /workspaces/ETL-with-Airflow/airflow/dags/two_task_dag.py for tasks to queue
[2026-05-07T08:10:50.354+0000] {logging_mixin.py:188} INFO - [2026-05-07T08:10:50.354+0000] {dagbag.py:545} INFO - Filling up the DagBag from /workspaces/ETL-with-Airflow/airflow/dags/two_task_dag.py
[2026-05-07T08:10:50.361+0000] {processor.py:840} INFO - DAG(s) 'two_task_dag' retrieved from /workspaces/ETL-with-Airflow/airflow/dags/two_task_dag.py
[2026-05-07T08:10:50.379+0000] {logging_mixin.py:188} INFO - [2026-05-07T08:10:50.378+0000] {dag.py:3096} INFO - Sync 1 DAGs
[2026-05-07T08:10:50.388+0000] {logging_mixin.py:188} INFO - [2026-05-07T08:10:50.388+0000] {dag.py:3954} INFO - Setting next_dagrun for two_task_dag to None, run_after=None
[2026-05-07T08:10:50.407+0000] {processor.py:183} INFO - Processing /workspaces/ETL-with-Airflow/airflow/dags/two_task_dag.py took 0.060 seconds
[2026-05-07T08:11:20.753+0000] {processor.py:161} INFO - Started process (PID=21225) to work on /workspaces/ETL-with-Airflow/airflow/dags/two_task_dag.py
[2026-05-07T08:11:20.754+0000] {processor.py:830} INFO - Processing file /workspaces/ETL-with-Airflow/airflow/dags/two_task_dag.py for tasks to queue
[2026-05-07T08:11:20.755+0000] {logging_mixin.py:188} INFO - [2026-05-07T08:11:20.755+0000] {dagbag.py:545} INFO - Filling up the DagBag from /workspaces/ETL-with-Airflow/airflow/dags/two_task_dag.py
[2026-05-07T08:11:20.763+0000] {processor.py:840} INFO - DAG(s) 'two_task_dag' retrieved from /workspaces/ETL-with-Airflow/airflow/dags/two_task_dag.py
[2026-05-07T08:11:20.780+0000] {logging_mixin.py:188} INFO - [2026-05-07T08:11:20.779+0000] {dag.py:3096} INFO - Sync 1 DAGs
[2026-05-07T08:11:20.788+0000] {logging_mixin.py:188} INFO - [2026-05-07T08:11:20.788+0000] {dag.py:3954} INFO - Setting next_dagrun for two_task_dag to None, run_after=None
[2026-05-07T08:11:20.803+0000] {processor.py:183} INFO - Processing /workspaces/ETL-with-Airflow/airflow/dags/two_task_dag.py took 0.054 seconds
[2026-05-07T08:11:51.041+0000] {processor.py:161} INFO - Started process (PID=21435) to work on /workspaces/ETL-with-Airflow/airflow/dags/two_task_dag.py
[2026-05-07T08:11:51.042+0000] {processor.py:830} INFO - Processing file /workspaces/ETL-with-Airflow/airflow/dags/two_task_dag.py for tasks to queue
[2026-05-07T08:11:51.043+0000] {logging_mixin.py:188} INFO - [2026-05-07T08:11:51.043+0000] {dagbag.py:545} INFO - Filling up the DagBag from /workspaces/ETL-with-Airflow/airflow/dags/two_task_dag.py
[2026-05-07T08:11:51.051+0000] {processor.py:840} INFO - DAG(s) 'two_task_dag' retrieved from /workspaces/ETL-with-Airflow/airflow/dags/two_task_dag.py
[2026-05-07T08:11:51.069+0000] {logging_mixin.py:188} INFO - [2026-05-07T08:11:51.068+0000] {dag.py:3096} INFO - Sync 1 DAGs
[2026-05-07T08:11:51.077+0000] {logging_mixin.py:188} INFO - [2026-05-07T08:11:51.077+0000] {dag.py:3954} INFO - Setting next_dagrun for two_task_dag to None, run_after=None
[2026-05-07T08:11:51.092+0000] {processor.py:183} INFO - Processing /workspaces/ETL-with-Airflow/airflow/dags/two_task_dag.py took 0.056 seconds
[2026-05-07T08:12:21.329+0000] {processor.py:161} INFO - Started process (PID=21640) to work on /workspaces/ETL-with-Airflow/airflow/dags/two_task_dag.py
[2026-05-07T08:12:21.330+0000] {processor.py:830} INFO - Processing file /workspaces/ETL-with-Airflow/airflow/dags/two_task_dag.py for tasks to queue
[2026-05-07T08:12:21.332+0000] {logging_mixin.py:188} INFO - [2026-05-07T08:12:21.331+0000] {dagbag.py:545} INFO - Filling up the DagBag from /workspaces/ETL-with-Airflow/airflow/dags/two_task_dag.py
[2026-05-07T08:12:21.339+0000] {processor.py:840} INFO - DAG(s) 'two_task_dag' retrieved from /workspaces/ETL-with-Airflow/airflow/dags/two_task_dag.py
[2026-05-07T08:12:21.357+0000] {logging_mixin.py:188} INFO - [2026-05-07T08:12:21.356+0000] {dag.py:3096} INFO - Sync 1 DAGs
[2026-05-07T08:12:21.365+0000] {logging_mixin.py:188} INFO - [2026-05-07T08:12:21.365+0000] {dag.py:3954} INFO - Setting next_dagrun for two_task_dag to None, run_after=None
[2026-05-07T08:12:21.379+0000] {processor.py:183} INFO - Processing /workspaces/ETL-with-Airflow/airflow/dags/two_task_dag.py took 0.054 seconds
[2026-05-07T08:12:51.590+0000] {processor.py:161} INFO - Started process (PID=21850) to work on /workspaces/ETL-with-Airflow/airflow/dags/two_task_dag.py
[2026-05-07T08:12:51.591+0000] {processor.py:830} INFO - Processing file /workspaces/ETL-with-Airflow/airflow/dags/two_task_dag.py for tasks to queue
[2026-05-07T08:12:51.592+0000] {logging_mixin.py:188} INFO - [2026-05-07T08:12:51.592+0000] {dagbag.py:545} INFO - Filling up the DagBag from /workspaces/ETL-with-Airflow/airflow/dags/two_task_dag.py
[2026-05-07T08:12:51.599+0000] {processor.py:840} INFO - DAG(s) 'two_task_dag' retrieved from /workspaces/ETL-with-Airflow/airflow/dags/two_task_dag.py
[2026-05-07T08:12:51.616+0000] {logging_mixin.py:188} INFO - [2026-05-07T08:12:51.616+0000] {dag.py:3096} INFO - Sync 1 DAGs
[2026-05-07T08:12:51.625+0000] {logging_mixin.py:188} INFO - [2026-05-07T08:12:51.625+0000] {dag.py:3954} INFO - Setting next_dagrun for two_task_dag to None, run_after=None
[2026-05-07T08:12:51.640+0000] {processor.py:183} INFO - Processing /workspaces/ETL-with-Airflow/airflow/dags/two_task_dag.py took 0.054 seconds
[2026-05-07T08:13:21.858+0000] {processor.py:161} INFO - Started process (PID=22060) to work on /workspaces/ETL-with-Airflow/airflow/dags/two_task_dag.py
[2026-05-07T08:13:21.859+0000] {processor.py:830} INFO - Processing file /workspaces/ETL-with-Airflow/airflow/dags/two_task_dag.py for tasks to queue
[2026-05-07T08:13:21.861+0000] {logging_mixin.py:188} INFO - [2026-05-07T08:13:21.860+0000] {dagbag.py:545} INFO - Filling up the DagBag from /workspaces/ETL-with-Airflow/airflow/dags/two_task_dag.py
[2026-05-07T08:13:21.868+0000] {processor.py:840} INFO - DAG(s) 'two_task_dag' retrieved from /workspaces/ETL-with-Airflow/airflow/dags/two_task_dag.py
[2026-05-07T08:13:21.885+0000] {logging_mixin.py:188} INFO - [2026-05-07T08:13:21.885+0000] {dag.py:3096} INFO - Sync 1 DAGs
[2026-05-07T08:13:21.894+0000] {logging_mixin.py:188} INFO - [2026-05-07T08:13:21.894+0000] {dag.py:3954} INFO - Setting next_dagrun for two_task_dag to None, run_after=None
[2026-05-07T08:13:21.909+0000] {processor.py:183} INFO - Processing /workspaces/ETL-with-Airflow/airflow/dags/two_task_dag.py took 0.056 seconds
[2026-05-07T08:13:52.156+0000] {processor.py:161} INFO - Started process (PID=22263) to work on /workspaces/ETL-with-Airflow/airflow/dags/two_task_dag.py
[2026-05-07T08:13:52.157+0000] {processor.py:830} INFO - Processing file /workspaces/ETL-with-Airflow/airflow/dags/two_task_dag.py for tasks to queue
[2026-05-07T08:13:52.159+0000] {logging_mixin.py:188} INFO - [2026-05-07T08:13:52.158+0000] {dagbag.py:545} INFO - Filling up the DagBag from /workspaces/ETL-with-Airflow/airflow/dags/two_task_dag.py
[2026-05-07T08:13:52.166+0000] {processor.py:840} INFO - DAG(s) 'two_task_dag' retrieved from /workspaces/ETL-with-Airflow/airflow/dags/two_task_dag.py
[2026-05-07T08:13:52.183+0000] {logging_mixin.py:188} INFO - [2026-05-07T08:13:52.183+0000] {dag.py:3096} INFO - Sync 1 DAGs
[2026-05-07T08:13:52.192+0000] {logging_mixin.py:188} INFO - [2026-05-07T08:13:52.191+0000] {dag.py:3954} INFO - Setting next_dagrun for two_task_dag to None, run_after=None
[2026-05-07T08:13:52.206+0000] {processor.py:183} INFO - Processing /workspaces/ETL-with-Airflow/airflow/dags/two_task_dag.py took 0.054 seconds
[2026-05-07T08:14:22.443+0000] {processor.py:161} INFO - Started process (PID=22474) to work on /workspaces/ETL-with-Airflow/airflow/dags/two_task_dag.py
[2026-05-07T08:14:22.444+0000] {processor.py:830} INFO - Processing file /workspaces/ETL-with-Airflow/airflow/dags/two_task_dag.py for tasks to queue
[2026-05-07T08:14:22.446+0000] {logging_mixin.py:188} INFO - [2026-05-07T08:14:22.446+0000] {dagbag.py:545} INFO - Filling up the DagBag from /workspaces/ETL-with-Airflow/airflow/dags/two_task_dag.py
[2026-05-07T08:14:22.453+0000] {processor.py:840} INFO - DAG(s) 'two_task_dag' retrieved from /workspaces/ETL-with-Airflow/airflow/dags/two_task_dag.py
[2026-05-07T08:14:22.470+0000] {logging_mixin.py:188} INFO - [2026-05-07T08:14:22.470+0000] {dag.py:3096} INFO - Sync 1 DAGs
[2026-05-07T08:14:22.479+0000] {logging_mixin.py:188} INFO - [2026-05-07T08:14:22.479+0000] {dag.py:3954} INFO - Setting next_dagrun for two_task_dag to None, run_after=None
[2026-05-07T08:14:22.493+0000] {processor.py:183} INFO - Processing /workspaces/ETL-with-Airflow/airflow/dags/two_task_dag.py took 0.054 seconds
[2026-05-07T08:14:52.731+0000] {processor.py:161} INFO - Started process (PID=22679) to work on /workspaces/ETL-with-Airflow/airflow/dags/two_task_dag.py
[2026-05-07T08:14:52.732+0000] {processor.py:830} INFO - Processing file /workspaces/ETL-with-Airflow/airflow/dags/two_task_dag.py for tasks to queue
[2026-05-07T08:14:52.734+0000] {logging_mixin.py:188} INFO - [2026-05-07T08:14:52.733+0000] {dagbag.py:545} INFO - Filling up the DagBag from /workspaces/ETL-with-Airflow/airflow/dags/two_task_dag.py
[2026-05-07T08:14:52.743+0000] {processor.py:840} INFO - DAG(s) 'two_task_dag' retrieved from /workspaces/ETL-with-Airflow/airflow/dags/two_task_dag.py
[2026-05-07T08:14:52.761+0000] {logging_mixin.py:188} INFO - [2026-05-07T08:14:52.761+0000] {dag.py:3096} INFO - Sync 1 DAGs
[2026-05-07T08:14:52.769+0000] {logging_mixin.py:188} INFO - [2026-05-07T08:14:52.769+0000] {dag.py:3954} INFO - Setting next_dagrun for two_task_dag to None, run_after=None
[2026-05-07T08:14:52.785+0000] {processor.py:183} INFO - Processing /workspaces/ETL-with-Airflow/airflow/dags/two_task_dag.py took 0.058 seconds
[2026-05-07T08:15:22.888+0000] {processor.py:161} INFO - Started process (PID=22886) to work on /workspaces/ETL-with-Airflow/airflow/dags/two_task_dag.py
[2026-05-07T08:15:22.889+0000] {processor.py:830} INFO - Processing file /workspaces/ETL-with-Airflow/airflow/dags/two_task_dag.py for tasks to queue
[2026-05-07T08:15:22.890+0000] {logging_mixin.py:188} INFO - [2026-05-07T08:15:22.890+0000] {dagbag.py:545} INFO - Filling up the DagBag from /workspaces/ETL-with-Airflow/airflow/dags/two_task_dag.py
[2026-05-07T08:15:22.897+0000] {processor.py:840} INFO - DAG(s) 'two_task_dag' retrieved from /workspaces/ETL-with-Airflow/airflow/dags/two_task_dag.py
[2026-05-07T08:15:22.915+0000] {logging_mixin.py:188} INFO - [2026-05-07T08:15:22.914+0000] {dag.py:3096} INFO - Sync 1 DAGs
[2026-05-07T08:15:22.924+0000] {logging_mixin.py:188} INFO - [2026-05-07T08:15:22.924+0000] {dag.py:3954} INFO - Setting next_dagrun for two_task_dag to None, run_after=None
[2026-05-07T08:15:22.938+0000] {processor.py:183} INFO - Processing /workspaces/ETL-with-Airflow/airflow/dags/two_task_dag.py took 0.055 seconds
[2026-05-07T08:15:53.220+0000] {processor.py:161} INFO - Started process (PID=23095) to work on /workspaces/ETL-with-Airflow/airflow/dags/two_task_dag.py
[2026-05-07T08:15:53.221+0000] {processor.py:830} INFO - Processing file /workspaces/ETL-with-Airflow/airflow/dags/two_task_dag.py for tasks to queue
[2026-05-07T08:15:53.223+0000] {logging_mixin.py:188} INFO - [2026-05-07T08:15:53.222+0000] {dagbag.py:545} INFO - Filling up the DagBag from /workspaces/ETL-with-Airflow/airflow/dags/two_task_dag.py
[2026-05-07T08:15:53.231+0000] {processor.py:840} INFO - DAG(s) 'two_task_dag' retrieved from /workspaces/ETL-with-Airflow/airflow/dags/two_task_dag.py
[2026-05-07T08:15:53.248+0000] {logging_mixin.py:188} INFO - [2026-05-07T08:15:53.248+0000] {dag.py:3096} INFO - Sync 1 DAGs
[2026-05-07T08:15:53.257+0000] {logging_mixin.py:188} INFO - [2026-05-07T08:15:53.257+0000] {dag.py:3954} INFO - Setting next_dagrun for two_task_dag to None, run_after=None
[2026-05-07T08:15:53.271+0000] {processor.py:183} INFO - Processing /workspaces/ETL-with-Airflow/airflow/dags/two_task_dag.py took 0.056 seconds
[2026-05-07T08:16:23.509+0000] {processor.py:161} INFO - Started process (PID=23305) to work on /workspaces/ETL-with-Airflow/airflow/dags/two_task_dag.py
[2026-05-07T08:16:23.509+0000] {processor.py:830} INFO - Processing file /workspaces/ETL-with-Airflow/airflow/dags/two_task_dag.py for tasks to queue
[2026-05-07T08:16:23.511+0000] {logging_mixin.py:188} INFO - [2026-05-07T08:16:23.511+0000] {dagbag.py:545} INFO - Filling up the DagBag from /workspaces/ETL-with-Airflow/airflow/dags/two_task_dag.py
[2026-05-07T08:16:23.519+0000] {processor.py:840} INFO - DAG(s) 'two_task_dag' retrieved from /workspaces/ETL-with-Airflow/airflow/dags/two_task_dag.py
[2026-05-07T08:16:23.537+0000] {logging_mixin.py:188} INFO - [2026-05-07T08:16:23.536+0000] {dag.py:3096} INFO - Sync 1 DAGs
[2026-05-07T08:16:23.545+0000] {logging_mixin.py:188} INFO - [2026-05-07T08:16:23.545+0000] {dag.py:3954} INFO - Setting next_dagrun for two_task_dag to None, run_after=None
[2026-05-07T08:16:23.560+0000] {processor.py:183} INFO - Processing /workspaces/ETL-with-Airflow/airflow/dags/two_task_dag.py took 0.055 seconds
[2026-05-07T08:16:53.820+0000] {processor.py:161} INFO - Started process (PID=23509) to work on /workspaces/ETL-with-Airflow/airflow/dags/two_task_dag.py
[2026-05-07T08:16:53.821+0000] {processor.py:830} INFO - Processing file /workspaces/ETL-with-Airflow/airflow/dags/two_task_dag.py for tasks to queue
[2026-05-07T08:16:53.823+0000] {logging_mixin.py:188} INFO - [2026-05-07T08:16:53.823+0000] {dagbag.py:545} INFO - Filling up the DagBag from /workspaces/ETL-with-Airflow/airflow/dags/two_task_dag.py
[2026-05-07T08:16:53.830+0000] {processor.py:840} INFO - DAG(s) 'two_task_dag' retrieved from /workspaces/ETL-with-Airflow/airflow/dags/two_task_dag.py
[2026-05-07T08:16:53.848+0000] {logging_mixin.py:188} INFO - [2026-05-07T08:16:53.847+0000] {dag.py:3096} INFO - Sync 1 DAGs
[2026-05-07T08:16:53.856+0000] {logging_mixin.py:188} INFO - [2026-05-07T08:16:53.856+0000] {dag.py:3954} INFO - Setting next_dagrun for two_task_dag to None, run_after=None
[2026-05-07T08:16:53.871+0000] {processor.py:183} INFO - Processing /workspaces/ETL-with-Airflow/airflow/dags/two_task_dag.py took 0.055 seconds
[2026-05-07T08:17:24.131+0000] {processor.py:161} INFO - Started process (PID=23719) to work on /workspaces/ETL-with-Airflow/airflow/dags/two_task_dag.py
[2026-05-07T08:17:24.132+0000] {processor.py:830} INFO - Processing file /workspaces/ETL-with-Airflow/airflow/dags/two_task_dag.py for tasks to queue
[2026-05-07T08:17:24.133+0000] {logging_mixin.py:188} INFO - [2026-05-07T08:17:24.133+0000] {dagbag.py:545} INFO - Filling up the DagBag from /workspaces/ETL-with-Airflow/airflow/dags/two_task_dag.py
[2026-05-07T08:17:24.141+0000] {processor.py:840} INFO - DAG(s) 'two_task_dag' retrieved from /workspaces/ETL-with-Airflow/airflow/dags/two_task_dag.py
[2026-05-07T08:17:24.158+0000] {logging_mixin.py:188} INFO - [2026-05-07T08:17:24.157+0000] {dag.py:3096} INFO - Sync 1 DAGs
[2026-05-07T08:17:24.166+0000] {logging_mixin.py:188} INFO - [2026-05-07T08:17:24.166+0000] {dag.py:3954} INFO - Setting next_dagrun for two_task_dag to None, run_after=None
[2026-05-07T08:17:24.181+0000] {processor.py:183} INFO - Processing /workspaces/ETL-with-Airflow/airflow/dags/two_task_dag.py took 0.054 seconds
[2026-05-07T08:17:54.318+0000] {processor.py:161} INFO - Started process (PID=23928) to work on /workspaces/ETL-with-Airflow/airflow/dags/two_task_dag.py
[2026-05-07T08:17:54.319+0000] {processor.py:830} INFO - Processing file /workspaces/ETL-with-Airflow/airflow/dags/two_task_dag.py for tasks to queue
[2026-05-07T08:17:54.320+0000] {logging_mixin.py:188} INFO - [2026-05-07T08:17:54.320+0000] {dagbag.py:545} INFO - Filling up the DagBag from /workspaces/ETL-with-Airflow/airflow/dags/two_task_dag.py
[2026-05-07T08:17:54.328+0000] {processor.py:840} INFO - DAG(s) 'two_task_dag' retrieved from /workspaces/ETL-with-Airflow/airflow/dags/two_task_dag.py
[2026-05-07T08:17:54.345+0000] {logging_mixin.py:188} INFO - [2026-05-07T08:17:54.345+0000] {dag.py:3096} INFO - Sync 1 DAGs
[2026-05-07T08:17:54.354+0000] {logging_mixin.py:188} INFO - [2026-05-07T08:17:54.354+0000] {dag.py:3954} INFO - Setting next_dagrun for two_task_dag to None, run_after=None
[2026-05-07T08:17:54.370+0000] {processor.py:183} INFO - Processing /workspaces/ETL-with-Airflow/airflow/dags/two_task_dag.py took 0.056 seconds
[2026-05-07T08:18:24.508+0000] {processor.py:161} INFO - Started process (PID=24135) to work on /workspaces/ETL-with-Airflow/airflow/dags/two_task_dag.py
[2026-05-07T08:18:24.509+0000] {processor.py:830} INFO - Processing file /workspaces/ETL-with-Airflow/airflow/dags/two_task_dag.py for tasks to queue
[2026-05-07T08:18:24.510+0000] {logging_mixin.py:188} INFO - [2026-05-07T08:18:24.510+0000] {dagbag.py:545} INFO - Filling up the DagBag from /workspaces/ETL-with-Airflow/airflow/dags/two_task_dag.py
[2026-05-07T08:18:24.518+0000] {processor.py:840} INFO - DAG(s) 'two_task_dag' retrieved from /workspaces/ETL-with-Airflow/airflow/dags/two_task_dag.py
[2026-05-07T08:18:24.535+0000] {logging_mixin.py:188} INFO - [2026-05-07T08:18:24.535+0000] {dag.py:3096} INFO - Sync 1 DAGs
[2026-05-07T08:18:24.544+0000] {logging_mixin.py:188} INFO - [2026-05-07T08:18:24.543+0000] {dag.py:3954} INFO - Setting next_dagrun for two_task_dag to None, run_after=None
[2026-05-07T08:18:24.558+0000] {processor.py:183} INFO - Processing /workspaces/ETL-with-Airflow/airflow/dags/two_task_dag.py took 0.055 seconds
[2026-05-07T08:18:54.696+0000] {processor.py:161} INFO - Started process (PID=24341) to work on /workspaces/ETL-with-Airflow/airflow/dags/two_task_dag.py
[2026-05-07T08:18:54.696+0000] {processor.py:830} INFO - Processing file /workspaces/ETL-with-Airflow/airflow/dags/two_task_dag.py for tasks to queue
[2026-05-07T08:18:54.698+0000] {logging_mixin.py:188} INFO - [2026-05-07T08:18:54.697+0000] {dagbag.py:545} INFO - Filling up the DagBag from /workspaces/ETL-with-Airflow/airflow/dags/two_task_dag.py
[2026-05-07T08:18:54.705+0000] {processor.py:840} INFO - DAG(s) 'two_task_dag' retrieved from /workspaces/ETL-with-Airflow/airflow/dags/two_task_dag.py
[2026-05-07T08:18:54.722+0000] {logging_mixin.py:188} INFO - [2026-05-07T08:18:54.722+0000] {dag.py:3096} INFO - Sync 1 DAGs
[2026-05-07T08:18:54.731+0000] {logging_mixin.py:188} INFO - [2026-05-07T08:18:54.731+0000] {dag.py:3954} INFO - Setting next_dagrun for two_task_dag to None, run_after=None
[2026-05-07T08:18:54.746+0000] {processor.py:183} INFO - Processing /workspaces/ETL-with-Airflow/airflow/dags/two_task_dag.py took 0.055 seconds
[2026-05-07T08:19:24.881+0000] {processor.py:161} INFO - Started process (PID=24547) to work on /workspaces/ETL-with-Airflow/airflow/dags/two_task_dag.py
[2026-05-07T08:19:24.882+0000] {processor.py:830} INFO - Processing file /workspaces/ETL-with-Airflow/airflow/dags/two_task_dag.py for tasks to queue
[2026-05-07T08:19:24.883+0000] {logging_mixin.py:188} INFO - [2026-05-07T08:19:24.883+0000] {dagbag.py:545} INFO - Filling up the DagBag from /workspaces/ETL-with-Airflow/airflow/dags/two_task_dag.py
[2026-05-07T08:19:24.891+0000] {processor.py:840} INFO - DAG(s) 'two_task_dag' retrieved from /workspaces/ETL-with-Airflow/airflow/dags/two_task_dag.py
[2026-05-07T08:19:24.908+0000] {logging_mixin.py:188} INFO - [2026-05-07T08:19:24.908+0000] {dag.py:3096} INFO - Sync 1 DAGs
[2026-05-07T08:19:24.918+0000] {logging_mixin.py:188} INFO - [2026-05-07T08:19:24.917+0000] {dag.py:3954} INFO - Setting next_dagrun for two_task_dag to None, run_after=None
[2026-05-07T08:19:24.932+0000] {processor.py:183} INFO - Processing /workspaces/ETL-with-Airflow/airflow/dags/two_task_dag.py took 0.056 seconds
[2026-05-07T08:19:55.067+0000] {processor.py:161} INFO - Started process (PID=24756) to work on /workspaces/ETL-with-Airflow/airflow/dags/two_task_dag.py
[2026-05-07T08:19:55.068+0000] {processor.py:830} INFO - Processing file /workspaces/ETL-with-Airflow/airflow/dags/two_task_dag.py for tasks to queue
[2026-05-07T08:19:55.069+0000] {logging_mixin.py:188} INFO - [2026-05-07T08:19:55.069+0000] {dagbag.py:545} INFO - Filling up the DagBag from /workspaces/ETL-with-Airflow/airflow/dags/two_task_dag.py
[2026-05-07T08:19:55.077+0000] {processor.py:840} INFO - DAG(s) 'two_task_dag' retrieved from /workspaces/ETL-with-Airflow/airflow/dags/two_task_dag.py
[2026-05-07T08:19:55.094+0000] {logging_mixin.py:188} INFO - [2026-05-07T08:19:55.094+0000] {dag.py:3096} INFO - Sync 1 DAGs
[2026-05-07T08:19:55.103+0000] {logging_mixin.py:188} INFO - [2026-05-07T08:19:55.103+0000] {dag.py:3954} INFO - Setting next_dagrun for two_task_dag to None, run_after=None
[2026-05-07T08:19:55.117+0000] {processor.py:183} INFO - Processing /workspaces/ETL-with-Airflow/airflow/dags/two_task_dag.py took 0.055 seconds
[2026-05-07T08:20:25.253+0000] {processor.py:161} INFO - Started process (PID=24960) to work on /workspaces/ETL-with-Airflow/airflow/dags/two_task_dag.py
[2026-05-07T08:20:25.254+0000] {processor.py:830} INFO - Processing file /workspaces/ETL-with-Airflow/airflow/dags/two_task_dag.py for tasks to queue
[2026-05-07T08:20:25.255+0000] {logging_mixin.py:188} INFO - [2026-05-07T08:20:25.255+0000] {dagbag.py:545} INFO - Filling up the DagBag from /workspaces/ETL-with-Airflow/airflow/dags/two_task_dag.py
[2026-05-07T08:20:25.263+0000] {processor.py:840} INFO - DAG(s) 'two_task_dag' retrieved from /workspaces/ETL-with-Airflow/airflow/dags/two_task_dag.py
[2026-05-07T08:20:25.280+0000] {logging_mixin.py:188} INFO - [2026-05-07T08:20:25.280+0000] {dag.py:3096} INFO - Sync 1 DAGs
[2026-05-07T08:20:25.289+0000] {logging_mixin.py:188} INFO - [2026-05-07T08:20:25.289+0000] {dag.py:3954} INFO - Setting next_dagrun for two_task_dag to None, run_after=None
[2026-05-07T08:20:25.304+0000] {processor.py:183} INFO - Processing /workspaces/ETL-with-Airflow/airflow/dags/two_task_dag.py took 0.055 seconds
[2026-05-07T08:20:55.424+0000] {processor.py:161} INFO - Started process (PID=25171) to work on /workspaces/ETL-with-Airflow/airflow/dags/two_task_dag.py
[2026-05-07T08:20:55.425+0000] {processor.py:830} INFO - Processing file /workspaces/ETL-with-Airflow/airflow/dags/two_task_dag.py for tasks to queue
[2026-05-07T08:20:55.426+0000] {logging_mixin.py:188} INFO - [2026-05-07T08:20:55.426+0000] {dagbag.py:545} INFO - Filling up the DagBag from /workspaces/ETL-with-Airflow/airflow/dags/two_task_dag.py
[2026-05-07T08:20:55.434+0000] {processor.py:840} INFO - DAG(s) 'two_task_dag' retrieved from /workspaces/ETL-with-Airflow/airflow/dags/two_task_dag.py
[2026-05-07T08:20:55.451+0000] {logging_mixin.py:188} INFO - [2026-05-07T08:20:55.451+0000] {dag.py:3096} INFO - Sync 1 DAGs
[2026-05-07T08:20:55.460+0000] {logging_mixin.py:188} INFO - [2026-05-07T08:20:55.460+0000] {dag.py:3954} INFO - Setting next_dagrun for two_task_dag to None, run_after=None
[2026-05-07T08:20:55.474+0000] {processor.py:183} INFO - Processing /workspaces/ETL-with-Airflow/airflow/dags/two_task_dag.py took 0.055 seconds
[2026-05-07T08:21:25.633+0000] {processor.py:161} INFO - Started process (PID=25370) to work on /workspaces/ETL-with-Airflow/airflow/dags/two_task_dag.py
[2026-05-07T08:21:25.633+0000] {processor.py:830} INFO - Processing file /workspaces/ETL-with-Airflow/airflow/dags/two_task_dag.py for tasks to queue
[2026-05-07T08:21:25.635+0000] {logging_mixin.py:188} INFO - [2026-05-07T08:21:25.634+0000] {dagbag.py:545} INFO - Filling up the DagBag from /workspaces/ETL-with-Airflow/airflow/dags/two_task_dag.py
[2026-05-07T08:21:25.642+0000] {processor.py:840} INFO - DAG(s) 'two_task_dag' retrieved from /workspaces/ETL-with-Airflow/airflow/dags/two_task_dag.py
[2026-05-07T08:21:25.659+0000] {logging_mixin.py:188} INFO - [2026-05-07T08:21:25.659+0000] {dag.py:3096} INFO - Sync 1 DAGs
[2026-05-07T08:21:25.671+0000] {logging_mixin.py:188} INFO - [2026-05-07T08:21:25.671+0000] {dag.py:3954} INFO - Setting next_dagrun for two_task_dag to None, run_after=None
[2026-05-07T08:21:25.693+0000] {processor.py:183} INFO - Processing /workspaces/ETL-with-Airflow/airflow/dags/two_task_dag.py took 0.064 seconds
[2026-05-07T08:21:55.845+0000] {processor.py:161} INFO - Started process (PID=25580) to work on /workspaces/ETL-with-Airflow/airflow/dags/two_task_dag.py
[2026-05-07T08:21:55.845+0000] {processor.py:830} INFO - Processing file /workspaces/ETL-with-Airflow/airflow/dags/two_task_dag.py for tasks to queue
[2026-05-07T08:21:55.847+0000] {logging_mixin.py:188} INFO - [2026-05-07T08:21:55.846+0000] {dagbag.py:545} INFO - Filling up the DagBag from /workspaces/ETL-with-Airflow/airflow/dags/two_task_dag.py
[2026-05-07T08:21:55.854+0000] {processor.py:840} INFO - DAG(s) 'two_task_dag' retrieved from /workspaces/ETL-with-Airflow/airflow/dags/two_task_dag.py
[2026-05-07T08:21:55.872+0000] {logging_mixin.py:188} INFO - [2026-05-07T08:21:55.872+0000] {dag.py:3096} INFO - Sync 1 DAGs
[2026-05-07T08:21:55.881+0000] {logging_mixin.py:188} INFO - [2026-05-07T08:21:55.881+0000] {dag.py:3954} INFO - Setting next_dagrun for two_task_dag to None, run_after=None
[2026-05-07T08:21:55.897+0000] {processor.py:183} INFO - Processing /workspaces/ETL-with-Airflow/airflow/dags/two_task_dag.py took 0.056 seconds
[2026-05-07T08:22:26.038+0000] {processor.py:161} INFO - Started process (PID=25788) to work on /workspaces/ETL-with-Airflow/airflow/dags/two_task_dag.py
[2026-05-07T08:22:26.039+0000] {processor.py:830} INFO - Processing file /workspaces/ETL-with-Airflow/airflow/dags/two_task_dag.py for tasks to queue
[2026-05-07T08:22:26.040+0000] {logging_mixin.py:188} INFO - [2026-05-07T08:22:26.040+0000] {dagbag.py:545} INFO - Filling up the DagBag from /workspaces/ETL-with-Airflow/airflow/dags/two_task_dag.py
[2026-05-07T08:22:26.048+0000] {processor.py:840} INFO - DAG(s) 'two_task_dag' retrieved from /workspaces/ETL-with-Airflow/airflow/dags/two_task_dag.py
[2026-05-07T08:22:26.065+0000] {logging_mixin.py:188} INFO - [2026-05-07T08:22:26.065+0000] {dag.py:3096} INFO - Sync 1 DAGs
[2026-05-07T08:22:26.074+0000] {logging_mixin.py:188} INFO - [2026-05-07T08:22:26.074+0000] {dag.py:3954} INFO - Setting next_dagrun for two_task_dag to None, run_after=None
[2026-05-07T08:22:26.088+0000] {processor.py:183} INFO - Processing /workspaces/ETL-with-Airflow/airflow/dags/two_task_dag.py took 0.054 seconds
[2026-05-07T08:22:56.233+0000] {processor.py:161} INFO - Started process (PID=26000) to work on /workspaces/ETL-with-Airflow/airflow/dags/two_task_dag.py
[2026-05-07T08:22:56.234+0000] {processor.py:830} INFO - Processing file /workspaces/ETL-with-Airflow/airflow/dags/two_task_dag.py for tasks to queue
[2026-05-07T08:22:56.236+0000] {logging_mixin.py:188} INFO - [2026-05-07T08:22:56.235+0000] {dagbag.py:545} INFO - Filling up the DagBag from /workspaces/ETL-with-Airflow/airflow/dags/two_task_dag.py
[2026-05-07T08:22:56.243+0000] {processor.py:840} INFO - DAG(s) 'two_task_dag' retrieved from /workspaces/ETL-with-Airflow/airflow/dags/two_task_dag.py
[2026-05-07T08:22:56.260+0000] {logging_mixin.py:188} INFO - [2026-05-07T08:22:56.260+0000] {dag.py:3096} INFO - Sync 1 DAGs
[2026-05-07T08:22:56.269+0000] {logging_mixin.py:188} INFO - [2026-05-07T08:22:56.269+0000] {dag.py:3954} INFO - Setting next_dagrun for two_task_dag to None, run_after=None
[2026-05-07T08:22:56.283+0000] {processor.py:183} INFO - Processing /workspaces/ETL-with-Airflow/airflow/dags/two_task_dag.py took 0.054 seconds
[2026-05-07T08:23:26.422+0000] {processor.py:161} INFO - Started process (PID=26211) to work on /workspaces/ETL-with-Airflow/airflow/dags/two_task_dag.py
[2026-05-07T08:23:26.423+0000] {processor.py:830} INFO - Processing file /workspaces/ETL-with-Airflow/airflow/dags/two_task_dag.py for tasks to queue
[2026-05-07T08:23:26.425+0000] {logging_mixin.py:188} INFO - [2026-05-07T08:23:26.424+0000] {dagbag.py:545} INFO - Filling up the DagBag from /workspaces/ETL-with-Airflow/airflow/dags/two_task_dag.py
[2026-05-07T08:23:26.435+0000] {processor.py:840} INFO - DAG(s) 'two_task_dag' retrieved from /workspaces/ETL-with-Airflow/airflow/dags/two_task_dag.py
[2026-05-07T08:23:26.461+0000] {logging_mixin.py:188} INFO - [2026-05-07T08:23:26.461+0000] {dag.py:3096} INFO - Sync 1 DAGs
[2026-05-07T08:23:26.475+0000] {logging_mixin.py:188} INFO - [2026-05-07T08:23:26.475+0000] {dag.py:3954} INFO - Setting next_dagrun for two_task_dag to None, run_after=None
[2026-05-07T08:23:26.492+0000] {processor.py:183} INFO - Processing /workspaces/ETL-with-Airflow/airflow/dags/two_task_dag.py took 0.076 seconds
[2026-05-07T08:23:56.607+0000] {processor.py:161} INFO - Started process (PID=26413) to work on /workspaces/ETL-with-Airflow/airflow/dags/two_task_dag.py
[2026-05-07T08:23:56.608+0000] {processor.py:830} INFO - Processing file /workspaces/ETL-with-Airflow/airflow/dags/two_task_dag.py for tasks to queue
[2026-05-07T08:23:56.609+0000] {logging_mixin.py:188} INFO - [2026-05-07T08:23:56.609+0000] {dagbag.py:545} INFO - Filling up the DagBag from /workspaces/ETL-with-Airflow/airflow/dags/two_task_dag.py
[2026-05-07T08:23:56.617+0000] {processor.py:840} INFO - DAG(s) 'two_task_dag' retrieved from /workspaces/ETL-with-Airflow/airflow/dags/two_task_dag.py
[2026-05-07T08:23:56.634+0000] {logging_mixin.py:188} INFO - [2026-05-07T08:23:56.633+0000] {dag.py:3096} INFO - Sync 1 DAGs
[2026-05-07T08:23:56.643+0000] {logging_mixin.py:188} INFO - [2026-05-07T08:23:56.642+0000] {dag.py:3954} INFO - Setting next_dagrun for two_task_dag to None, run_after=None
[2026-05-07T08:23:56.657+0000] {processor.py:183} INFO - Processing /workspaces/ETL-with-Airflow/airflow/dags/two_task_dag.py took 0.055 seconds
[2026-05-07T08:24:26.783+0000] {processor.py:161} INFO - Started process (PID=26616) to work on /workspaces/ETL-with-Airflow/airflow/dags/two_task_dag.py
[2026-05-07T08:24:26.783+0000] {processor.py:830} INFO - Processing file /workspaces/ETL-with-Airflow/airflow/dags/two_task_dag.py for tasks to queue
[2026-05-07T08:24:26.785+0000] {logging_mixin.py:188} INFO - [2026-05-07T08:24:26.785+0000] {dagbag.py:545} INFO - Filling up the DagBag from /workspaces/ETL-with-Airflow/airflow/dags/two_task_dag.py
[2026-05-07T08:24:26.792+0000] {processor.py:840} INFO - DAG(s) 'two_task_dag' retrieved from /workspaces/ETL-with-Airflow/airflow/dags/two_task_dag.py
[2026-05-07T08:24:26.810+0000] {logging_mixin.py:188} INFO - [2026-05-07T08:24:26.810+0000] {dag.py:3096} INFO - Sync 1 DAGs
[2026-05-07T08:24:26.818+0000] {logging_mixin.py:188} INFO - [2026-05-07T08:24:26.818+0000] {dag.py:3954} INFO - Setting next_dagrun for two_task_dag to None, run_after=None
[2026-05-07T08:24:26.833+0000] {processor.py:183} INFO - Processing /workspaces/ETL-with-Airflow/airflow/dags/two_task_dag.py took 0.054 seconds
[2026-05-07T08:24:56.968+0000] {processor.py:161} INFO - Started process (PID=26820) to work on /workspaces/ETL-with-Airflow/airflow/dags/two_task_dag.py
[2026-05-07T08:24:56.969+0000] {processor.py:830} INFO - Processing file /workspaces/ETL-with-Airflow/airflow/dags/two_task_dag.py for tasks to queue
[2026-05-07T08:24:56.970+0000] {logging_mixin.py:188} INFO - [2026-05-07T08:24:56.970+0000] {dagbag.py:545} INFO - Filling up the DagBag from /workspaces/ETL-with-Airflow/airflow/dags/two_task_dag.py
[2026-05-07T08:24:56.978+0000] {processor.py:840} INFO - DAG(s) 'two_task_dag' retrieved from /workspaces/ETL-with-Airflow/airflow/dags/two_task_dag.py
[2026-05-07T08:24:56.995+0000] {logging_mixin.py:188} INFO - [2026-05-07T08:24:56.994+0000] {dag.py:3096} INFO - Sync 1 DAGs
[2026-05-07T08:24:57.003+0000] {logging_mixin.py:188} INFO - [2026-05-07T08:24:57.003+0000] {dag.py:3954} INFO - Setting next_dagrun for two_task_dag to None, run_after=None
[2026-05-07T08:24:57.017+0000] {processor.py:183} INFO - Processing /workspaces/ETL-with-Airflow/airflow/dags/two_task_dag.py took 0.054 seconds
[2026-05-07T08:25:27.155+0000] {processor.py:161} INFO - Started process (PID=27030) to work on /workspaces/ETL-with-Airflow/airflow/dags/two_task_dag.py
[2026-05-07T08:25:27.156+0000] {processor.py:830} INFO - Processing file /workspaces/ETL-with-Airflow/airflow/dags/two_task_dag.py for tasks to queue
[2026-05-07T08:25:27.158+0000] {logging_mixin.py:188} INFO - [2026-05-07T08:25:27.157+0000] {dagbag.py:545} INFO - Filling up the DagBag from /workspaces/ETL-with-Airflow/airflow/dags/two_task_dag.py
[2026-05-07T08:25:27.165+0000] {processor.py:840} INFO - DAG(s) 'two_task_dag' retrieved from /workspaces/ETL-with-Airflow/airflow/dags/two_task_dag.py
[2026-05-07T08:25:27.182+0000] {logging_mixin.py:188} INFO - [2026-05-07T08:25:27.182+0000] {dag.py:3096} INFO - Sync 1 DAGs
[2026-05-07T08:25:27.190+0000] {logging_mixin.py:188} INFO - [2026-05-07T08:25:27.190+0000] {dag.py:3954} INFO - Setting next_dagrun for two_task_dag to None, run_after=None
[2026-05-07T08:25:27.205+0000] {processor.py:183} INFO - Processing /workspaces/ETL-with-Airflow/airflow/dags/two_task_dag.py took 0.055 seconds
[2026-05-07T08:25:57.340+0000] {processor.py:161} INFO - Started process (PID=27233) to work on /workspaces/ETL-with-Airflow/airflow/dags/two_task_dag.py
[2026-05-07T08:25:57.341+0000] {processor.py:830} INFO - Processing file /workspaces/ETL-with-Airflow/airflow/dags/two_task_dag.py for tasks to queue
[2026-05-07T08:25:57.342+0000] {logging_mixin.py:188} INFO - [2026-05-07T08:25:57.342+0000] {dagbag.py:545} INFO - Filling up the DagBag from /workspaces/ETL-with-Airflow/airflow/dags/two_task_dag.py
[2026-05-07T08:25:57.350+0000] {processor.py:840} INFO - DAG(s) 'two_task_dag' retrieved from /workspaces/ETL-with-Airflow/airflow/dags/two_task_dag.py
[2026-05-07T08:25:57.367+0000] {logging_mixin.py:188} INFO - [2026-05-07T08:25:57.366+0000] {dag.py:3096} INFO - Sync 1 DAGs
[2026-05-07T08:25:57.375+0000] {logging_mixin.py:188} INFO - [2026-05-07T08:25:57.375+0000] {dag.py:3954} INFO - Setting next_dagrun for two_task_dag to None, run_after=None
[2026-05-07T08:25:57.390+0000] {processor.py:183} INFO - Processing /workspaces/ETL-with-Airflow/airflow/dags/two_task_dag.py took 0.054 seconds
[2026-05-07T08:26:27.529+0000] {processor.py:161} INFO - Started process (PID=27444) to work on /workspaces/ETL-with-Airflow/airflow/dags/two_task_dag.py
[2026-05-07T08:26:27.530+0000] {processor.py:830} INFO - Processing file /workspaces/ETL-with-Airflow/airflow/dags/two_task_dag.py for tasks to queue
[2026-05-07T08:26:27.531+0000] {logging_mixin.py:188} INFO - [2026-05-07T08:26:27.531+0000] {dagbag.py:545} INFO - Filling up the DagBag from /workspaces/ETL-with-Airflow/airflow/dags/two_task_dag.py
[2026-05-07T08:26:27.539+0000] {processor.py:840} INFO - DAG(s) 'two_task_dag' retrieved from /workspaces/ETL-with-Airflow/airflow/dags/two_task_dag.py
[2026-05-07T08:26:27.558+0000] {logging_mixin.py:188} INFO - [2026-05-07T08:26:27.557+0000] {dag.py:3096} INFO - Sync 1 DAGs
[2026-05-07T08:26:27.566+0000] {logging_mixin.py:188} INFO - [2026-05-07T08:26:27.566+0000] {dag.py:3954} INFO - Setting next_dagrun for two_task_dag to None, run_after=None
[2026-05-07T08:26:27.583+0000] {processor.py:183} INFO - Processing /workspaces/ETL-with-Airflow/airflow/dags/two_task_dag.py took 0.058 seconds
[2026-05-07T08:26:57.734+0000] {processor.py:161} INFO - Started process (PID=27644) to work on /workspaces/ETL-with-Airflow/airflow/dags/two_task_dag.py
[2026-05-07T08:26:57.735+0000] {processor.py:830} INFO - Processing file /workspaces/ETL-with-Airflow/airflow/dags/two_task_dag.py for tasks to queue
[2026-05-07T08:26:57.739+0000] {logging_mixin.py:188} INFO - [2026-05-07T08:26:57.738+0000] {dagbag.py:545} INFO - Filling up the DagBag from /workspaces/ETL-with-Airflow/airflow/dags/two_task_dag.py
[2026-05-07T08:26:57.766+0000] {processor.py:840} INFO - DAG(s) 'two_task_dag' retrieved from /workspaces/ETL-with-Airflow/airflow/dags/two_task_dag.py
[2026-05-07T08:26:57.793+0000] {logging_mixin.py:188} INFO - [2026-05-07T08:26:57.793+0000] {dag.py:3096} INFO - Sync 1 DAGs
[2026-05-07T08:26:57.802+0000] {logging_mixin.py:188} INFO - [2026-05-07T08:26:57.801+0000] {dag.py:3954} INFO - Setting next_dagrun for two_task_dag to None, run_after=None
[2026-05-07T08:26:57.818+0000] {processor.py:183} INFO - Processing /workspaces/ETL-with-Airflow/airflow/dags/two_task_dag.py took 0.090 seconds
[2026-05-07T08:27:27.919+0000] {processor.py:161} INFO - Started process (PID=27856) to work on /workspaces/ETL-with-Airflow/airflow/dags/two_task_dag.py
[2026-05-07T08:27:27.920+0000] {processor.py:830} INFO - Processing file /workspaces/ETL-with-Airflow/airflow/dags/two_task_dag.py for tasks to queue
[2026-05-07T08:27:27.921+0000] {logging_mixin.py:188} INFO - [2026-05-07T08:27:27.921+0000] {dagbag.py:545} INFO - Filling up the DagBag from /workspaces/ETL-with-Airflow/airflow/dags/two_task_dag.py
[2026-05-07T08:27:27.928+0000] {processor.py:840} INFO - DAG(s) 'two_task_dag' retrieved from /workspaces/ETL-with-Airflow/airflow/dags/two_task_dag.py
[2026-05-07T08:27:27.945+0000] {logging_mixin.py:188} INFO - [2026-05-07T08:27:27.945+0000] {dag.py:3096} INFO - Sync 1 DAGs
[2026-05-07T08:27:27.958+0000] {logging_mixin.py:188} INFO - [2026-05-07T08:27:27.958+0000] {dag.py:3954} INFO - Setting next_dagrun for two_task_dag to None, run_after=None
[2026-05-07T08:27:27.973+0000] {processor.py:183} INFO - Processing /workspaces/ETL-with-Airflow/airflow/dags/two_task_dag.py took 0.059 seconds
[2026-05-07T08:27:58.104+0000] {processor.py:161} INFO - Started process (PID=28062) to work on /workspaces/ETL-with-Airflow/airflow/dags/two_task_dag.py
[2026-05-07T08:27:58.105+0000] {processor.py:830} INFO - Processing file /workspaces/ETL-with-Airflow/airflow/dags/two_task_dag.py for tasks to queue
[2026-05-07T08:27:58.106+0000] {logging_mixin.py:188} INFO - [2026-05-07T08:27:58.106+0000] {dagbag.py:545} INFO - Filling up the DagBag from /workspaces/ETL-with-Airflow/airflow/dags/two_task_dag.py
[2026-05-07T08:27:58.113+0000] {processor.py:840} INFO - DAG(s) 'two_task_dag' retrieved from /workspaces/ETL-with-Airflow/airflow/dags/two_task_dag.py
[2026-05-07T08:27:58.136+0000] {logging_mixin.py:188} INFO - [2026-05-07T08:27:58.136+0000] {dag.py:3096} INFO - Sync 1 DAGs
[2026-05-07T08:27:58.145+0000] {logging_mixin.py:188} INFO - [2026-05-07T08:27:58.145+0000] {dag.py:3954} INFO - Setting next_dagrun for two_task_dag to None, run_after=None
[2026-05-07T08:27:58.160+0000] {processor.py:183} INFO - Processing /workspaces/ETL-with-Airflow/airflow/dags/two_task_dag.py took 0.061 seconds
[2026-05-07T08:28:28.292+0000] {processor.py:161} INFO - Started process (PID=28272) to work on /workspaces/ETL-with-Airflow/airflow/dags/two_task_dag.py
[2026-05-07T08:28:28.293+0000] {processor.py:830} INFO - Processing file /workspaces/ETL-with-Airflow/airflow/dags/two_task_dag.py for tasks to queue
[2026-05-07T08:28:28.294+0000] {logging_mixin.py:188} INFO - [2026-05-07T08:28:28.294+0000] {dagbag.py:545} INFO - Filling up the DagBag from /workspaces/ETL-with-Airflow/airflow/dags/two_task_dag.py
[2026-05-07T08:28:28.301+0000] {processor.py:840} INFO - DAG(s) 'two_task_dag' retrieved from /workspaces/ETL-with-Airflow/airflow/dags/two_task_dag.py
[2026-05-07T08:28:28.321+0000] {logging_mixin.py:188} INFO - [2026-05-07T08:28:28.321+0000] {dag.py:3096} INFO - Sync 1 DAGs
[2026-05-07T08:28:28.335+0000] {logging_mixin.py:188} INFO - [2026-05-07T08:28:28.334+0000] {dag.py:3954} INFO - Setting next_dagrun for two_task_dag to None, run_after=None
[2026-05-07T08:28:28.349+0000] {processor.py:183} INFO - Processing /workspaces/ETL-with-Airflow/airflow/dags/two_task_dag.py took 0.062 seconds
[2026-05-07T08:28:58.486+0000] {processor.py:161} INFO - Started process (PID=28482) to work on /workspaces/ETL-with-Airflow/airflow/dags/two_task_dag.py
[2026-05-07T08:28:58.487+0000] {processor.py:830} INFO - Processing file /workspaces/ETL-with-Airflow/airflow/dags/two_task_dag.py for tasks to queue
[2026-05-07T08:28:58.489+0000] {logging_mixin.py:188} INFO - [2026-05-07T08:28:58.488+0000] {dagbag.py:545} INFO - Filling up the DagBag from /workspaces/ETL-with-Airflow/airflow/dags/two_task_dag.py
[2026-05-07T08:28:58.497+0000] {processor.py:840} INFO - DAG(s) 'two_task_dag' retrieved from /workspaces/ETL-with-Airflow/airflow/dags/two_task_dag.py
[2026-05-07T08:28:58.518+0000] {logging_mixin.py:188} INFO - [2026-05-07T08:28:58.518+0000] {dag.py:3096} INFO - Sync 1 DAGs
[2026-05-07T08:28:58.527+0000] {logging_mixin.py:188} INFO - [2026-05-07T08:28:58.527+0000] {dag.py:3954} INFO - Setting next_dagrun for two_task_dag to None, run_after=None
[2026-05-07T08:28:58.556+0000] {processor.py:183} INFO - Processing /workspaces/ETL-with-Airflow/airflow/dags/two_task_dag.py took 0.075 seconds
[2026-05-07T08:29:28.688+0000] {processor.py:161} INFO - Started process (PID=28682) to work on /workspaces/ETL-with-Airflow/airflow/dags/two_task_dag.py
[2026-05-07T08:29:28.689+0000] {processor.py:830} INFO - Processing file /workspaces/ETL-with-Airflow/airflow/dags/two_task_dag.py for tasks to queue
[2026-05-07T08:29:28.691+0000] {logging_mixin.py:188} INFO - [2026-05-07T08:29:28.690+0000] {dagbag.py:545} INFO - Filling up the DagBag from /workspaces/ETL-with-Airflow/airflow/dags/two_task_dag.py
[2026-05-07T08:29:28.700+0000] {processor.py:840} INFO - DAG(s) 'two_task_dag' retrieved from /workspaces/ETL-with-Airflow/airflow/dags/two_task_dag.py
[2026-05-07T08:29:28.726+0000] {logging_mixin.py:188} INFO - [2026-05-07T08:29:28.725+0000] {dag.py:3096} INFO - Sync 1 DAGs
[2026-05-07T08:29:28.746+0000] {logging_mixin.py:188} INFO - [2026-05-07T08:29:28.745+0000] {dag.py:3954} INFO - Setting next_dagrun for two_task_dag to None, run_after=None
[2026-05-07T08:29:28.774+0000] {processor.py:183} INFO - Processing /workspaces/ETL-with-Airflow/airflow/dags/two_task_dag.py took 0.091 seconds
[2026-05-07T08:29:58.886+0000] {processor.py:161} INFO - Started process (PID=28896) to work on /workspaces/ETL-with-Airflow/airflow/dags/two_task_dag.py
[2026-05-07T08:29:58.887+0000] {processor.py:830} INFO - Processing file /workspaces/ETL-with-Airflow/airflow/dags/two_task_dag.py for tasks to queue
[2026-05-07T08:29:58.888+0000] {logging_mixin.py:188} INFO - [2026-05-07T08:29:58.888+0000] {dagbag.py:545} INFO - Filling up the DagBag from /workspaces/ETL-with-Airflow/airflow/dags/two_task_dag.py
[2026-05-07T08:29:58.896+0000] {processor.py:840} INFO - DAG(s) 'two_task_dag' retrieved from /workspaces/ETL-with-Airflow/airflow/dags/two_task_dag.py
[2026-05-07T08:29:58.913+0000] {logging_mixin.py:188} INFO - [2026-05-07T08:29:58.913+0000] {dag.py:3096} INFO - Sync 1 DAGs
[2026-05-07T08:29:58.927+0000] {logging_mixin.py:188} INFO - [2026-05-07T08:29:58.926+0000] {dag.py:3954} INFO - Setting next_dagrun for two_task_dag to None, run_after=None
[2026-05-07T08:29:58.944+0000] {processor.py:183} INFO - Processing /workspaces/ETL-with-Airflow/airflow/dags/two_task_dag.py took 0.063 seconds
[2026-05-07T08:30:29.092+0000] {processor.py:161} INFO - Started process (PID=29084) to work on /workspaces/ETL-with-Airflow/airflow/dags/two_task_dag.py
[2026-05-07T08:30:29.093+0000] {processor.py:830} INFO - Processing file /workspaces/ETL-with-Airflow/airflow/dags/two_task_dag.py for tasks to queue
[2026-05-07T08:30:29.096+0000] {logging_mixin.py:188} INFO - [2026-05-07T08:30:29.096+0000] {dagbag.py:545} INFO - Filling up the DagBag from /workspaces/ETL-with-Airflow/airflow/dags/two_task_dag.py
[2026-05-07T08:30:29.106+0000] {processor.py:840} INFO - DAG(s) 'two_task_dag' retrieved from /workspaces/ETL-with-Airflow/airflow/dags/two_task_dag.py
[2026-05-07T08:30:29.140+0000] {logging_mixin.py:188} INFO - [2026-05-07T08:30:29.140+0000] {dag.py:3096} INFO - Sync 1 DAGs
[2026-05-07T08:30:29.152+0000] {logging_mixin.py:188} INFO - [2026-05-07T08:30:29.152+0000] {dag.py:3954} INFO - Setting next_dagrun for two_task_dag to None, run_after=None
[2026-05-07T08:30:29.177+0000] {processor.py:183} INFO - Processing /workspaces/ETL-with-Airflow/airflow/dags/two_task_dag.py took 0.092 seconds
[2026-05-07T08:30:59.292+0000] {processor.py:161} INFO - Started process (PID=29296) to work on /workspaces/ETL-with-Airflow/airflow/dags/two_task_dag.py
[2026-05-07T08:30:59.293+0000] {processor.py:830} INFO - Processing file /workspaces/ETL-with-Airflow/airflow/dags/two_task_dag.py for tasks to queue
[2026-05-07T08:30:59.294+0000] {logging_mixin.py:188} INFO - [2026-05-07T08:30:59.294+0000] {dagbag.py:545} INFO - Filling up the DagBag from /workspaces/ETL-with-Airflow/airflow/dags/two_task_dag.py
[2026-05-07T08:30:59.302+0000] {processor.py:840} INFO - DAG(s) 'two_task_dag' retrieved from /workspaces/ETL-with-Airflow/airflow/dags/two_task_dag.py
[2026-05-07T08:30:59.321+0000] {logging_mixin.py:188} INFO - [2026-05-07T08:30:59.321+0000] {dag.py:3096} INFO - Sync 1 DAGs
[2026-05-07T08:30:59.335+0000] {logging_mixin.py:188} INFO - [2026-05-07T08:30:59.334+0000] {dag.py:3954} INFO - Setting next_dagrun for two_task_dag to None, run_after=None
[2026-05-07T08:30:59.351+0000] {processor.py:183} INFO - Processing /workspaces/ETL-with-Airflow/airflow/dags/two_task_dag.py took 0.064 seconds
[2026-05-07T08:31:29.478+0000] {processor.py:161} INFO - Started process (PID=29502) to work on /workspaces/ETL-with-Airflow/airflow/dags/two_task_dag.py
[2026-05-07T08:31:29.479+0000] {processor.py:830} INFO - Processing file /workspaces/ETL-with-Airflow/airflow/dags/two_task_dag.py for tasks to queue
[2026-05-07T08:31:29.480+0000] {logging_mixin.py:188} INFO - [2026-05-07T08:31:29.480+0000] {dagbag.py:545} INFO - Filling up the DagBag from /workspaces/ETL-with-Airflow/airflow/dags/two_task_dag.py
[2026-05-07T08:31:29.488+0000] {processor.py:840} INFO - DAG(s) 'two_task_dag' retrieved from /workspaces/ETL-with-Airflow/airflow/dags/two_task_dag.py
[2026-05-07T08:31:29.505+0000] {logging_mixin.py:188} INFO - [2026-05-07T08:31:29.505+0000] {dag.py:3096} INFO - Sync 1 DAGs
[2026-05-07T08:31:29.514+0000] {logging_mixin.py:188} INFO - [2026-05-07T08:31:29.514+0000] {dag.py:3954} INFO - Setting next_dagrun for two_task_dag to None, run_after=None
[2026-05-07T08:31:29.533+0000] {processor.py:183} INFO - Processing /workspaces/ETL-with-Airflow/airflow/dags/two_task_dag.py took 0.059 seconds
[2026-05-07T08:31:59.667+0000] {processor.py:161} INFO - Started process (PID=29707) to work on /workspaces/ETL-with-Airflow/airflow/dags/two_task_dag.py
[2026-05-07T08:31:59.668+0000] {processor.py:830} INFO - Processing file /workspaces/ETL-with-Airflow/airflow/dags/two_task_dag.py for tasks to queue
[2026-05-07T08:31:59.669+0000] {logging_mixin.py:188} INFO - [2026-05-07T08:31:59.669+0000] {dagbag.py:545} INFO - Filling up the DagBag from /workspaces/ETL-with-Airflow/airflow/dags/two_task_dag.py
[2026-05-07T08:31:59.677+0000] {processor.py:840} INFO - DAG(s) 'two_task_dag' retrieved from /workspaces/ETL-with-Airflow/airflow/dags/two_task_dag.py
[2026-05-07T08:31:59.704+0000] {logging_mixin.py:188} INFO - [2026-05-07T08:31:59.703+0000] {dag.py:3096} INFO - Sync 1 DAGs
[2026-05-07T08:31:59.726+0000] {logging_mixin.py:188} INFO - [2026-05-07T08:31:59.725+0000] {dag.py:3954} INFO - Setting next_dagrun for two_task_dag to None, run_after=None
[2026-05-07T08:31:59.756+0000] {processor.py:183} INFO - Processing /workspaces/ETL-with-Airflow/airflow/dags/two_task_dag.py took 0.093 seconds
[2026-05-07T08:32:29.851+0000] {processor.py:161} INFO - Started process (PID=29914) to work on /workspaces/ETL-with-Airflow/airflow/dags/two_task_dag.py
[2026-05-07T08:32:29.852+0000] {processor.py:830} INFO - Processing file /workspaces/ETL-with-Airflow/airflow/dags/two_task_dag.py for tasks to queue
[2026-05-07T08:32:29.853+0000] {logging_mixin.py:188} INFO - [2026-05-07T08:32:29.853+0000] {dagbag.py:545} INFO - Filling up the DagBag from /workspaces/ETL-with-Airflow/airflow/dags/two_task_dag.py
[2026-05-07T08:32:29.860+0000] {processor.py:840} INFO - DAG(s) 'two_task_dag' retrieved from /workspaces/ETL-with-Airflow/airflow/dags/two_task_dag.py
[2026-05-07T08:32:29.879+0000] {logging_mixin.py:188} INFO - [2026-05-07T08:32:29.879+0000] {dag.py:3096} INFO - Sync 1 DAGs
[2026-05-07T08:32:29.888+0000] {logging_mixin.py:188} INFO - [2026-05-07T08:32:29.888+0000] {dag.py:3954} INFO - Setting next_dagrun for two_task_dag to None, run_after=None
[2026-05-07T08:32:29.903+0000] {processor.py:183} INFO - Processing /workspaces/ETL-with-Airflow/airflow/dags/two_task_dag.py took 0.057 seconds
[2026-05-07T08:33:00.039+0000] {processor.py:161} INFO - Started process (PID=30121) to work on /workspaces/ETL-with-Airflow/airflow/dags/two_task_dag.py
[2026-05-07T08:33:00.040+0000] {processor.py:830} INFO - Processing file /workspaces/ETL-with-Airflow/airflow/dags/two_task_dag.py for tasks to queue
[2026-05-07T08:33:00.042+0000] {logging_mixin.py:188} INFO - [2026-05-07T08:33:00.042+0000] {dagbag.py:545} INFO - Filling up the DagBag from /workspaces/ETL-with-Airflow/airflow/dags/two_task_dag.py
[2026-05-07T08:33:00.049+0000] {processor.py:840} INFO - DAG(s) 'two_task_dag' retrieved from /workspaces/ETL-with-Airflow/airflow/dags/two_task_dag.py
[2026-05-07T08:33:00.067+0000] {logging_mixin.py:188} INFO - [2026-05-07T08:33:00.067+0000] {dag.py:3096} INFO - Sync 1 DAGs
[2026-05-07T08:33:00.076+0000] {logging_mixin.py:188} INFO - [2026-05-07T08:33:00.076+0000] {dag.py:3954} INFO - Setting next_dagrun for two_task_dag to None, run_after=None
[2026-05-07T08:33:00.092+0000] {processor.py:183} INFO - Processing /workspaces/ETL-with-Airflow/airflow/dags/two_task_dag.py took 0.058 seconds
[2026-05-07T09:31:26.181+0000] {processor.py:161} INFO - Started process (PID=7548) to work on /workspaces/ETL-with-Airflow/airflow/dags/two_task_dag.py
[2026-05-07T09:31:26.183+0000] {processor.py:830} INFO - Processing file /workspaces/ETL-with-Airflow/airflow/dags/two_task_dag.py for tasks to queue
[2026-05-07T09:31:26.184+0000] {logging_mixin.py:188} INFO - [2026-05-07T09:31:26.184+0000] {dagbag.py:545} INFO - Filling up the DagBag from /workspaces/ETL-with-Airflow/airflow/dags/two_task_dag.py
[2026-05-07T09:31:26.196+0000] {processor.py:840} INFO - DAG(s) 'two_task_dag' retrieved from /workspaces/ETL-with-Airflow/airflow/dags/two_task_dag.py
[2026-05-07T09:31:26.215+0000] {logging_mixin.py:188} INFO - [2026-05-07T09:31:26.214+0000] {dag.py:3096} INFO - Sync 1 DAGs
[2026-05-07T09:31:26.223+0000] {logging_mixin.py:188} INFO - [2026-05-07T09:31:26.223+0000] {dag.py:3954} INFO - Setting next_dagrun for two_task_dag to None, run_after=None
[2026-05-07T09:31:26.238+0000] {processor.py:183} INFO - Processing /workspaces/ETL-with-Airflow/airflow/dags/two_task_dag.py took 0.061 seconds
[2026-05-07T09:31:56.873+0000] {processor.py:161} INFO - Started process (PID=7786) to work on /workspaces/ETL-with-Airflow/airflow/dags/two_task_dag.py
[2026-05-07T09:31:56.874+0000] {processor.py:830} INFO - Processing file /workspaces/ETL-with-Airflow/airflow/dags/two_task_dag.py for tasks to queue
[2026-05-07T09:31:56.875+0000] {logging_mixin.py:188} INFO - [2026-05-07T09:31:56.875+0000] {dagbag.py:545} INFO - Filling up the DagBag from /workspaces/ETL-with-Airflow/airflow/dags/two_task_dag.py
[2026-05-07T09:31:56.887+0000] {processor.py:840} INFO - DAG(s) 'two_task_dag' retrieved from /workspaces/ETL-with-Airflow/airflow/dags/two_task_dag.py
[2026-05-07T09:31:56.915+0000] {logging_mixin.py:188} INFO - [2026-05-07T09:31:56.915+0000] {dag.py:3096} INFO - Sync 1 DAGs
[2026-05-07T09:31:56.927+0000] {logging_mixin.py:188} INFO - [2026-05-07T09:31:56.926+0000] {dag.py:3954} INFO - Setting next_dagrun for two_task_dag to None, run_after=None
[2026-05-07T09:31:56.944+0000] {processor.py:183} INFO - Processing /workspaces/ETL-with-Airflow/airflow/dags/two_task_dag.py took 0.075 seconds
[2026-05-07T09:32:27.059+0000] {processor.py:161} INFO - Started process (PID=7997) to work on /workspaces/ETL-with-Airflow/airflow/dags/two_task_dag.py
[2026-05-07T09:32:27.060+0000] {processor.py:830} INFO - Processing file /workspaces/ETL-with-Airflow/airflow/dags/two_task_dag.py for tasks to queue
[2026-05-07T09:32:27.061+0000] {logging_mixin.py:188} INFO - [2026-05-07T09:32:27.061+0000] {dagbag.py:545} INFO - Filling up the DagBag from /workspaces/ETL-with-Airflow/airflow/dags/two_task_dag.py
[2026-05-07T09:32:27.069+0000] {processor.py:840} INFO - DAG(s) 'two_task_dag' retrieved from /workspaces/ETL-with-Airflow/airflow/dags/two_task_dag.py
[2026-05-07T09:32:27.086+0000] {logging_mixin.py:188} INFO - [2026-05-07T09:32:27.086+0000] {dag.py:3096} INFO - Sync 1 DAGs
[2026-05-07T09:32:27.096+0000] {logging_mixin.py:188} INFO - [2026-05-07T09:32:27.096+0000] {dag.py:3954} INFO - Setting next_dagrun for two_task_dag to None, run_after=None
[2026-05-07T09:32:27.111+0000] {processor.py:183} INFO - Processing /workspaces/ETL-with-Airflow/airflow/dags/two_task_dag.py took 0.057 seconds
[2026-05-07T09:32:58.389+0000] {processor.py:161} INFO - Started process (PID=8248) to work on /workspaces/ETL-with-Airflow/airflow/dags/two_task_dag.py
[2026-05-07T09:32:58.390+0000] {processor.py:830} INFO - Processing file /workspaces/ETL-with-Airflow/airflow/dags/two_task_dag.py for tasks to queue
[2026-05-07T09:32:58.392+0000] {logging_mixin.py:188} INFO - [2026-05-07T09:32:58.392+0000] {dagbag.py:545} INFO - Filling up the DagBag from /workspaces/ETL-with-Airflow/airflow/dags/two_task_dag.py
[2026-05-07T09:32:58.404+0000] {processor.py:840} INFO - DAG(s) 'two_task_dag' retrieved from /workspaces/ETL-with-Airflow/airflow/dags/two_task_dag.py
[2026-05-07T09:32:58.468+0000] {logging_mixin.py:188} INFO - [2026-05-07T09:32:58.468+0000] {dag.py:3096} INFO - Sync 1 DAGs
[2026-05-07T09:32:58.495+0000] {logging_mixin.py:188} INFO - [2026-05-07T09:32:58.495+0000] {dag.py:3954} INFO - Setting next_dagrun for two_task_dag to None, run_after=None
[2026-05-07T09:32:58.522+0000] {processor.py:183} INFO - Processing /workspaces/ETL-with-Airflow/airflow/dags/two_task_dag.py took 0.140 seconds
[2026-05-07T09:33:28.685+0000] {processor.py:161} INFO - Started process (PID=8511) to work on /workspaces/ETL-with-Airflow/airflow/dags/two_task_dag.py
[2026-05-07T09:33:28.686+0000] {processor.py:830} INFO - Processing file /workspaces/ETL-with-Airflow/airflow/dags/two_task_dag.py for tasks to queue
[2026-05-07T09:33:28.688+0000] {logging_mixin.py:188} INFO - [2026-05-07T09:33:28.688+0000] {dagbag.py:545} INFO - Filling up the DagBag from /workspaces/ETL-with-Airflow/airflow/dags/two_task_dag.py
[2026-05-07T09:33:28.700+0000] {processor.py:840} INFO - DAG(s) 'two_task_dag' retrieved from /workspaces/ETL-with-Airflow/airflow/dags/two_task_dag.py
[2026-05-07T09:33:28.727+0000] {logging_mixin.py:188} INFO - [2026-05-07T09:33:28.727+0000] {dag.py:3096} INFO - Sync 1 DAGs
[2026-05-07T09:33:28.741+0000] {logging_mixin.py:188} INFO - [2026-05-07T09:33:28.740+0000] {dag.py:3954} INFO - Setting next_dagrun for two_task_dag to None, run_after=None
[2026-05-07T09:33:28.807+0000] {processor.py:183} INFO - Processing /workspaces/ETL-with-Airflow/airflow/dags/two_task_dag.py took 0.129 seconds
[2026-05-07T09:33:59.900+0000] {processor.py:161} INFO - Started process (PID=8814) to work on /workspaces/ETL-with-Airflow/airflow/dags/two_task_dag.py
[2026-05-07T09:33:59.901+0000] {processor.py:830} INFO - Processing file /workspaces/ETL-with-Airflow/airflow/dags/two_task_dag.py for tasks to queue
[2026-05-07T09:33:59.903+0000] {logging_mixin.py:188} INFO - [2026-05-07T09:33:59.902+0000] {dagbag.py:545} INFO - Filling up the DagBag from /workspaces/ETL-with-Airflow/airflow/dags/two_task_dag.py
[2026-05-07T09:33:59.910+0000] {processor.py:840} INFO - DAG(s) 'two_task_dag' retrieved from /workspaces/ETL-with-Airflow/airflow/dags/two_task_dag.py
[2026-05-07T09:33:59.928+0000] {logging_mixin.py:188} INFO - [2026-05-07T09:33:59.928+0000] {dag.py:3096} INFO - Sync 1 DAGs
[2026-05-07T09:33:59.937+0000] {logging_mixin.py:188} INFO - [2026-05-07T09:33:59.937+0000] {dag.py:3954} INFO - Setting next_dagrun for two_task_dag to None, run_after=None
[2026-05-07T09:33:59.953+0000] {processor.py:183} INFO - Processing /workspaces/ETL-with-Airflow/airflow/dags/two_task_dag.py took 0.058 seconds
[2026-05-07T09:34:30.234+0000] {processor.py:161} INFO - Started process (PID=9370) to work on /workspaces/ETL-with-Airflow/airflow/dags/two_task_dag.py
[2026-05-07T09:34:30.234+0000] {processor.py:830} INFO - Processing file /workspaces/ETL-with-Airflow/airflow/dags/two_task_dag.py for tasks to queue
[2026-05-07T09:34:30.236+0000] {logging_mixin.py:188} INFO - [2026-05-07T09:34:30.235+0000] {dagbag.py:545} INFO - Filling up the DagBag from /workspaces/ETL-with-Airflow/airflow/dags/two_task_dag.py
[2026-05-07T09:34:30.243+0000] {processor.py:840} INFO - DAG(s) 'two_task_dag' retrieved from /workspaces/ETL-with-Airflow/airflow/dags/two_task_dag.py
[2026-05-07T09:34:30.260+0000] {logging_mixin.py:188} INFO - [2026-05-07T09:34:30.260+0000] {dag.py:3096} INFO - Sync 1 DAGs
[2026-05-07T09:34:30.269+0000] {logging_mixin.py:188} INFO - [2026-05-07T09:34:30.269+0000] {dag.py:3954} INFO - Setting next_dagrun for two_task_dag to None, run_after=None
[2026-05-07T09:34:30.284+0000] {processor.py:183} INFO - Processing /workspaces/ETL-with-Airflow/airflow/dags/two_task_dag.py took 0.055 seconds
[2026-05-07T09:35:00.387+0000] {processor.py:161} INFO - Started process (PID=9593) to work on /workspaces/ETL-with-Airflow/airflow/dags/two_task_dag.py
[2026-05-07T09:35:00.388+0000] {processor.py:830} INFO - Processing file /workspaces/ETL-with-Airflow/airflow/dags/two_task_dag.py for tasks to queue
[2026-05-07T09:35:00.390+0000] {logging_mixin.py:188} INFO - [2026-05-07T09:35:00.389+0000] {dagbag.py:545} INFO - Filling up the DagBag from /workspaces/ETL-with-Airflow/airflow/dags/two_task_dag.py
[2026-05-07T09:35:00.397+0000] {processor.py:840} INFO - DAG(s) 'two_task_dag' retrieved from /workspaces/ETL-with-Airflow/airflow/dags/two_task_dag.py
[2026-05-07T09:35:00.416+0000] {logging_mixin.py:188} INFO - [2026-05-07T09:35:00.416+0000] {dag.py:3096} INFO - Sync 1 DAGs
[2026-05-07T09:35:00.425+0000] {logging_mixin.py:188} INFO - [2026-05-07T09:35:00.425+0000] {dag.py:3954} INFO - Setting next_dagrun for two_task_dag to None, run_after=None
[2026-05-07T09:35:00.440+0000] {processor.py:183} INFO - Processing /workspaces/ETL-with-Airflow/airflow/dags/two_task_dag.py took 0.058 seconds
[2026-05-07T09:35:30.673+0000] {processor.py:161} INFO - Started process (PID=9825) to work on /workspaces/ETL-with-Airflow/airflow/dags/two_task_dag.py
[2026-05-07T09:35:30.674+0000] {processor.py:830} INFO - Processing file /workspaces/ETL-with-Airflow/airflow/dags/two_task_dag.py for tasks to queue
[2026-05-07T09:35:30.676+0000] {logging_mixin.py:188} INFO - [2026-05-07T09:35:30.676+0000] {dagbag.py:545} INFO - Filling up the DagBag from /workspaces/ETL-with-Airflow/airflow/dags/two_task_dag.py
[2026-05-07T09:35:30.683+0000] {processor.py:840} INFO - DAG(s) 'two_task_dag' retrieved from /workspaces/ETL-with-Airflow/airflow/dags/two_task_dag.py
[2026-05-07T09:35:30.701+0000] {logging_mixin.py:188} INFO - [2026-05-07T09:35:30.701+0000] {dag.py:3096} INFO - Sync 1 DAGs
[2026-05-07T09:35:30.709+0000] {logging_mixin.py:188} INFO - [2026-05-07T09:35:30.709+0000] {dag.py:3954} INFO - Setting next_dagrun for two_task_dag to None, run_after=None
[2026-05-07T09:35:30.724+0000] {processor.py:183} INFO - Processing /workspaces/ETL-with-Airflow/airflow/dags/two_task_dag.py took 0.055 seconds
[2026-05-07T09:36:00.963+0000] {processor.py:161} INFO - Started process (PID=10025) to work on /workspaces/ETL-with-Airflow/airflow/dags/two_task_dag.py
[2026-05-07T09:36:00.964+0000] {processor.py:830} INFO - Processing file /workspaces/ETL-with-Airflow/airflow/dags/two_task_dag.py for tasks to queue
[2026-05-07T09:36:00.965+0000] {logging_mixin.py:188} INFO - [2026-05-07T09:36:00.965+0000] {dagbag.py:545} INFO - Filling up the DagBag from /workspaces/ETL-with-Airflow/airflow/dags/two_task_dag.py
[2026-05-07T09:36:00.973+0000] {processor.py:840} INFO - DAG(s) 'two_task_dag' retrieved from /workspaces/ETL-with-Airflow/airflow/dags/two_task_dag.py
[2026-05-07T09:36:00.991+0000] {logging_mixin.py:188} INFO - [2026-05-07T09:36:00.991+0000] {dag.py:3096} INFO - Sync 1 DAGs
[2026-05-07T09:36:01.000+0000] {logging_mixin.py:188} INFO - [2026-05-07T09:36:01.000+0000] {dag.py:3954} INFO - Setting next_dagrun for two_task_dag to None, run_after=None
[2026-05-07T09:36:01.015+0000] {processor.py:183} INFO - Processing /workspaces/ETL-with-Airflow/airflow/dags/two_task_dag.py took 0.057 seconds
[2026-05-07T09:36:31.264+0000] {processor.py:161} INFO - Started process (PID=10252) to work on /workspaces/ETL-with-Airflow/airflow/dags/two_task_dag.py
[2026-05-07T09:36:31.265+0000] {processor.py:830} INFO - Processing file /workspaces/ETL-with-Airflow/airflow/dags/two_task_dag.py for tasks to queue
[2026-05-07T09:36:31.266+0000] {logging_mixin.py:188} INFO - [2026-05-07T09:36:31.266+0000] {dagbag.py:545} INFO - Filling up the DagBag from /workspaces/ETL-with-Airflow/airflow/dags/two_task_dag.py
[2026-05-07T09:36:31.274+0000] {processor.py:840} INFO - DAG(s) 'two_task_dag' retrieved from /workspaces/ETL-with-Airflow/airflow/dags/two_task_dag.py
[2026-05-07T09:36:31.292+0000] {logging_mixin.py:188} INFO - [2026-05-07T09:36:31.291+0000] {dag.py:3096} INFO - Sync 1 DAGs
[2026-05-07T09:36:31.301+0000] {logging_mixin.py:188} INFO - [2026-05-07T09:36:31.301+0000] {dag.py:3954} INFO - Setting next_dagrun for two_task_dag to None, run_after=None
[2026-05-07T09:36:31.316+0000] {processor.py:183} INFO - Processing /workspaces/ETL-with-Airflow/airflow/dags/two_task_dag.py took 0.057 seconds
[2026-05-07T09:37:01.610+0000] {processor.py:161} INFO - Started process (PID=10563) to work on /workspaces/ETL-with-Airflow/airflow/dags/two_task_dag.py
[2026-05-07T09:37:01.611+0000] {processor.py:830} INFO - Processing file /workspaces/ETL-with-Airflow/airflow/dags/two_task_dag.py for tasks to queue
[2026-05-07T09:37:01.613+0000] {logging_mixin.py:188} INFO - [2026-05-07T09:37:01.612+0000] {dagbag.py:545} INFO - Filling up the DagBag from /workspaces/ETL-with-Airflow/airflow/dags/two_task_dag.py
[2026-05-07T09:37:01.620+0000] {processor.py:840} INFO - DAG(s) 'two_task_dag' retrieved from /workspaces/ETL-with-Airflow/airflow/dags/two_task_dag.py
[2026-05-07T09:37:01.638+0000] {logging_mixin.py:188} INFO - [2026-05-07T09:37:01.638+0000] {dag.py:3096} INFO - Sync 1 DAGs
[2026-05-07T09:37:01.647+0000] {logging_mixin.py:188} INFO - [2026-05-07T09:37:01.647+0000] {dag.py:3954} INFO - Setting next_dagrun for two_task_dag to None, run_after=None
[2026-05-07T09:37:01.663+0000] {processor.py:183} INFO - Processing /workspaces/ETL-with-Airflow/airflow/dags/two_task_dag.py took 0.059 seconds
[2026-05-07T09:37:31.948+0000] {processor.py:161} INFO - Started process (PID=10778) to work on /workspaces/ETL-with-Airflow/airflow/dags/two_task_dag.py
[2026-05-07T09:37:31.948+0000] {processor.py:830} INFO - Processing file /workspaces/ETL-with-Airflow/airflow/dags/two_task_dag.py for tasks to queue
[2026-05-07T09:37:31.950+0000] {logging_mixin.py:188} INFO - [2026-05-07T09:37:31.949+0000] {dagbag.py:545} INFO - Filling up the DagBag from /workspaces/ETL-with-Airflow/airflow/dags/two_task_dag.py
[2026-05-07T09:37:31.957+0000] {processor.py:840} INFO - DAG(s) 'two_task_dag' retrieved from /workspaces/ETL-with-Airflow/airflow/dags/two_task_dag.py
[2026-05-07T09:37:31.975+0000] {logging_mixin.py:188} INFO - [2026-05-07T09:37:31.975+0000] {dag.py:3096} INFO - Sync 1 DAGs
[2026-05-07T09:37:31.985+0000] {logging_mixin.py:188} INFO - [2026-05-07T09:37:31.985+0000] {dag.py:3954} INFO - Setting next_dagrun for two_task_dag to None, run_after=None
[2026-05-07T09:37:32.002+0000] {processor.py:183} INFO - Processing /workspaces/ETL-with-Airflow/airflow/dags/two_task_dag.py took 0.060 seconds
[2026-05-07T09:38:02.250+0000] {processor.py:161} INFO - Started process (PID=11039) to work on /workspaces/ETL-with-Airflow/airflow/dags/two_task_dag.py
[2026-05-07T09:38:02.251+0000] {processor.py:830} INFO - Processing file /workspaces/ETL-with-Airflow/airflow/dags/two_task_dag.py for tasks to queue
[2026-05-07T09:38:02.252+0000] {logging_mixin.py:188} INFO - [2026-05-07T09:38:02.252+0000] {dagbag.py:545} INFO - Filling up the DagBag from /workspaces/ETL-with-Airflow/airflow/dags/two_task_dag.py
[2026-05-07T09:38:02.260+0000] {processor.py:840} INFO - DAG(s) 'two_task_dag' retrieved from /workspaces/ETL-with-Airflow/airflow/dags/two_task_dag.py
[2026-05-07T09:38:02.278+0000] {logging_mixin.py:188} INFO - [2026-05-07T09:38:02.277+0000] {dag.py:3096} INFO - Sync 1 DAGs
[2026-05-07T09:38:02.287+0000] {logging_mixin.py:188} INFO - [2026-05-07T09:38:02.287+0000] {dag.py:3954} INFO - Setting next_dagrun for two_task_dag to None, run_after=None
[2026-05-07T09:38:02.302+0000] {processor.py:183} INFO - Processing /workspaces/ETL-with-Airflow/airflow/dags/two_task_dag.py took 0.058 seconds
[2026-05-07T09:38:32.545+0000] {processor.py:161} INFO - Started process (PID=11378) to work on /workspaces/ETL-with-Airflow/airflow/dags/two_task_dag.py
[2026-05-07T09:38:32.548+0000] {processor.py:830} INFO - Processing file /workspaces/ETL-with-Airflow/airflow/dags/two_task_dag.py for tasks to queue
[2026-05-07T09:38:32.552+0000] {logging_mixin.py:188} INFO - [2026-05-07T09:38:32.550+0000] {dagbag.py:545} INFO - Filling up the DagBag from /workspaces/ETL-with-Airflow/airflow/dags/two_task_dag.py
[2026-05-07T09:38:32.565+0000] {processor.py:840} INFO - DAG(s) 'two_task_dag' retrieved from /workspaces/ETL-with-Airflow/airflow/dags/two_task_dag.py
[2026-05-07T09:38:32.596+0000] {logging_mixin.py:188} INFO - [2026-05-07T09:38:32.595+0000] {dag.py:3096} INFO - Sync 1 DAGs
[2026-05-07T09:38:32.611+0000] {logging_mixin.py:188} INFO - [2026-05-07T09:38:32.611+0000] {dag.py:3954} INFO - Setting next_dagrun for two_task_dag to None, run_after=None
[2026-05-07T09:38:32.634+0000] {processor.py:183} INFO - Processing /workspaces/ETL-with-Airflow/airflow/dags/two_task_dag.py took 0.101 seconds
[2026-05-07T09:39:02.943+0000] {processor.py:161} INFO - Started process (PID=11591) to work on /workspaces/ETL-with-Airflow/airflow/dags/two_task_dag.py
[2026-05-07T09:39:02.945+0000] {processor.py:830} INFO - Processing file /workspaces/ETL-with-Airflow/airflow/dags/two_task_dag.py for tasks to queue
[2026-05-07T09:39:02.948+0000] {logging_mixin.py:188} INFO - [2026-05-07T09:39:02.948+0000] {dagbag.py:545} INFO - Filling up the DagBag from /workspaces/ETL-with-Airflow/airflow/dags/two_task_dag.py
[2026-05-07T09:39:02.959+0000] {processor.py:840} INFO - DAG(s) 'two_task_dag' retrieved from /workspaces/ETL-with-Airflow/airflow/dags/two_task_dag.py
[2026-05-07T09:39:02.989+0000] {logging_mixin.py:188} INFO - [2026-05-07T09:39:02.989+0000] {dag.py:3096} INFO - Sync 1 DAGs
[2026-05-07T09:39:03.007+0000] {logging_mixin.py:188} INFO - [2026-05-07T09:39:03.006+0000] {dag.py:3954} INFO - Setting next_dagrun for two_task_dag to None, run_after=None
[2026-05-07T09:39:03.034+0000] {processor.py:183} INFO - Processing /workspaces/ETL-with-Airflow/airflow/dags/two_task_dag.py took 0.103 seconds
[2026-05-07T09:39:33.329+0000] {processor.py:161} INFO - Started process (PID=11817) to work on /workspaces/ETL-with-Airflow/airflow/dags/two_task_dag.py
[2026-05-07T09:39:33.330+0000] {processor.py:830} INFO - Processing file /workspaces/ETL-with-Airflow/airflow/dags/two_task_dag.py for tasks to queue
[2026-05-07T09:39:33.331+0000] {logging_mixin.py:188} INFO - [2026-05-07T09:39:33.331+0000] {dagbag.py:545} INFO - Filling up the DagBag from /workspaces/ETL-with-Airflow/airflow/dags/two_task_dag.py
[2026-05-07T09:39:33.343+0000] {processor.py:840} INFO - DAG(s) 'two_task_dag' retrieved from /workspaces/ETL-with-Airflow/airflow/dags/two_task_dag.py
[2026-05-07T09:39:33.376+0000] {logging_mixin.py:188} INFO - [2026-05-07T09:39:33.376+0000] {dag.py:3096} INFO - Sync 1 DAGs
[2026-05-07T09:39:33.389+0000] {logging_mixin.py:188} INFO - [2026-05-07T09:39:33.389+0000] {dag.py:3954} INFO - Setting next_dagrun for two_task_dag to None, run_after=None
[2026-05-07T09:39:33.413+0000] {processor.py:183} INFO - Processing /workspaces/ETL-with-Airflow/airflow/dags/two_task_dag.py took 0.092 seconds
[2026-05-07T09:40:03.454+0000] {processor.py:161} INFO - Started process (PID=12034) to work on /workspaces/ETL-with-Airflow/airflow/dags/two_task_dag.py
[2026-05-07T09:40:03.455+0000] {processor.py:830} INFO - Processing file /workspaces/ETL-with-Airflow/airflow/dags/two_task_dag.py for tasks to queue
[2026-05-07T09:40:03.456+0000] {logging_mixin.py:188} INFO - [2026-05-07T09:40:03.456+0000] {dagbag.py:545} INFO - Filling up the DagBag from /workspaces/ETL-with-Airflow/airflow/dags/two_task_dag.py
[2026-05-07T09:40:03.464+0000] {processor.py:840} INFO - DAG(s) 'two_task_dag' retrieved from /workspaces/ETL-with-Airflow/airflow/dags/two_task_dag.py
[2026-05-07T09:40:03.482+0000] {logging_mixin.py:188} INFO - [2026-05-07T09:40:03.482+0000] {dag.py:3096} INFO - Sync 1 DAGs
[2026-05-07T09:40:03.492+0000] {logging_mixin.py:188} INFO - [2026-05-07T09:40:03.492+0000] {dag.py:3954} INFO - Setting next_dagrun for two_task_dag to None, run_after=None
[2026-05-07T09:40:03.508+0000] {processor.py:183} INFO - Processing /workspaces/ETL-with-Airflow/airflow/dags/two_task_dag.py took 0.060 seconds
[2026-05-07T09:40:33.632+0000] {processor.py:161} INFO - Started process (PID=12239) to work on /workspaces/ETL-with-Airflow/airflow/dags/two_task_dag.py
[2026-05-07T09:40:33.632+0000] {processor.py:830} INFO - Processing file /workspaces/ETL-with-Airflow/airflow/dags/two_task_dag.py for tasks to queue
[2026-05-07T09:40:33.634+0000] {logging_mixin.py:188} INFO - [2026-05-07T09:40:33.634+0000] {dagbag.py:545} INFO - Filling up the DagBag from /workspaces/ETL-with-Airflow/airflow/dags/two_task_dag.py
[2026-05-07T09:40:33.641+0000] {processor.py:840} INFO - DAG(s) 'two_task_dag' retrieved from /workspaces/ETL-with-Airflow/airflow/dags/two_task_dag.py
[2026-05-07T09:40:33.659+0000] {logging_mixin.py:188} INFO - [2026-05-07T09:40:33.659+0000] {dag.py:3096} INFO - Sync 1 DAGs
[2026-05-07T09:40:33.669+0000] {logging_mixin.py:188} INFO - [2026-05-07T09:40:33.668+0000] {dag.py:3954} INFO - Setting next_dagrun for two_task_dag to None, run_after=None
[2026-05-07T09:40:33.684+0000] {processor.py:183} INFO - Processing /workspaces/ETL-with-Airflow/airflow/dags/two_task_dag.py took 0.058 seconds
[2026-05-07T09:41:03.820+0000] {processor.py:161} INFO - Started process (PID=12464) to work on /workspaces/ETL-with-Airflow/airflow/dags/two_task_dag.py
[2026-05-07T09:41:03.821+0000] {processor.py:830} INFO - Processing file /workspaces/ETL-with-Airflow/airflow/dags/two_task_dag.py for tasks to queue
[2026-05-07T09:41:03.823+0000] {logging_mixin.py:188} INFO - [2026-05-07T09:41:03.823+0000] {dagbag.py:545} INFO - Filling up the DagBag from /workspaces/ETL-with-Airflow/airflow/dags/two_task_dag.py
[2026-05-07T09:41:03.843+0000] {processor.py:840} INFO - DAG(s) 'two_task_dag' retrieved from /workspaces/ETL-with-Airflow/airflow/dags/two_task_dag.py
[2026-05-07T09:41:03.882+0000] {logging_mixin.py:188} INFO - [2026-05-07T09:41:03.881+0000] {dag.py:3096} INFO - Sync 1 DAGs
[2026-05-07T09:41:03.904+0000] {logging_mixin.py:188} INFO - [2026-05-07T09:41:03.904+0000] {dag.py:3954} INFO - Setting next_dagrun for two_task_dag to None, run_after=None
[2026-05-07T09:41:03.929+0000] {processor.py:183} INFO - Processing /workspaces/ETL-with-Airflow/airflow/dags/two_task_dag.py took 0.118 seconds
[2026-05-07T09:41:34.215+0000] {processor.py:161} INFO - Started process (PID=12774) to work on /workspaces/ETL-with-Airflow/airflow/dags/two_task_dag.py
[2026-05-07T09:41:34.216+0000] {processor.py:830} INFO - Processing file /workspaces/ETL-with-Airflow/airflow/dags/two_task_dag.py for tasks to queue
[2026-05-07T09:41:34.217+0000] {logging_mixin.py:188} INFO - [2026-05-07T09:41:34.217+0000] {dagbag.py:545} INFO - Filling up the DagBag from /workspaces/ETL-with-Airflow/airflow/dags/two_task_dag.py
[2026-05-07T09:41:34.225+0000] {processor.py:840} INFO - DAG(s) 'two_task_dag' retrieved from /workspaces/ETL-with-Airflow/airflow/dags/two_task_dag.py
[2026-05-07T09:41:34.248+0000] {logging_mixin.py:188} INFO - [2026-05-07T09:41:34.247+0000] {dag.py:3096} INFO - Sync 1 DAGs
[2026-05-07T09:41:34.261+0000] {logging_mixin.py:188} INFO - [2026-05-07T09:41:34.261+0000] {dag.py:3954} INFO - Setting next_dagrun for two_task_dag to None, run_after=None
[2026-05-07T09:41:34.284+0000] {processor.py:183} INFO - Processing /workspaces/ETL-with-Airflow/airflow/dags/two_task_dag.py took 0.075 seconds
[2026-05-07T09:42:07.584+0000] {processor.py:161} INFO - Started process (PID=13138) to work on /workspaces/ETL-with-Airflow/airflow/dags/two_task_dag.py
[2026-05-07T09:42:07.584+0000] {processor.py:830} INFO - Processing file /workspaces/ETL-with-Airflow/airflow/dags/two_task_dag.py for tasks to queue
[2026-05-07T09:42:07.586+0000] {logging_mixin.py:188} INFO - [2026-05-07T09:42:07.585+0000] {dagbag.py:545} INFO - Filling up the DagBag from /workspaces/ETL-with-Airflow/airflow/dags/two_task_dag.py
[2026-05-07T09:42:07.593+0000] {processor.py:840} INFO - DAG(s) 'two_task_dag' retrieved from /workspaces/ETL-with-Airflow/airflow/dags/two_task_dag.py
[2026-05-07T09:42:07.611+0000] {logging_mixin.py:188} INFO - [2026-05-07T09:42:07.611+0000] {dag.py:3096} INFO - Sync 1 DAGs
[2026-05-07T09:42:07.621+0000] {logging_mixin.py:188} INFO - [2026-05-07T09:42:07.620+0000] {dag.py:3954} INFO - Setting next_dagrun for two_task_dag to None, run_after=None
[2026-05-07T09:42:07.636+0000] {processor.py:183} INFO - Processing /workspaces/ETL-with-Airflow/airflow/dags/two_task_dag.py took 0.058 seconds
[2026-05-07T09:42:37.733+0000] {processor.py:161} INFO - Started process (PID=13378) to work on /workspaces/ETL-with-Airflow/airflow/dags/two_task_dag.py
[2026-05-07T09:42:37.734+0000] {processor.py:830} INFO - Processing file /workspaces/ETL-with-Airflow/airflow/dags/two_task_dag.py for tasks to queue
[2026-05-07T09:42:37.736+0000] {logging_mixin.py:188} INFO - [2026-05-07T09:42:37.736+0000] {dagbag.py:545} INFO - Filling up the DagBag from /workspaces/ETL-with-Airflow/airflow/dags/two_task_dag.py
[2026-05-07T09:42:37.743+0000] {processor.py:840} INFO - DAG(s) 'two_task_dag' retrieved from /workspaces/ETL-with-Airflow/airflow/dags/two_task_dag.py
[2026-05-07T09:42:37.762+0000] {logging_mixin.py:188} INFO - [2026-05-07T09:42:37.762+0000] {dag.py:3096} INFO - Sync 1 DAGs
[2026-05-07T09:42:37.770+0000] {logging_mixin.py:188} INFO - [2026-05-07T09:42:37.770+0000] {dag.py:3954} INFO - Setting next_dagrun for two_task_dag to None, run_after=None
[2026-05-07T09:42:37.786+0000] {processor.py:183} INFO - Processing /workspaces/ETL-with-Airflow/airflow/dags/two_task_dag.py took 0.058 seconds
[2026-05-07T09:43:08.022+0000] {processor.py:161} INFO - Started process (PID=13622) to work on /workspaces/ETL-with-Airflow/airflow/dags/two_task_dag.py
[2026-05-07T09:43:08.023+0000] {processor.py:830} INFO - Processing file /workspaces/ETL-with-Airflow/airflow/dags/two_task_dag.py for tasks to queue
[2026-05-07T09:43:08.024+0000] {logging_mixin.py:188} INFO - [2026-05-07T09:43:08.024+0000] {dagbag.py:545} INFO - Filling up the DagBag from /workspaces/ETL-with-Airflow/airflow/dags/two_task_dag.py
[2026-05-07T09:43:08.032+0000] {processor.py:840} INFO - DAG(s) 'two_task_dag' retrieved from /workspaces/ETL-with-Airflow/airflow/dags/two_task_dag.py
[2026-05-07T09:43:08.051+0000] {logging_mixin.py:188} INFO - [2026-05-07T09:43:08.051+0000] {dag.py:3096} INFO - Sync 1 DAGs
[2026-05-07T09:43:08.060+0000] {logging_mixin.py:188} INFO - [2026-05-07T09:43:08.060+0000] {dag.py:3954} INFO - Setting next_dagrun for two_task_dag to None, run_after=None
[2026-05-07T09:43:08.075+0000] {processor.py:183} INFO - Processing /workspaces/ETL-with-Airflow/airflow/dags/two_task_dag.py took 0.059 seconds
[2026-05-07T09:43:38.339+0000] {processor.py:161} INFO - Started process (PID=13862) to work on /workspaces/ETL-with-Airflow/airflow/dags/two_task_dag.py
[2026-05-07T09:43:38.340+0000] {processor.py:830} INFO - Processing file /workspaces/ETL-with-Airflow/airflow/dags/two_task_dag.py for tasks to queue
[2026-05-07T09:43:38.342+0000] {logging_mixin.py:188} INFO - [2026-05-07T09:43:38.342+0000] {dagbag.py:545} INFO - Filling up the DagBag from /workspaces/ETL-with-Airflow/airflow/dags/two_task_dag.py
[2026-05-07T09:43:38.350+0000] {processor.py:840} INFO - DAG(s) 'two_task_dag' retrieved from /workspaces/ETL-with-Airflow/airflow/dags/two_task_dag.py
[2026-05-07T09:43:38.368+0000] {logging_mixin.py:188} INFO - [2026-05-07T09:43:38.368+0000] {dag.py:3096} INFO - Sync 1 DAGs
[2026-05-07T09:43:38.377+0000] {logging_mixin.py:188} INFO - [2026-05-07T09:43:38.377+0000] {dag.py:3954} INFO - Setting next_dagrun for two_task_dag to None, run_after=None
[2026-05-07T09:43:38.392+0000] {processor.py:183} INFO - Processing /workspaces/ETL-with-Airflow/airflow/dags/two_task_dag.py took 0.058 seconds
[2026-05-07T09:44:08.650+0000] {processor.py:161} INFO - Started process (PID=14084) to work on /workspaces/ETL-with-Airflow/airflow/dags/two_task_dag.py
[2026-05-07T09:44:08.651+0000] {processor.py:830} INFO - Processing file /workspaces/ETL-with-Airflow/airflow/dags/two_task_dag.py for tasks to queue
[2026-05-07T09:44:08.653+0000] {logging_mixin.py:188} INFO - [2026-05-07T09:44:08.652+0000] {dagbag.py:545} INFO - Filling up the DagBag from /workspaces/ETL-with-Airflow/airflow/dags/two_task_dag.py
[2026-05-07T09:44:08.660+0000] {processor.py:840} INFO - DAG(s) 'two_task_dag' retrieved from /workspaces/ETL-with-Airflow/airflow/dags/two_task_dag.py
[2026-05-07T09:44:08.679+0000] {logging_mixin.py:188} INFO - [2026-05-07T09:44:08.679+0000] {dag.py:3096} INFO - Sync 1 DAGs
[2026-05-07T09:44:08.688+0000] {logging_mixin.py:188} INFO - [2026-05-07T09:44:08.688+0000] {dag.py:3954} INFO - Setting next_dagrun for two_task_dag to None, run_after=None
[2026-05-07T09:44:08.705+0000] {processor.py:183} INFO - Processing /workspaces/ETL-with-Airflow/airflow/dags/two_task_dag.py took 0.061 seconds
[2026-05-07T09:44:38.946+0000] {processor.py:161} INFO - Started process (PID=14317) to work on /workspaces/ETL-with-Airflow/airflow/dags/two_task_dag.py
[2026-05-07T09:44:38.946+0000] {processor.py:830} INFO - Processing file /workspaces/ETL-with-Airflow/airflow/dags/two_task_dag.py for tasks to queue
[2026-05-07T09:44:38.948+0000] {logging_mixin.py:188} INFO - [2026-05-07T09:44:38.948+0000] {dagbag.py:545} INFO - Filling up the DagBag from /workspaces/ETL-with-Airflow/airflow/dags/two_task_dag.py
[2026-05-07T09:44:38.956+0000] {processor.py:840} INFO - DAG(s) 'two_task_dag' retrieved from /workspaces/ETL-with-Airflow/airflow/dags/two_task_dag.py
[2026-05-07T09:44:38.975+0000] {logging_mixin.py:188} INFO - [2026-05-07T09:44:38.974+0000] {dag.py:3096} INFO - Sync 1 DAGs
[2026-05-07T09:44:38.983+0000] {logging_mixin.py:188} INFO - [2026-05-07T09:44:38.983+0000] {dag.py:3954} INFO - Setting next_dagrun for two_task_dag to None, run_after=None
[2026-05-07T09:44:38.999+0000] {processor.py:183} INFO - Processing /workspaces/ETL-with-Airflow/airflow/dags/two_task_dag.py took 0.059 seconds
[2026-05-07T09:45:09.386+0000] {processor.py:161} INFO - Started process (PID=14664) to work on /workspaces/ETL-with-Airflow/airflow/dags/two_task_dag.py
[2026-05-07T09:45:09.387+0000] {processor.py:830} INFO - Processing file /workspaces/ETL-with-Airflow/airflow/dags/two_task_dag.py for tasks to queue
[2026-05-07T09:45:09.389+0000] {logging_mixin.py:188} INFO - [2026-05-07T09:45:09.388+0000] {dagbag.py:545} INFO - Filling up the DagBag from /workspaces/ETL-with-Airflow/airflow/dags/two_task_dag.py
[2026-05-07T09:45:09.396+0000] {processor.py:840} INFO - DAG(s) 'two_task_dag' retrieved from /workspaces/ETL-with-Airflow/airflow/dags/two_task_dag.py
[2026-05-07T09:45:09.415+0000] {logging_mixin.py:188} INFO - [2026-05-07T09:45:09.415+0000] {dag.py:3096} INFO - Sync 1 DAGs
[2026-05-07T09:45:09.425+0000] {logging_mixin.py:188} INFO - [2026-05-07T09:45:09.425+0000] {dag.py:3954} INFO - Setting next_dagrun for two_task_dag to None, run_after=None
[2026-05-07T09:45:09.441+0000] {processor.py:183} INFO - Processing /workspaces/ETL-with-Airflow/airflow/dags/two_task_dag.py took 0.062 seconds
[2026-05-07T09:45:40.100+0000] {processor.py:161} INFO - Started process (PID=14916) to work on /workspaces/ETL-with-Airflow/airflow/dags/two_task_dag.py
[2026-05-07T09:45:40.101+0000] {processor.py:830} INFO - Processing file /workspaces/ETL-with-Airflow/airflow/dags/two_task_dag.py for tasks to queue
[2026-05-07T09:45:40.102+0000] {logging_mixin.py:188} INFO - [2026-05-07T09:45:40.102+0000] {dagbag.py:545} INFO - Filling up the DagBag from /workspaces/ETL-with-Airflow/airflow/dags/two_task_dag.py
[2026-05-07T09:45:40.110+0000] {processor.py:840} INFO - DAG(s) 'two_task_dag' retrieved from /workspaces/ETL-with-Airflow/airflow/dags/two_task_dag.py
[2026-05-07T09:45:40.129+0000] {logging_mixin.py:188} INFO - [2026-05-07T09:45:40.128+0000] {dag.py:3096} INFO - Sync 1 DAGs
[2026-05-07T09:45:40.137+0000] {logging_mixin.py:188} INFO - [2026-05-07T09:45:40.137+0000] {dag.py:3954} INFO - Setting next_dagrun for two_task_dag to None, run_after=None
[2026-05-07T09:45:40.153+0000] {processor.py:183} INFO - Processing /workspaces/ETL-with-Airflow/airflow/dags/two_task_dag.py took 0.058 seconds
[2026-05-07T09:46:10.562+0000] {processor.py:161} INFO - Started process (PID=15197) to work on /workspaces/ETL-with-Airflow/airflow/dags/two_task_dag.py
[2026-05-07T09:46:10.563+0000] {processor.py:830} INFO - Processing file /workspaces/ETL-with-Airflow/airflow/dags/two_task_dag.py for tasks to queue
[2026-05-07T09:46:10.565+0000] {logging_mixin.py:188} INFO - [2026-05-07T09:46:10.564+0000] {dagbag.py:545} INFO - Filling up the DagBag from /workspaces/ETL-with-Airflow/airflow/dags/two_task_dag.py
[2026-05-07T09:46:10.572+0000] {processor.py:840} INFO - DAG(s) 'two_task_dag' retrieved from /workspaces/ETL-with-Airflow/airflow/dags/two_task_dag.py
[2026-05-07T09:46:10.592+0000] {logging_mixin.py:188} INFO - [2026-05-07T09:46:10.592+0000] {dag.py:3096} INFO - Sync 1 DAGs
[2026-05-07T09:46:10.602+0000] {logging_mixin.py:188} INFO - [2026-05-07T09:46:10.602+0000] {dag.py:3954} INFO - Setting next_dagrun for two_task_dag to None, run_after=None
[2026-05-07T09:46:10.618+0000] {processor.py:183} INFO - Processing /workspaces/ETL-with-Airflow/airflow/dags/two_task_dag.py took 0.061 seconds
[2026-05-07T09:46:41.046+0000] {processor.py:161} INFO - Started process (PID=15433) to work on /workspaces/ETL-with-Airflow/airflow/dags/two_task_dag.py
[2026-05-07T09:46:41.047+0000] {processor.py:830} INFO - Processing file /workspaces/ETL-with-Airflow/airflow/dags/two_task_dag.py for tasks to queue
[2026-05-07T09:46:41.048+0000] {logging_mixin.py:188} INFO - [2026-05-07T09:46:41.048+0000] {dagbag.py:545} INFO - Filling up the DagBag from /workspaces/ETL-with-Airflow/airflow/dags/two_task_dag.py
[2026-05-07T09:46:41.056+0000] {processor.py:840} INFO - DAG(s) 'two_task_dag' retrieved from /workspaces/ETL-with-Airflow/airflow/dags/two_task_dag.py
[2026-05-07T09:46:41.074+0000] {logging_mixin.py:188} INFO - [2026-05-07T09:46:41.074+0000] {dag.py:3096} INFO - Sync 1 DAGs
[2026-05-07T09:46:41.083+0000] {logging_mixin.py:188} INFO - [2026-05-07T09:46:41.083+0000] {dag.py:3954} INFO - Setting next_dagrun for two_task_dag to None, run_after=None
[2026-05-07T09:46:41.098+0000] {processor.py:183} INFO - Processing /workspaces/ETL-with-Airflow/airflow/dags/two_task_dag.py took 0.058 seconds
[2026-05-07T09:47:11.488+0000] {processor.py:161} INFO - Started process (PID=15707) to work on /workspaces/ETL-with-Airflow/airflow/dags/two_task_dag.py
[2026-05-07T09:47:11.489+0000] {processor.py:830} INFO - Processing file /workspaces/ETL-with-Airflow/airflow/dags/two_task_dag.py for tasks to queue
[2026-05-07T09:47:11.490+0000] {logging_mixin.py:188} INFO - [2026-05-07T09:47:11.490+0000] {dagbag.py:545} INFO - Filling up the DagBag from /workspaces/ETL-with-Airflow/airflow/dags/two_task_dag.py
[2026-05-07T09:47:11.498+0000] {processor.py:840} INFO - DAG(s) 'two_task_dag' retrieved from /workspaces/ETL-with-Airflow/airflow/dags/two_task_dag.py
[2026-05-07T09:47:11.516+0000] {logging_mixin.py:188} INFO - [2026-05-07T09:47:11.516+0000] {dag.py:3096} INFO - Sync 1 DAGs
[2026-05-07T09:47:11.525+0000] {logging_mixin.py:188} INFO - [2026-05-07T09:47:11.525+0000] {dag.py:3954} INFO - Setting next_dagrun for two_task_dag to None, run_after=None
[2026-05-07T09:47:11.541+0000] {processor.py:183} INFO - Processing /workspaces/ETL-with-Airflow/airflow/dags/two_task_dag.py took 0.058 seconds
[2026-05-07T09:47:41.949+0000] {processor.py:161} INFO - Started process (PID=15921) to work on /workspaces/ETL-with-Airflow/airflow/dags/two_task_dag.py
[2026-05-07T09:47:41.950+0000] {processor.py:830} INFO - Processing file /workspaces/ETL-with-Airflow/airflow/dags/two_task_dag.py for tasks to queue
[2026-05-07T09:47:41.952+0000] {logging_mixin.py:188} INFO - [2026-05-07T09:47:41.951+0000] {dagbag.py:545} INFO - Filling up the DagBag from /workspaces/ETL-with-Airflow/airflow/dags/two_task_dag.py
[2026-05-07T09:47:41.959+0000] {processor.py:840} INFO - DAG(s) 'two_task_dag' retrieved from /workspaces/ETL-with-Airflow/airflow/dags/two_task_dag.py
[2026-05-07T09:47:41.978+0000] {logging_mixin.py:188} INFO - [2026-05-07T09:47:41.978+0000] {dag.py:3096} INFO - Sync 1 DAGs
[2026-05-07T09:47:41.987+0000] {logging_mixin.py:188} INFO - [2026-05-07T09:47:41.987+0000] {dag.py:3954} INFO - Setting next_dagrun for two_task_dag to None, run_after=None
[2026-05-07T09:47:42.002+0000] {processor.py:183} INFO - Processing /workspaces/ETL-with-Airflow/airflow/dags/two_task_dag.py took 0.058 seconds
[2026-05-07T09:48:12.511+0000] {processor.py:161} INFO - Started process (PID=16131) to work on /workspaces/ETL-with-Airflow/airflow/dags/two_task_dag.py
[2026-05-07T09:48:12.512+0000] {processor.py:830} INFO - Processing file /workspaces/ETL-with-Airflow/airflow/dags/two_task_dag.py for tasks to queue
[2026-05-07T09:48:12.513+0000] {logging_mixin.py:188} INFO - [2026-05-07T09:48:12.513+0000] {dagbag.py:545} INFO - Filling up the DagBag from /workspaces/ETL-with-Airflow/airflow/dags/two_task_dag.py
[2026-05-07T09:48:12.521+0000] {processor.py:840} INFO - DAG(s) 'two_task_dag' retrieved from /workspaces/ETL-with-Airflow/airflow/dags/two_task_dag.py
[2026-05-07T09:48:12.538+0000] {logging_mixin.py:188} INFO - [2026-05-07T09:48:12.538+0000] {dag.py:3096} INFO - Sync 1 DAGs
[2026-05-07T09:48:12.547+0000] {logging_mixin.py:188} INFO - [2026-05-07T09:48:12.547+0000] {dag.py:3954} INFO - Setting next_dagrun for two_task_dag to None, run_after=None
[2026-05-07T09:48:12.562+0000] {processor.py:183} INFO - Processing /workspaces/ETL-with-Airflow/airflow/dags/two_task_dag.py took 0.056 seconds
[2026-05-07T09:48:43.070+0000] {processor.py:161} INFO - Started process (PID=16344) to work on /workspaces/ETL-with-Airflow/airflow/dags/two_task_dag.py
[2026-05-07T09:48:43.071+0000] {processor.py:830} INFO - Processing file /workspaces/ETL-with-Airflow/airflow/dags/two_task_dag.py for tasks to queue
[2026-05-07T09:48:43.073+0000] {logging_mixin.py:188} INFO - [2026-05-07T09:48:43.072+0000] {dagbag.py:545} INFO - Filling up the DagBag from /workspaces/ETL-with-Airflow/airflow/dags/two_task_dag.py
[2026-05-07T09:48:43.080+0000] {processor.py:840} INFO - DAG(s) 'two_task_dag' retrieved from /workspaces/ETL-with-Airflow/airflow/dags/two_task_dag.py
[2026-05-07T09:48:43.098+0000] {logging_mixin.py:188} INFO - [2026-05-07T09:48:43.098+0000] {dag.py:3096} INFO - Sync 1 DAGs
[2026-05-07T09:48:43.107+0000] {logging_mixin.py:188} INFO - [2026-05-07T09:48:43.107+0000] {dag.py:3954} INFO - Setting next_dagrun for two_task_dag to None, run_after=None
[2026-05-07T09:48:43.123+0000] {processor.py:183} INFO - Processing /workspaces/ETL-with-Airflow/airflow/dags/two_task_dag.py took 0.058 seconds
[2026-05-07T09:49:13.638+0000] {processor.py:161} INFO - Started process (PID=16699) to work on /workspaces/ETL-with-Airflow/airflow/dags/two_task_dag.py
[2026-05-07T09:49:13.639+0000] {processor.py:830} INFO - Processing file /workspaces/ETL-with-Airflow/airflow/dags/two_task_dag.py for tasks to queue
[2026-05-07T09:49:13.640+0000] {logging_mixin.py:188} INFO - [2026-05-07T09:49:13.640+0000] {dagbag.py:545} INFO - Filling up the DagBag from /workspaces/ETL-with-Airflow/airflow/dags/two_task_dag.py
[2026-05-07T09:49:13.648+0000] {processor.py:840} INFO - DAG(s) 'two_task_dag' retrieved from /workspaces/ETL-with-Airflow/airflow/dags/two_task_dag.py
[2026-05-07T09:49:13.666+0000] {logging_mixin.py:188} INFO - [2026-05-07T09:49:13.666+0000] {dag.py:3096} INFO - Sync 1 DAGs
[2026-05-07T09:49:13.675+0000] {logging_mixin.py:188} INFO - [2026-05-07T09:49:13.675+0000] {dag.py:3954} INFO - Setting next_dagrun for two_task_dag to None, run_after=None
[2026-05-07T09:49:13.690+0000] {processor.py:183} INFO - Processing /workspaces/ETL-with-Airflow/airflow/dags/two_task_dag.py took 0.058 seconds
[2026-05-07T09:49:44.134+0000] {processor.py:161} INFO - Started process (PID=16937) to work on /workspaces/ETL-with-Airflow/airflow/dags/two_task_dag.py
[2026-05-07T09:49:44.134+0000] {processor.py:830} INFO - Processing file /workspaces/ETL-with-Airflow/airflow/dags/two_task_dag.py for tasks to queue
[2026-05-07T09:49:44.136+0000] {logging_mixin.py:188} INFO - [2026-05-07T09:49:44.136+0000] {dagbag.py:545} INFO - Filling up the DagBag from /workspaces/ETL-with-Airflow/airflow/dags/two_task_dag.py
[2026-05-07T09:49:44.143+0000] {processor.py:840} INFO - DAG(s) 'two_task_dag' retrieved from /workspaces/ETL-with-Airflow/airflow/dags/two_task_dag.py
[2026-05-07T09:49:44.161+0000] {logging_mixin.py:188} INFO - [2026-05-07T09:49:44.161+0000] {dag.py:3096} INFO - Sync 1 DAGs
[2026-05-07T09:49:44.170+0000] {logging_mixin.py:188} INFO - [2026-05-07T09:49:44.170+0000] {dag.py:3954} INFO - Setting next_dagrun for two_task_dag to None, run_after=None
[2026-05-07T09:49:44.185+0000] {processor.py:183} INFO - Processing /workspaces/ETL-with-Airflow/airflow/dags/two_task_dag.py took 0.058 seconds
[2026-05-07T09:50:14.558+0000] {processor.py:161} INFO - Started process (PID=17284) to work on /workspaces/ETL-with-Airflow/airflow/dags/two_task_dag.py
[2026-05-07T09:50:14.559+0000] {processor.py:830} INFO - Processing file /workspaces/ETL-with-Airflow/airflow/dags/two_task_dag.py for tasks to queue
[2026-05-07T09:50:14.560+0000] {logging_mixin.py:188} INFO - [2026-05-07T09:50:14.560+0000] {dagbag.py:545} INFO - Filling up the DagBag from /workspaces/ETL-with-Airflow/airflow/dags/two_task_dag.py
[2026-05-07T09:50:14.568+0000] {processor.py:840} INFO - DAG(s) 'two_task_dag' retrieved from /workspaces/ETL-with-Airflow/airflow/dags/two_task_dag.py
[2026-05-07T09:50:14.586+0000] {logging_mixin.py:188} INFO - [2026-05-07T09:50:14.585+0000] {dag.py:3096} INFO - Sync 1 DAGs
[2026-05-07T09:50:14.594+0000] {logging_mixin.py:188} INFO - [2026-05-07T09:50:14.594+0000] {dag.py:3954} INFO - Setting next_dagrun for two_task_dag to None, run_after=None
[2026-05-07T09:50:14.611+0000] {processor.py:183} INFO - Processing /workspaces/ETL-with-Airflow/airflow/dags/two_task_dag.py took 0.059 seconds
[2026-05-07T09:50:45.036+0000] {processor.py:161} INFO - Started process (PID=17498) to work on /workspaces/ETL-with-Airflow/airflow/dags/two_task_dag.py
[2026-05-07T09:50:45.036+0000] {processor.py:830} INFO - Processing file /workspaces/ETL-with-Airflow/airflow/dags/two_task_dag.py for tasks to queue
[2026-05-07T09:50:45.038+0000] {logging_mixin.py:188} INFO - [2026-05-07T09:50:45.037+0000] {dagbag.py:545} INFO - Filling up the DagBag from /workspaces/ETL-with-Airflow/airflow/dags/two_task_dag.py
[2026-05-07T09:50:45.045+0000] {processor.py:840} INFO - DAG(s) 'two_task_dag' retrieved from /workspaces/ETL-with-Airflow/airflow/dags/two_task_dag.py
[2026-05-07T09:50:45.064+0000] {logging_mixin.py:188} INFO - [2026-05-07T09:50:45.064+0000] {dag.py:3096} INFO - Sync 1 DAGs
[2026-05-07T09:50:45.074+0000] {logging_mixin.py:188} INFO - [2026-05-07T09:50:45.074+0000] {dag.py:3954} INFO - Setting next_dagrun for two_task_dag to None, run_after=None
[2026-05-07T09:50:45.089+0000] {processor.py:183} INFO - Processing /workspaces/ETL-with-Airflow/airflow/dags/two_task_dag.py took 0.059 seconds
[2026-05-07T09:51:15.495+0000] {processor.py:161} INFO - Started process (PID=17723) to work on /workspaces/ETL-with-Airflow/airflow/dags/two_task_dag.py
[2026-05-07T09:51:15.496+0000] {processor.py:830} INFO - Processing file /workspaces/ETL-with-Airflow/airflow/dags/two_task_dag.py for tasks to queue
[2026-05-07T09:51:15.498+0000] {logging_mixin.py:188} INFO - [2026-05-07T09:51:15.497+0000] {dagbag.py:545} INFO - Filling up the DagBag from /workspaces/ETL-with-Airflow/airflow/dags/two_task_dag.py
[2026-05-07T09:51:15.506+0000] {processor.py:840} INFO - DAG(s) 'two_task_dag' retrieved from /workspaces/ETL-with-Airflow/airflow/dags/two_task_dag.py
[2026-05-07T09:51:15.525+0000] {logging_mixin.py:188} INFO - [2026-05-07T09:51:15.524+0000] {dag.py:3096} INFO - Sync 1 DAGs
[2026-05-07T09:51:15.535+0000] {logging_mixin.py:188} INFO - [2026-05-07T09:51:15.534+0000] {dag.py:3954} INFO - Setting next_dagrun for two_task_dag to None, run_after=None
[2026-05-07T09:51:15.550+0000] {processor.py:183} INFO - Processing /workspaces/ETL-with-Airflow/airflow/dags/two_task_dag.py took 0.060 seconds
[2026-05-07T09:51:42.752+0000] {processor.py:161} INFO - Started process (PID=18083) to work on /workspaces/ETL-with-Airflow/airflow/dags/two_task_dag.py
[2026-05-07T09:51:42.753+0000] {processor.py:830} INFO - Processing file /workspaces/ETL-with-Airflow/airflow/dags/two_task_dag.py for tasks to queue
[2026-05-07T09:51:42.754+0000] {logging_mixin.py:188} INFO - [2026-05-07T09:51:42.754+0000] {dagbag.py:545} INFO - Filling up the DagBag from /workspaces/ETL-with-Airflow/airflow/dags/two_task_dag.py
[2026-05-07T09:51:42.761+0000] {processor.py:840} INFO - DAG(s) 'two_task_dag' retrieved from /workspaces/ETL-with-Airflow/airflow/dags/two_task_dag.py
[2026-05-07T09:51:42.778+0000] {logging_mixin.py:188} INFO - [2026-05-07T09:51:42.778+0000] {dag.py:3096} INFO - Sync 1 DAGs
[2026-05-07T09:51:42.787+0000] {logging_mixin.py:188} INFO - [2026-05-07T09:51:42.787+0000] {dag.py:3954} INFO - Setting next_dagrun for two_task_dag to None, run_after=None
[2026-05-07T09:51:42.802+0000] {processor.py:183} INFO - Processing /workspaces/ETL-with-Airflow/airflow/dags/two_task_dag.py took 0.057 seconds
[2026-05-07T09:52:13.139+0000] {processor.py:161} INFO - Started process (PID=18304) to work on /workspaces/ETL-with-Airflow/airflow/dags/two_task_dag.py
[2026-05-07T09:52:13.140+0000] {processor.py:830} INFO - Processing file /workspaces/ETL-with-Airflow/airflow/dags/two_task_dag.py for tasks to queue
[2026-05-07T09:52:13.143+0000] {logging_mixin.py:188} INFO - [2026-05-07T09:52:13.143+0000] {dagbag.py:545} INFO - Filling up the DagBag from /workspaces/ETL-with-Airflow/airflow/dags/two_task_dag.py
[2026-05-07T09:52:13.152+0000] {processor.py:840} INFO - DAG(s) 'two_task_dag' retrieved from /workspaces/ETL-with-Airflow/airflow/dags/two_task_dag.py
[2026-05-07T09:52:13.171+0000] {logging_mixin.py:188} INFO - [2026-05-07T09:52:13.170+0000] {dag.py:3096} INFO - Sync 1 DAGs
[2026-05-07T09:52:13.180+0000] {logging_mixin.py:188} INFO - [2026-05-07T09:52:13.179+0000] {dag.py:3954} INFO - Setting next_dagrun for two_task_dag to None, run_after=None
[2026-05-07T09:52:13.196+0000] {processor.py:183} INFO - Processing /workspaces/ETL-with-Airflow/airflow/dags/two_task_dag.py took 0.064 seconds
[2026-05-07T09:52:44.735+0000] {processor.py:161} INFO - Started process (PID=18622) to work on /workspaces/ETL-with-Airflow/airflow/dags/two_task_dag.py
[2026-05-07T09:52:44.736+0000] {processor.py:830} INFO - Processing file /workspaces/ETL-with-Airflow/airflow/dags/two_task_dag.py for tasks to queue
[2026-05-07T09:52:44.738+0000] {logging_mixin.py:188} INFO - [2026-05-07T09:52:44.737+0000] {dagbag.py:545} INFO - Filling up the DagBag from /workspaces/ETL-with-Airflow/airflow/dags/two_task_dag.py
[2026-05-07T09:52:44.745+0000] {processor.py:840} INFO - DAG(s) 'two_task_dag' retrieved from /workspaces/ETL-with-Airflow/airflow/dags/two_task_dag.py
[2026-05-07T09:52:44.772+0000] {logging_mixin.py:188} INFO - [2026-05-07T09:52:44.772+0000] {dag.py:3096} INFO - Sync 1 DAGs
[2026-05-07T09:52:44.788+0000] {logging_mixin.py:188} INFO - [2026-05-07T09:52:44.788+0000] {dag.py:3954} INFO - Setting next_dagrun for two_task_dag to None, run_after=None
[2026-05-07T09:52:44.807+0000] {processor.py:183} INFO - Processing /workspaces/ETL-with-Airflow/airflow/dags/two_task_dag.py took 0.076 seconds
[2026-05-07T09:53:15.126+0000] {processor.py:161} INFO - Started process (PID=18946) to work on /workspaces/ETL-with-Airflow/airflow/dags/two_task_dag.py
[2026-05-07T09:53:15.127+0000] {processor.py:830} INFO - Processing file /workspaces/ETL-with-Airflow/airflow/dags/two_task_dag.py for tasks to queue
[2026-05-07T09:53:15.128+0000] {logging_mixin.py:188} INFO - [2026-05-07T09:53:15.128+0000] {dagbag.py:545} INFO - Filling up the DagBag from /workspaces/ETL-with-Airflow/airflow/dags/two_task_dag.py
[2026-05-07T09:53:15.136+0000] {processor.py:840} INFO - DAG(s) 'two_task_dag' retrieved from /workspaces/ETL-with-Airflow/airflow/dags/two_task_dag.py
[2026-05-07T09:53:15.153+0000] {logging_mixin.py:188} INFO - [2026-05-07T09:53:15.153+0000] {dag.py:3096} INFO - Sync 1 DAGs
[2026-05-07T09:53:15.162+0000] {logging_mixin.py:188} INFO - [2026-05-07T09:53:15.162+0000] {dag.py:3954} INFO - Setting next_dagrun for two_task_dag to None, run_after=None
[2026-05-07T09:53:15.178+0000] {processor.py:183} INFO - Processing /workspaces/ETL-with-Airflow/airflow/dags/two_task_dag.py took 0.057 seconds
[2026-05-07T09:53:46.848+0000] {processor.py:161} INFO - Started process (PID=19168) to work on /workspaces/ETL-with-Airflow/airflow/dags/two_task_dag.py
[2026-05-07T09:53:46.849+0000] {processor.py:830} INFO - Processing file /workspaces/ETL-with-Airflow/airflow/dags/two_task_dag.py for tasks to queue
[2026-05-07T09:53:46.850+0000] {logging_mixin.py:188} INFO - [2026-05-07T09:53:46.850+0000] {dagbag.py:545} INFO - Filling up the DagBag from /workspaces/ETL-with-Airflow/airflow/dags/two_task_dag.py
[2026-05-07T09:53:46.858+0000] {processor.py:840} INFO - DAG(s) 'two_task_dag' retrieved from /workspaces/ETL-with-Airflow/airflow/dags/two_task_dag.py
[2026-05-07T09:53:46.876+0000] {logging_mixin.py:188} INFO - [2026-05-07T09:53:46.876+0000] {dag.py:3096} INFO - Sync 1 DAGs
[2026-05-07T09:53:46.885+0000] {logging_mixin.py:188} INFO - [2026-05-07T09:53:46.885+0000] {dag.py:3954} INFO - Setting next_dagrun for two_task_dag to None, run_after=None
[2026-05-07T09:53:46.902+0000] {processor.py:183} INFO - Processing /workspaces/ETL-with-Airflow/airflow/dags/two_task_dag.py took 0.059 seconds
[2026-05-07T09:54:18.080+0000] {processor.py:161} INFO - Started process (PID=19403) to work on /workspaces/ETL-with-Airflow/airflow/dags/two_task_dag.py
[2026-05-07T09:54:18.081+0000] {processor.py:830} INFO - Processing file /workspaces/ETL-with-Airflow/airflow/dags/two_task_dag.py for tasks to queue
[2026-05-07T09:54:18.082+0000] {logging_mixin.py:188} INFO - [2026-05-07T09:54:18.082+0000] {dagbag.py:545} INFO - Filling up the DagBag from /workspaces/ETL-with-Airflow/airflow/dags/two_task_dag.py
[2026-05-07T09:54:18.090+0000] {processor.py:840} INFO - DAG(s) 'two_task_dag' retrieved from /workspaces/ETL-with-Airflow/airflow/dags/two_task_dag.py
[2026-05-07T09:54:18.108+0000] {logging_mixin.py:188} INFO - [2026-05-07T09:54:18.108+0000] {dag.py:3096} INFO - Sync 1 DAGs
[2026-05-07T09:54:18.118+0000] {logging_mixin.py:188} INFO - [2026-05-07T09:54:18.118+0000] {dag.py:3954} INFO - Setting next_dagrun for two_task_dag to None, run_after=None
[2026-05-07T09:54:18.134+0000] {processor.py:183} INFO - Processing /workspaces/ETL-with-Airflow/airflow/dags/two_task_dag.py took 0.058 seconds
[2026-05-07T09:54:48.685+0000] {processor.py:161} INFO - Started process (PID=19678) to work on /workspaces/ETL-with-Airflow/airflow/dags/two_task_dag.py
[2026-05-07T09:54:48.686+0000] {processor.py:830} INFO - Processing file /workspaces/ETL-with-Airflow/airflow/dags/two_task_dag.py for tasks to queue
[2026-05-07T09:54:48.688+0000] {logging_mixin.py:188} INFO - [2026-05-07T09:54:48.688+0000] {dagbag.py:545} INFO - Filling up the DagBag from /workspaces/ETL-with-Airflow/airflow/dags/two_task_dag.py
[2026-05-07T09:54:48.696+0000] {processor.py:840} INFO - DAG(s) 'two_task_dag' retrieved from /workspaces/ETL-with-Airflow/airflow/dags/two_task_dag.py
[2026-05-07T09:54:48.714+0000] {logging_mixin.py:188} INFO - [2026-05-07T09:54:48.714+0000] {dag.py:3096} INFO - Sync 1 DAGs
[2026-05-07T09:54:48.723+0000] {logging_mixin.py:188} INFO - [2026-05-07T09:54:48.722+0000] {dag.py:3954} INFO - Setting next_dagrun for two_task_dag to None, run_after=None
[2026-05-07T09:54:48.738+0000] {processor.py:183} INFO - Processing /workspaces/ETL-with-Airflow/airflow/dags/two_task_dag.py took 0.057 seconds
[2026-05-07T09:55:37.550+0000] {processor.py:161} INFO - Started process (PID=20261) to work on /workspaces/ETL-with-Airflow/airflow/dags/two_task_dag.py
[2026-05-07T09:55:37.551+0000] {processor.py:830} INFO - Processing file /workspaces/ETL-with-Airflow/airflow/dags/two_task_dag.py for tasks to queue
[2026-05-07T09:55:37.553+0000] {logging_mixin.py:188} INFO - [2026-05-07T09:55:37.552+0000] {dagbag.py:545} INFO - Filling up the DagBag from /workspaces/ETL-with-Airflow/airflow/dags/two_task_dag.py
[2026-05-07T09:55:37.560+0000] {processor.py:840} INFO - DAG(s) 'two_task_dag' retrieved from /workspaces/ETL-with-Airflow/airflow/dags/two_task_dag.py
[2026-05-07T09:55:37.579+0000] {logging_mixin.py:188} INFO - [2026-05-07T09:55:37.578+0000] {dag.py:3096} INFO - Sync 1 DAGs
[2026-05-07T09:55:37.587+0000] {logging_mixin.py:188} INFO - [2026-05-07T09:55:37.587+0000] {dag.py:3954} INFO - Setting next_dagrun for two_task_dag to None, run_after=None
[2026-05-07T09:55:37.603+0000] {processor.py:183} INFO - Processing /workspaces/ETL-with-Airflow/airflow/dags/two_task_dag.py took 0.057 seconds
[2026-05-07T09:56:15.130+0000] {processor.py:161} INFO - Started process (PID=20539) to work on /workspaces/ETL-with-Airflow/airflow/dags/two_task_dag.py
[2026-05-07T09:56:15.130+0000] {processor.py:830} INFO - Processing file /workspaces/ETL-with-Airflow/airflow/dags/two_task_dag.py for tasks to queue
[2026-05-07T09:56:15.132+0000] {logging_mixin.py:188} INFO - [2026-05-07T09:56:15.131+0000] {dagbag.py:545} INFO - Filling up the DagBag from /workspaces/ETL-with-Airflow/airflow/dags/two_task_dag.py
[2026-05-07T09:56:15.139+0000] {processor.py:840} INFO - DAG(s) 'two_task_dag' retrieved from /workspaces/ETL-with-Airflow/airflow/dags/two_task_dag.py
[2026-05-07T09:56:15.157+0000] {logging_mixin.py:188} INFO - [2026-05-07T09:56:15.157+0000] {dag.py:3096} INFO - Sync 1 DAGs
[2026-05-07T09:56:15.166+0000] {logging_mixin.py:188} INFO - [2026-05-07T09:56:15.166+0000] {dag.py:3954} INFO - Setting next_dagrun for two_task_dag to None, run_after=None
[2026-05-07T09:56:15.182+0000] {processor.py:183} INFO - Processing /workspaces/ETL-with-Airflow/airflow/dags/two_task_dag.py took 0.057 seconds
[2026-05-07T09:56:46.387+0000] {processor.py:161} INFO - Started process (PID=20788) to work on /workspaces/ETL-with-Airflow/airflow/dags/two_task_dag.py
[2026-05-07T09:56:46.388+0000] {processor.py:830} INFO - Processing file /workspaces/ETL-with-Airflow/airflow/dags/two_task_dag.py for tasks to queue
[2026-05-07T09:56:46.389+0000] {logging_mixin.py:188} INFO - [2026-05-07T09:56:46.389+0000] {dagbag.py:545} INFO - Filling up the DagBag from /workspaces/ETL-with-Airflow/airflow/dags/two_task_dag.py
[2026-05-07T09:56:46.397+0000] {processor.py:840} INFO - DAG(s) 'two_task_dag' retrieved from /workspaces/ETL-with-Airflow/airflow/dags/two_task_dag.py
[2026-05-07T09:56:46.414+0000] {logging_mixin.py:188} INFO - [2026-05-07T09:56:46.414+0000] {dag.py:3096} INFO - Sync 1 DAGs
[2026-05-07T09:56:46.423+0000] {logging_mixin.py:188} INFO - [2026-05-07T09:56:46.423+0000] {dag.py:3954} INFO - Setting next_dagrun for two_task_dag to None, run_after=None
[2026-05-07T09:56:46.439+0000] {processor.py:183} INFO - Processing /workspaces/ETL-with-Airflow/airflow/dags/two_task_dag.py took 0.057 seconds
[2026-05-07T09:57:16.814+0000] {processor.py:161} INFO - Started process (PID=21008) to work on /workspaces/ETL-with-Airflow/airflow/dags/two_task_dag.py
[2026-05-07T09:57:16.815+0000] {processor.py:830} INFO - Processing file /workspaces/ETL-with-Airflow/airflow/dags/two_task_dag.py for tasks to queue
[2026-05-07T09:57:16.816+0000] {logging_mixin.py:188} INFO - [2026-05-07T09:57:16.816+0000] {dagbag.py:545} INFO - Filling up the DagBag from /workspaces/ETL-with-Airflow/airflow/dags/two_task_dag.py
[2026-05-07T09:57:16.825+0000] {processor.py:840} INFO - DAG(s) 'two_task_dag' retrieved from /workspaces/ETL-with-Airflow/airflow/dags/two_task_dag.py
[2026-05-07T09:57:16.842+0000] {logging_mixin.py:188} INFO - [2026-05-07T09:57:16.842+0000] {dag.py:3096} INFO - Sync 1 DAGs
[2026-05-07T09:57:16.851+0000] {logging_mixin.py:188} INFO - [2026-05-07T09:57:16.851+0000] {dag.py:3954} INFO - Setting next_dagrun for two_task_dag to None, run_after=None
[2026-05-07T09:57:16.867+0000] {processor.py:183} INFO - Processing /workspaces/ETL-with-Airflow/airflow/dags/two_task_dag.py took 0.058 seconds
[2026-05-07T09:57:48.616+0000] {processor.py:161} INFO - Started process (PID=21235) to work on /workspaces/ETL-with-Airflow/airflow/dags/two_task_dag.py
[2026-05-07T09:57:48.616+0000] {processor.py:830} INFO - Processing file /workspaces/ETL-with-Airflow/airflow/dags/two_task_dag.py for tasks to queue
[2026-05-07T09:57:48.618+0000] {logging_mixin.py:188} INFO - [2026-05-07T09:57:48.618+0000] {dagbag.py:545} INFO - Filling up the DagBag from /workspaces/ETL-with-Airflow/airflow/dags/two_task_dag.py
[2026-05-07T09:57:48.625+0000] {processor.py:840} INFO - DAG(s) 'two_task_dag' retrieved from /workspaces/ETL-with-Airflow/airflow/dags/two_task_dag.py
[2026-05-07T09:57:48.643+0000] {logging_mixin.py:188} INFO - [2026-05-07T09:57:48.643+0000] {dag.py:3096} INFO - Sync 1 DAGs
[2026-05-07T09:57:48.652+0000] {logging_mixin.py:188} INFO - [2026-05-07T09:57:48.652+0000] {dag.py:3954} INFO - Setting next_dagrun for two_task_dag to None, run_after=None
[2026-05-07T09:57:48.670+0000] {processor.py:183} INFO - Processing /workspaces/ETL-with-Airflow/airflow/dags/two_task_dag.py took 0.059 seconds
[2026-05-07T09:58:19.011+0000] {processor.py:161} INFO - Started process (PID=21514) to work on /workspaces/ETL-with-Airflow/airflow/dags/two_task_dag.py
[2026-05-07T09:58:19.012+0000] {processor.py:830} INFO - Processing file /workspaces/ETL-with-Airflow/airflow/dags/two_task_dag.py for tasks to queue
[2026-05-07T09:58:19.014+0000] {logging_mixin.py:188} INFO - [2026-05-07T09:58:19.013+0000] {dagbag.py:545} INFO - Filling up the DagBag from /workspaces/ETL-with-Airflow/airflow/dags/two_task_dag.py
[2026-05-07T09:58:19.021+0000] {processor.py:840} INFO - DAG(s) 'two_task_dag' retrieved from /workspaces/ETL-with-Airflow/airflow/dags/two_task_dag.py
[2026-05-07T09:58:19.044+0000] {logging_mixin.py:188} INFO - [2026-05-07T09:58:19.044+0000] {dag.py:3096} INFO - Sync 1 DAGs
[2026-05-07T09:58:19.069+0000] {logging_mixin.py:188} INFO - [2026-05-07T09:58:19.068+0000] {dag.py:3954} INFO - Setting next_dagrun for two_task_dag to None, run_after=None
[2026-05-07T09:58:19.095+0000] {processor.py:183} INFO - Processing /workspaces/ETL-with-Airflow/airflow/dags/two_task_dag.py took 0.089 seconds
[2026-05-07T09:58:49.814+0000] {processor.py:161} INFO - Started process (PID=21744) to work on /workspaces/ETL-with-Airflow/airflow/dags/two_task_dag.py
[2026-05-07T09:58:49.815+0000] {processor.py:830} INFO - Processing file /workspaces/ETL-with-Airflow/airflow/dags/two_task_dag.py for tasks to queue
[2026-05-07T09:58:49.817+0000] {logging_mixin.py:188} INFO - [2026-05-07T09:58:49.817+0000] {dagbag.py:545} INFO - Filling up the DagBag from /workspaces/ETL-with-Airflow/airflow/dags/two_task_dag.py
[2026-05-07T09:58:49.824+0000] {processor.py:840} INFO - DAG(s) 'two_task_dag' retrieved from /workspaces/ETL-with-Airflow/airflow/dags/two_task_dag.py
[2026-05-07T09:58:49.842+0000] {logging_mixin.py:188} INFO - [2026-05-07T09:58:49.842+0000] {dag.py:3096} INFO - Sync 1 DAGs
[2026-05-07T09:58:49.851+0000] {logging_mixin.py:188} INFO - [2026-05-07T09:58:49.851+0000] {dag.py:3954} INFO - Setting next_dagrun for two_task_dag to None, run_after=None
[2026-05-07T09:58:49.866+0000] {processor.py:183} INFO - Processing /workspaces/ETL-with-Airflow/airflow/dags/two_task_dag.py took 0.057 seconds
[2026-05-07T09:59:20.605+0000] {processor.py:161} INFO - Started process (PID=21962) to work on /workspaces/ETL-with-Airflow/airflow/dags/two_task_dag.py
[2026-05-07T09:59:20.606+0000] {processor.py:830} INFO - Processing file /workspaces/ETL-with-Airflow/airflow/dags/two_task_dag.py for tasks to queue
[2026-05-07T09:59:20.608+0000] {logging_mixin.py:188} INFO - [2026-05-07T09:59:20.607+0000] {dagbag.py:545} INFO - Filling up the DagBag from /workspaces/ETL-with-Airflow/airflow/dags/two_task_dag.py
[2026-05-07T09:59:20.615+0000] {processor.py:840} INFO - DAG(s) 'two_task_dag' retrieved from /workspaces/ETL-with-Airflow/airflow/dags/two_task_dag.py
[2026-05-07T09:59:20.634+0000] {logging_mixin.py:188} INFO - [2026-05-07T09:59:20.634+0000] {dag.py:3096} INFO - Sync 1 DAGs
[2026-05-07T09:59:20.643+0000] {logging_mixin.py:188} INFO - [2026-05-07T09:59:20.642+0000] {dag.py:3954} INFO - Setting next_dagrun for two_task_dag to None, run_after=None
[2026-05-07T09:59:20.658+0000] {processor.py:183} INFO - Processing /workspaces/ETL-with-Airflow/airflow/dags/two_task_dag.py took 0.057 seconds
[2026-05-07T09:59:51.413+0000] {processor.py:161} INFO - Started process (PID=22185) to work on /workspaces/ETL-with-Airflow/airflow/dags/two_task_dag.py
[2026-05-07T09:59:51.414+0000] {processor.py:830} INFO - Processing file /workspaces/ETL-with-Airflow/airflow/dags/two_task_dag.py for tasks to queue
[2026-05-07T09:59:51.415+0000] {logging_mixin.py:188} INFO - [2026-05-07T09:59:51.415+0000] {dagbag.py:545} INFO - Filling up the DagBag from /workspaces/ETL-with-Airflow/airflow/dags/two_task_dag.py
[2026-05-07T09:59:51.425+0000] {processor.py:840} INFO - DAG(s) 'two_task_dag' retrieved from /workspaces/ETL-with-Airflow/airflow/dags/two_task_dag.py
[2026-05-07T09:59:51.445+0000] {logging_mixin.py:188} INFO - [2026-05-07T09:59:51.444+0000] {dag.py:3096} INFO - Sync 1 DAGs
[2026-05-07T09:59:51.453+0000] {logging_mixin.py:188} INFO - [2026-05-07T09:59:51.453+0000] {dag.py:3954} INFO - Setting next_dagrun for two_task_dag to None, run_after=None
[2026-05-07T09:59:51.469+0000] {processor.py:183} INFO - Processing /workspaces/ETL-with-Airflow/airflow/dags/two_task_dag.py took 0.064 seconds
[2026-05-07T10:00:22.104+0000] {processor.py:161} INFO - Started process (PID=22468) to work on /workspaces/ETL-with-Airflow/airflow/dags/two_task_dag.py
[2026-05-07T10:00:22.105+0000] {processor.py:830} INFO - Processing file /workspaces/ETL-with-Airflow/airflow/dags/two_task_dag.py for tasks to queue
[2026-05-07T10:00:22.108+0000] {logging_mixin.py:188} INFO - [2026-05-07T10:00:22.107+0000] {dagbag.py:545} INFO - Filling up the DagBag from /workspaces/ETL-with-Airflow/airflow/dags/two_task_dag.py
[2026-05-07T10:00:22.116+0000] {processor.py:840} INFO - DAG(s) 'two_task_dag' retrieved from /workspaces/ETL-with-Airflow/airflow/dags/two_task_dag.py
[2026-05-07T10:00:22.135+0000] {logging_mixin.py:188} INFO - [2026-05-07T10:00:22.135+0000] {dag.py:3096} INFO - Sync 1 DAGs
[2026-05-07T10:00:22.147+0000] {logging_mixin.py:188} INFO - [2026-05-07T10:00:22.147+0000] {dag.py:3954} INFO - Setting next_dagrun for two_task_dag to None, run_after=None
[2026-05-07T10:00:22.163+0000] {processor.py:183} INFO - Processing /workspaces/ETL-with-Airflow/airflow/dags/two_task_dag.py took 0.065 seconds
[2026-05-07T10:00:52.275+0000] {processor.py:161} INFO - Started process (PID=22709) to work on /workspaces/ETL-with-Airflow/airflow/dags/two_task_dag.py
[2026-05-07T10:00:52.276+0000] {processor.py:830} INFO - Processing file /workspaces/ETL-with-Airflow/airflow/dags/two_task_dag.py for tasks to queue
[2026-05-07T10:00:52.277+0000] {logging_mixin.py:188} INFO - [2026-05-07T10:00:52.277+0000] {dagbag.py:545} INFO - Filling up the DagBag from /workspaces/ETL-with-Airflow/airflow/dags/two_task_dag.py
[2026-05-07T10:00:52.284+0000] {processor.py:840} INFO - DAG(s) 'two_task_dag' retrieved from /workspaces/ETL-with-Airflow/airflow/dags/two_task_dag.py
[2026-05-07T10:00:52.303+0000] {logging_mixin.py:188} INFO - [2026-05-07T10:00:52.303+0000] {dag.py:3096} INFO - Sync 1 DAGs
[2026-05-07T10:00:52.312+0000] {logging_mixin.py:188} INFO - [2026-05-07T10:00:52.312+0000] {dag.py:3954} INFO - Setting next_dagrun for two_task_dag to None, run_after=None
[2026-05-07T10:00:52.328+0000] {processor.py:183} INFO - Processing /workspaces/ETL-with-Airflow/airflow/dags/two_task_dag.py took 0.058 seconds
[2026-05-07T10:01:22.445+0000] {processor.py:161} INFO - Started process (PID=22920) to work on /workspaces/ETL-with-Airflow/airflow/dags/two_task_dag.py
[2026-05-07T10:01:22.446+0000] {processor.py:830} INFO - Processing file /workspaces/ETL-with-Airflow/airflow/dags/two_task_dag.py for tasks to queue
[2026-05-07T10:01:22.447+0000] {logging_mixin.py:188} INFO - [2026-05-07T10:01:22.447+0000] {dagbag.py:545} INFO - Filling up the DagBag from /workspaces/ETL-with-Airflow/airflow/dags/two_task_dag.py
[2026-05-07T10:01:22.455+0000] {processor.py:840} INFO - DAG(s) 'two_task_dag' retrieved from /workspaces/ETL-with-Airflow/airflow/dags/two_task_dag.py
[2026-05-07T10:01:22.473+0000] {logging_mixin.py:188} INFO - [2026-05-07T10:01:22.473+0000] {dag.py:3096} INFO - Sync 1 DAGs
[2026-05-07T10:01:22.483+0000] {logging_mixin.py:188} INFO - [2026-05-07T10:01:22.482+0000] {dag.py:3954} INFO - Setting next_dagrun for two_task_dag to None, run_after=None
[2026-05-07T10:01:22.499+0000] {processor.py:183} INFO - Processing /workspaces/ETL-with-Airflow/airflow/dags/two_task_dag.py took 0.060 seconds
[2026-05-07T10:01:53.226+0000] {processor.py:161} INFO - Started process (PID=23149) to work on /workspaces/ETL-with-Airflow/airflow/dags/two_task_dag.py
[2026-05-07T10:01:53.227+0000] {processor.py:830} INFO - Processing file /workspaces/ETL-with-Airflow/airflow/dags/two_task_dag.py for tasks to queue
[2026-05-07T10:01:53.228+0000] {logging_mixin.py:188} INFO - [2026-05-07T10:01:53.228+0000] {dagbag.py:545} INFO - Filling up the DagBag from /workspaces/ETL-with-Airflow/airflow/dags/two_task_dag.py
[2026-05-07T10:01:53.236+0000] {processor.py:840} INFO - DAG(s) 'two_task_dag' retrieved from /workspaces/ETL-with-Airflow/airflow/dags/two_task_dag.py
[2026-05-07T10:01:53.253+0000] {logging_mixin.py:188} INFO - [2026-05-07T10:01:53.253+0000] {dag.py:3096} INFO - Sync 1 DAGs
[2026-05-07T10:01:53.262+0000] {logging_mixin.py:188} INFO - [2026-05-07T10:01:53.262+0000] {dag.py:3954} INFO - Setting next_dagrun for two_task_dag to None, run_after=None
[2026-05-07T10:01:53.279+0000] {processor.py:183} INFO - Processing /workspaces/ETL-with-Airflow/airflow/dags/two_task_dag.py took 0.058 seconds
[2026-05-07T10:02:23.909+0000] {processor.py:161} INFO - Started process (PID=23425) to work on /workspaces/ETL-with-Airflow/airflow/dags/two_task_dag.py
[2026-05-07T10:02:23.910+0000] {processor.py:830} INFO - Processing file /workspaces/ETL-with-Airflow/airflow/dags/two_task_dag.py for tasks to queue
[2026-05-07T10:02:23.911+0000] {logging_mixin.py:188} INFO - [2026-05-07T10:02:23.911+0000] {dagbag.py:545} INFO - Filling up the DagBag from /workspaces/ETL-with-Airflow/airflow/dags/two_task_dag.py
[2026-05-07T10:02:23.918+0000] {processor.py:840} INFO - DAG(s) 'two_task_dag' retrieved from /workspaces/ETL-with-Airflow/airflow/dags/two_task_dag.py
[2026-05-07T10:02:23.942+0000] {logging_mixin.py:188} INFO - [2026-05-07T10:02:23.942+0000] {dag.py:3096} INFO - Sync 1 DAGs
[2026-05-07T10:02:23.953+0000] {logging_mixin.py:188} INFO - [2026-05-07T10:02:23.953+0000] {dag.py:3954} INFO - Setting next_dagrun for two_task_dag to None, run_after=None
[2026-05-07T10:02:23.972+0000] {processor.py:183} INFO - Processing /workspaces/ETL-with-Airflow/airflow/dags/two_task_dag.py took 0.068 seconds
[2026-05-07T10:02:54.073+0000] {processor.py:161} INFO - Started process (PID=23641) to work on /workspaces/ETL-with-Airflow/airflow/dags/two_task_dag.py
[2026-05-07T10:02:54.074+0000] {processor.py:830} INFO - Processing file /workspaces/ETL-with-Airflow/airflow/dags/two_task_dag.py for tasks to queue
[2026-05-07T10:02:54.076+0000] {logging_mixin.py:188} INFO - [2026-05-07T10:02:54.075+0000] {dagbag.py:545} INFO - Filling up the DagBag from /workspaces/ETL-with-Airflow/airflow/dags/two_task_dag.py
[2026-05-07T10:02:54.083+0000] {processor.py:840} INFO - DAG(s) 'two_task_dag' retrieved from /workspaces/ETL-with-Airflow/airflow/dags/two_task_dag.py
[2026-05-07T10:02:54.101+0000] {logging_mixin.py:188} INFO - [2026-05-07T10:02:54.101+0000] {dag.py:3096} INFO - Sync 1 DAGs
[2026-05-07T10:02:54.110+0000] {logging_mixin.py:188} INFO - [2026-05-07T10:02:54.110+0000] {dag.py:3954} INFO - Setting next_dagrun for two_task_dag to None, run_after=None
[2026-05-07T10:02:54.128+0000] {processor.py:183} INFO - Processing /workspaces/ETL-with-Airflow/airflow/dags/two_task_dag.py took 0.059 seconds
[2026-05-07T10:03:24.923+0000] {processor.py:161} INFO - Started process (PID=23905) to work on /workspaces/ETL-with-Airflow/airflow/dags/two_task_dag.py
[2026-05-07T10:03:24.924+0000] {processor.py:830} INFO - Processing file /workspaces/ETL-with-Airflow/airflow/dags/two_task_dag.py for tasks to queue
[2026-05-07T10:03:24.928+0000] {logging_mixin.py:188} INFO - [2026-05-07T10:03:24.928+0000] {dagbag.py:545} INFO - Filling up the DagBag from /workspaces/ETL-with-Airflow/airflow/dags/two_task_dag.py
[2026-05-07T10:03:24.939+0000] {processor.py:840} INFO - DAG(s) 'two_task_dag' retrieved from /workspaces/ETL-with-Airflow/airflow/dags/two_task_dag.py
[2026-05-07T10:03:24.973+0000] {logging_mixin.py:188} INFO - [2026-05-07T10:03:24.968+0000] {dag.py:3096} INFO - Sync 1 DAGs
[2026-05-07T10:03:24.996+0000] {logging_mixin.py:188} INFO - [2026-05-07T10:03:24.996+0000] {dag.py:3954} INFO - Setting next_dagrun for two_task_dag to None, run_after=None
[2026-05-07T10:03:25.031+0000] {processor.py:183} INFO - Processing /workspaces/ETL-with-Airflow/airflow/dags/two_task_dag.py took 0.114 seconds
[2026-05-07T10:03:55.967+0000] {processor.py:161} INFO - Started process (PID=24243) to work on /workspaces/ETL-with-Airflow/airflow/dags/two_task_dag.py
[2026-05-07T10:03:55.967+0000] {processor.py:830} INFO - Processing file /workspaces/ETL-with-Airflow/airflow/dags/two_task_dag.py for tasks to queue
[2026-05-07T10:03:55.969+0000] {logging_mixin.py:188} INFO - [2026-05-07T10:03:55.968+0000] {dagbag.py:545} INFO - Filling up the DagBag from /workspaces/ETL-with-Airflow/airflow/dags/two_task_dag.py
[2026-05-07T10:03:55.977+0000] {processor.py:840} INFO - DAG(s) 'two_task_dag' retrieved from /workspaces/ETL-with-Airflow/airflow/dags/two_task_dag.py
[2026-05-07T10:03:55.996+0000] {logging_mixin.py:188} INFO - [2026-05-07T10:03:55.996+0000] {dag.py:3096} INFO - Sync 1 DAGs
[2026-05-07T10:03:56.005+0000] {logging_mixin.py:188} INFO - [2026-05-07T10:03:56.005+0000] {dag.py:3954} INFO - Setting next_dagrun for two_task_dag to None, run_after=None
[2026-05-07T10:03:56.020+0000] {processor.py:183} INFO - Processing /workspaces/ETL-with-Airflow/airflow/dags/two_task_dag.py took 0.059 seconds
[2026-05-07T10:04:26.153+0000] {processor.py:161} INFO - Started process (PID=24475) to work on /workspaces/ETL-with-Airflow/airflow/dags/two_task_dag.py
[2026-05-07T10:04:26.154+0000] {processor.py:830} INFO - Processing file /workspaces/ETL-with-Airflow/airflow/dags/two_task_dag.py for tasks to queue
[2026-05-07T10:04:26.155+0000] {logging_mixin.py:188} INFO - [2026-05-07T10:04:26.155+0000] {dagbag.py:545} INFO - Filling up the DagBag from /workspaces/ETL-with-Airflow/airflow/dags/two_task_dag.py
[2026-05-07T10:04:26.163+0000] {processor.py:840} INFO - DAG(s) 'two_task_dag' retrieved from /workspaces/ETL-with-Airflow/airflow/dags/two_task_dag.py
[2026-05-07T10:04:26.181+0000] {logging_mixin.py:188} INFO - [2026-05-07T10:04:26.181+0000] {dag.py:3096} INFO - Sync 1 DAGs
[2026-05-07T10:04:26.190+0000] {logging_mixin.py:188} INFO - [2026-05-07T10:04:26.189+0000] {dag.py:3954} INFO - Setting next_dagrun for two_task_dag to None, run_after=None
[2026-05-07T10:04:26.205+0000] {processor.py:183} INFO - Processing /workspaces/ETL-with-Airflow/airflow/dags/two_task_dag.py took 0.057 seconds
[2026-05-07T10:04:56.969+0000] {processor.py:161} INFO - Started process (PID=24706) to work on /workspaces/ETL-with-Airflow/airflow/dags/two_task_dag.py
[2026-05-07T10:04:56.970+0000] {processor.py:830} INFO - Processing file /workspaces/ETL-with-Airflow/airflow/dags/two_task_dag.py for tasks to queue
[2026-05-07T10:04:56.971+0000] {logging_mixin.py:188} INFO - [2026-05-07T10:04:56.971+0000] {dagbag.py:545} INFO - Filling up the DagBag from /workspaces/ETL-with-Airflow/airflow/dags/two_task_dag.py
[2026-05-07T10:04:56.979+0000] {processor.py:840} INFO - DAG(s) 'two_task_dag' retrieved from /workspaces/ETL-with-Airflow/airflow/dags/two_task_dag.py
[2026-05-07T10:04:56.997+0000] {logging_mixin.py:188} INFO - [2026-05-07T10:04:56.997+0000] {dag.py:3096} INFO - Sync 1 DAGs
[2026-05-07T10:04:57.006+0000] {logging_mixin.py:188} INFO - [2026-05-07T10:04:57.006+0000] {dag.py:3954} INFO - Setting next_dagrun for two_task_dag to None, run_after=None
[2026-05-07T10:04:57.021+0000] {processor.py:183} INFO - Processing /workspaces/ETL-with-Airflow/airflow/dags/two_task_dag.py took 0.057 seconds
[2026-05-07T10:05:27.126+0000] {processor.py:161} INFO - Started process (PID=25001) to work on /workspaces/ETL-with-Airflow/airflow/dags/two_task_dag.py
[2026-05-07T10:05:27.127+0000] {processor.py:830} INFO - Processing file /workspaces/ETL-with-Airflow/airflow/dags/two_task_dag.py for tasks to queue
[2026-05-07T10:05:27.128+0000] {logging_mixin.py:188} INFO - [2026-05-07T10:05:27.128+0000] {dagbag.py:545} INFO - Filling up the DagBag from /workspaces/ETL-with-Airflow/airflow/dags/two_task_dag.py
[2026-05-07T10:05:27.138+0000] {processor.py:840} INFO - DAG(s) 'two_task_dag' retrieved from /workspaces/ETL-with-Airflow/airflow/dags/two_task_dag.py
[2026-05-07T10:05:27.165+0000] {logging_mixin.py:188} INFO - [2026-05-07T10:05:27.165+0000] {dag.py:3096} INFO - Sync 1 DAGs
[2026-05-07T10:05:27.175+0000] {logging_mixin.py:188} INFO - [2026-05-07T10:05:27.175+0000] {dag.py:3954} INFO - Setting next_dagrun for two_task_dag to None, run_after=None
[2026-05-07T10:05:27.192+0000] {processor.py:183} INFO - Processing /workspaces/ETL-with-Airflow/airflow/dags/two_task_dag.py took 0.071 seconds
[2026-05-07T10:05:59.735+0000] {processor.py:161} INFO - Started process (PID=25319) to work on /workspaces/ETL-with-Airflow/airflow/dags/two_task_dag.py
[2026-05-07T10:05:59.736+0000] {processor.py:830} INFO - Processing file /workspaces/ETL-with-Airflow/airflow/dags/two_task_dag.py for tasks to queue
[2026-05-07T10:05:59.743+0000] {logging_mixin.py:188} INFO - [2026-05-07T10:05:59.742+0000] {dagbag.py:545} INFO - Filling up the DagBag from /workspaces/ETL-with-Airflow/airflow/dags/two_task_dag.py
[2026-05-07T10:05:59.769+0000] {processor.py:840} INFO - DAG(s) 'two_task_dag' retrieved from /workspaces/ETL-with-Airflow/airflow/dags/two_task_dag.py
[2026-05-07T10:05:59.853+0000] {logging_mixin.py:188} INFO - [2026-05-07T10:05:59.851+0000] {dag.py:3096} INFO - Sync 1 DAGs
[2026-05-07T10:05:59.887+0000] {logging_mixin.py:188} INFO - [2026-05-07T10:05:59.887+0000] {dag.py:3954} INFO - Setting next_dagrun for two_task_dag to None, run_after=None
[2026-05-07T10:05:59.933+0000] {processor.py:183} INFO - Processing /workspaces/ETL-with-Airflow/airflow/dags/two_task_dag.py took 0.213 seconds
[2026-05-07T10:06:30.339+0000] {processor.py:161} INFO - Started process (PID=25584) to work on /workspaces/ETL-with-Airflow/airflow/dags/two_task_dag.py
[2026-05-07T10:06:30.340+0000] {processor.py:830} INFO - Processing file /workspaces/ETL-with-Airflow/airflow/dags/two_task_dag.py for tasks to queue
[2026-05-07T10:06:30.341+0000] {logging_mixin.py:188} INFO - [2026-05-07T10:06:30.341+0000] {dagbag.py:545} INFO - Filling up the DagBag from /workspaces/ETL-with-Airflow/airflow/dags/two_task_dag.py
[2026-05-07T10:06:30.350+0000] {processor.py:840} INFO - DAG(s) 'two_task_dag' retrieved from /workspaces/ETL-with-Airflow/airflow/dags/two_task_dag.py
[2026-05-07T10:06:30.377+0000] {logging_mixin.py:188} INFO - [2026-05-07T10:06:30.377+0000] {dag.py:3096} INFO - Sync 1 DAGs
[2026-05-07T10:06:30.396+0000] {logging_mixin.py:188} INFO - [2026-05-07T10:06:30.396+0000] {dag.py:3954} INFO - Setting next_dagrun for two_task_dag to None, run_after=None
[2026-05-07T10:06:30.421+0000] {processor.py:183} INFO - Processing /workspaces/ETL-with-Airflow/airflow/dags/two_task_dag.py took 0.087 seconds
[2026-05-07T10:07:00.936+0000] {processor.py:161} INFO - Started process (PID=25864) to work on /workspaces/ETL-with-Airflow/airflow/dags/two_task_dag.py
[2026-05-07T10:07:00.936+0000] {processor.py:830} INFO - Processing file /workspaces/ETL-with-Airflow/airflow/dags/two_task_dag.py for tasks to queue
[2026-05-07T10:07:00.938+0000] {logging_mixin.py:188} INFO - [2026-05-07T10:07:00.938+0000] {dagbag.py:545} INFO - Filling up the DagBag from /workspaces/ETL-with-Airflow/airflow/dags/two_task_dag.py
[2026-05-07T10:07:00.947+0000] {processor.py:840} INFO - DAG(s) 'two_task_dag' retrieved from /workspaces/ETL-with-Airflow/airflow/dags/two_task_dag.py
[2026-05-07T10:07:00.965+0000] {logging_mixin.py:188} INFO - [2026-05-07T10:07:00.965+0000] {dag.py:3096} INFO - Sync 1 DAGs
[2026-05-07T10:07:00.978+0000] {logging_mixin.py:188} INFO - [2026-05-07T10:07:00.978+0000] {dag.py:3954} INFO - Setting next_dagrun for two_task_dag to None, run_after=None
[2026-05-07T10:07:00.993+0000] {processor.py:183} INFO - Processing /workspaces/ETL-with-Airflow/airflow/dags/two_task_dag.py took 0.064 seconds
[2026-05-07T10:07:31.681+0000] {processor.py:161} INFO - Started process (PID=26216) to work on /workspaces/ETL-with-Airflow/airflow/dags/two_task_dag.py
[2026-05-07T10:07:31.682+0000] {processor.py:830} INFO - Processing file /workspaces/ETL-with-Airflow/airflow/dags/two_task_dag.py for tasks to queue
[2026-05-07T10:07:31.684+0000] {logging_mixin.py:188} INFO - [2026-05-07T10:07:31.683+0000] {dagbag.py:545} INFO - Filling up the DagBag from /workspaces/ETL-with-Airflow/airflow/dags/two_task_dag.py
[2026-05-07T10:07:31.692+0000] {processor.py:840} INFO - DAG(s) 'two_task_dag' retrieved from /workspaces/ETL-with-Airflow/airflow/dags/two_task_dag.py
[2026-05-07T10:07:31.700+0000] {logging_mixin.py:188} INFO - [2026-05-07T10:07:31.699+0000] {dag.py:3096} INFO - Sync 1 DAGs
[2026-05-07T10:07:31.710+0000] {logging_mixin.py:188} INFO - [2026-05-07T10:07:31.710+0000] {dag.py:3954} INFO - Setting next_dagrun for two_task_dag to None, run_after=None
[2026-05-07T10:07:31.726+0000] {processor.py:183} INFO - Processing /workspaces/ETL-with-Airflow/airflow/dags/two_task_dag.py took 0.050 seconds
[2026-05-07T10:08:02.223+0000] {processor.py:161} INFO - Started process (PID=26434) to work on /workspaces/ETL-with-Airflow/airflow/dags/two_task_dag.py
[2026-05-07T10:08:02.223+0000] {processor.py:830} INFO - Processing file /workspaces/ETL-with-Airflow/airflow/dags/two_task_dag.py for tasks to queue
[2026-05-07T10:08:02.225+0000] {logging_mixin.py:188} INFO - [2026-05-07T10:08:02.225+0000] {dagbag.py:545} INFO - Filling up the DagBag from /workspaces/ETL-with-Airflow/airflow/dags/two_task_dag.py
[2026-05-07T10:08:02.235+0000] {processor.py:840} INFO - DAG(s) 'two_task_dag' retrieved from /workspaces/ETL-with-Airflow/airflow/dags/two_task_dag.py
[2026-05-07T10:08:02.317+0000] {logging_mixin.py:188} INFO - [2026-05-07T10:08:02.316+0000] {dag.py:3096} INFO - Sync 1 DAGs
[2026-05-07T10:08:02.323+0000] {logging_mixin.py:188} INFO - [2026-05-07T10:08:02.323+0000] {dag.py:3954} INFO - Setting next_dagrun for two_task_dag to None, run_after=None
[2026-05-07T10:08:02.343+0000] {processor.py:183} INFO - Processing /workspaces/ETL-with-Airflow/airflow/dags/two_task_dag.py took 0.125 seconds
[2026-05-07T10:08:32.914+0000] {processor.py:161} INFO - Started process (PID=26651) to work on /workspaces/ETL-with-Airflow/airflow/dags/two_task_dag.py
[2026-05-07T10:08:32.915+0000] {processor.py:830} INFO - Processing file /workspaces/ETL-with-Airflow/airflow/dags/two_task_dag.py for tasks to queue
[2026-05-07T10:08:32.916+0000] {logging_mixin.py:188} INFO - [2026-05-07T10:08:32.916+0000] {dagbag.py:545} INFO - Filling up the DagBag from /workspaces/ETL-with-Airflow/airflow/dags/two_task_dag.py
[2026-05-07T10:08:32.923+0000] {processor.py:840} INFO - DAG(s) 'two_task_dag' retrieved from /workspaces/ETL-with-Airflow/airflow/dags/two_task_dag.py
[2026-05-07T10:08:32.946+0000] {logging_mixin.py:188} INFO - [2026-05-07T10:08:32.946+0000] {dag.py:3096} INFO - Sync 1 DAGs
[2026-05-07T10:08:32.955+0000] {logging_mixin.py:188} INFO - [2026-05-07T10:08:32.955+0000] {dag.py:3954} INFO - Setting next_dagrun for two_task_dag to None, run_after=None
[2026-05-07T10:08:32.970+0000] {processor.py:183} INFO - Processing /workspaces/ETL-with-Airflow/airflow/dags/two_task_dag.py took 0.062 seconds
[2026-05-07T10:09:03.421+0000] {processor.py:161} INFO - Started process (PID=26867) to work on /workspaces/ETL-with-Airflow/airflow/dags/two_task_dag.py
[2026-05-07T10:09:03.422+0000] {processor.py:830} INFO - Processing file /workspaces/ETL-with-Airflow/airflow/dags/two_task_dag.py for tasks to queue
[2026-05-07T10:09:03.423+0000] {logging_mixin.py:188} INFO - [2026-05-07T10:09:03.423+0000] {dagbag.py:545} INFO - Filling up the DagBag from /workspaces/ETL-with-Airflow/airflow/dags/two_task_dag.py
[2026-05-07T10:09:03.432+0000] {processor.py:840} INFO - DAG(s) 'two_task_dag' retrieved from /workspaces/ETL-with-Airflow/airflow/dags/two_task_dag.py
[2026-05-07T10:09:03.467+0000] {logging_mixin.py:188} INFO - [2026-05-07T10:09:03.467+0000] {dag.py:3096} INFO - Sync 1 DAGs
[2026-05-07T10:09:03.476+0000] {logging_mixin.py:188} INFO - [2026-05-07T10:09:03.476+0000] {dag.py:3954} INFO - Setting next_dagrun for two_task_dag to None, run_after=None
[2026-05-07T10:09:03.491+0000] {processor.py:183} INFO - Processing /workspaces/ETL-with-Airflow/airflow/dags/two_task_dag.py took 0.075 seconds
[2026-05-07T10:09:34.492+0000] {processor.py:161} INFO - Started process (PID=27107) to work on /workspaces/ETL-with-Airflow/airflow/dags/two_task_dag.py
[2026-05-07T10:09:34.493+0000] {processor.py:830} INFO - Processing file /workspaces/ETL-with-Airflow/airflow/dags/two_task_dag.py for tasks to queue
[2026-05-07T10:09:34.494+0000] {logging_mixin.py:188} INFO - [2026-05-07T10:09:34.494+0000] {dagbag.py:545} INFO - Filling up the DagBag from /workspaces/ETL-with-Airflow/airflow/dags/two_task_dag.py
[2026-05-07T10:09:34.502+0000] {processor.py:840} INFO - DAG(s) 'two_task_dag' retrieved from /workspaces/ETL-with-Airflow/airflow/dags/two_task_dag.py
[2026-05-07T10:09:34.530+0000] {logging_mixin.py:188} INFO - [2026-05-07T10:09:34.530+0000] {dag.py:3096} INFO - Sync 1 DAGs
[2026-05-07T10:09:34.549+0000] {logging_mixin.py:188} INFO - [2026-05-07T10:09:34.548+0000] {dag.py:3954} INFO - Setting next_dagrun for two_task_dag to None, run_after=None
[2026-05-07T10:09:34.633+0000] {processor.py:183} INFO - Processing /workspaces/ETL-with-Airflow/airflow/dags/two_task_dag.py took 0.145 seconds
[2026-05-07T10:10:05.649+0000] {processor.py:161} INFO - Started process (PID=27395) to work on /workspaces/ETL-with-Airflow/airflow/dags/two_task_dag.py
[2026-05-07T10:10:05.649+0000] {processor.py:830} INFO - Processing file /workspaces/ETL-with-Airflow/airflow/dags/two_task_dag.py for tasks to queue
[2026-05-07T10:10:05.651+0000] {logging_mixin.py:188} INFO - [2026-05-07T10:10:05.651+0000] {dagbag.py:545} INFO - Filling up the DagBag from /workspaces/ETL-with-Airflow/airflow/dags/two_task_dag.py
[2026-05-07T10:10:05.659+0000] {processor.py:840} INFO - DAG(s) 'two_task_dag' retrieved from /workspaces/ETL-with-Airflow/airflow/dags/two_task_dag.py
[2026-05-07T10:10:05.677+0000] {logging_mixin.py:188} INFO - [2026-05-07T10:10:05.677+0000] {dag.py:3096} INFO - Sync 1 DAGs
[2026-05-07T10:10:05.687+0000] {logging_mixin.py:188} INFO - [2026-05-07T10:10:05.687+0000] {dag.py:3954} INFO - Setting next_dagrun for two_task_dag to None, run_after=None
[2026-05-07T10:10:05.703+0000] {processor.py:183} INFO - Processing /workspaces/ETL-with-Airflow/airflow/dags/two_task_dag.py took 0.060 seconds
