[2026-05-06T23:19:15.438+0000] {processor.py:161} INFO - Started process (PID=13427) to work on /usr/local/python/3.12.1/lib/python3.12/site-packages/airflow/example_dags/example_datasets.py
[2026-05-06T23:19:15.438+0000] {processor.py:830} INFO - Processing file /usr/local/python/3.12.1/lib/python3.12/site-packages/airflow/example_dags/example_datasets.py for tasks to queue
[2026-05-06T23:19:15.440+0000] {logging_mixin.py:188} INFO - [2026-05-06T23:19:15.439+0000] {dagbag.py:545} INFO - Filling up the DagBag from /usr/local/python/3.12.1/lib/python3.12/site-packages/airflow/example_dags/example_datasets.py
[2026-05-06T23:19:15.463+0000] {processor.py:840} INFO - DAG(s) 'dataset_consumes_unknown_never_scheduled', 'consume_1_or_2_with_dataset_expressions', 'conditional_dataset_and_time_based_timetable', 'dataset_consumes_1', 'dataset_produces_2', 'consume_1_or_both_2_and_3_with_dataset_expressions', 'dataset_consumes_1_never_scheduled', 'dataset_consumes_1_and_2', 'consume_1_and_2_with_dataset_expressions', 'dataset_produces_1' retrieved from /usr/local/python/3.12.1/lib/python3.12/site-packages/airflow/example_dags/example_datasets.py
[2026-05-06T23:19:15.575+0000] {logging_mixin.py:188} INFO - [2026-05-06T23:19:15.574+0000] {override.py:1829} INFO - Created Permission View: can delete on DAG:dataset_consumes_unknown_never_scheduled
[2026-05-06T23:19:15.582+0000] {logging_mixin.py:188} INFO - [2026-05-06T23:19:15.582+0000] {override.py:1829} INFO - Created Permission View: can edit on DAG:dataset_consumes_unknown_never_scheduled
[2026-05-06T23:19:15.587+0000] {logging_mixin.py:188} INFO - [2026-05-06T23:19:15.587+0000] {override.py:1829} INFO - Created Permission View: can read on DAG:dataset_consumes_unknown_never_scheduled
[2026-05-06T23:19:15.599+0000] {logging_mixin.py:188} INFO - [2026-05-06T23:19:15.598+0000] {override.py:1829} INFO - Created Permission View: can delete on DAG:consume_1_or_2_with_dataset_expressions
[2026-05-06T23:19:15.603+0000] {logging_mixin.py:188} INFO - [2026-05-06T23:19:15.603+0000] {override.py:1829} INFO - Created Permission View: can edit on DAG:consume_1_or_2_with_dataset_expressions
[2026-05-06T23:19:15.609+0000] {logging_mixin.py:188} INFO - [2026-05-06T23:19:15.608+0000] {override.py:1829} INFO - Created Permission View: can read on DAG:consume_1_or_2_with_dataset_expressions
[2026-05-06T23:19:15.620+0000] {logging_mixin.py:188} INFO - [2026-05-06T23:19:15.620+0000] {override.py:1829} INFO - Created Permission View: can delete on DAG:conditional_dataset_and_time_based_timetable
[2026-05-06T23:19:15.625+0000] {logging_mixin.py:188} INFO - [2026-05-06T23:19:15.625+0000] {override.py:1829} INFO - Created Permission View: can edit on DAG:conditional_dataset_and_time_based_timetable
[2026-05-06T23:19:15.630+0000] {logging_mixin.py:188} INFO - [2026-05-06T23:19:15.630+0000] {override.py:1829} INFO - Created Permission View: can read on DAG:conditional_dataset_and_time_based_timetable
[2026-05-06T23:19:15.641+0000] {logging_mixin.py:188} INFO - [2026-05-06T23:19:15.641+0000] {override.py:1829} INFO - Created Permission View: can delete on DAG:dataset_consumes_1
[2026-05-06T23:19:15.646+0000] {logging_mixin.py:188} INFO - [2026-05-06T23:19:15.646+0000] {override.py:1829} INFO - Created Permission View: can edit on DAG:dataset_consumes_1
[2026-05-06T23:19:15.652+0000] {logging_mixin.py:188} INFO - [2026-05-06T23:19:15.651+0000] {override.py:1829} INFO - Created Permission View: can read on DAG:dataset_consumes_1
[2026-05-06T23:19:15.662+0000] {logging_mixin.py:188} INFO - [2026-05-06T23:19:15.662+0000] {override.py:1829} INFO - Created Permission View: can delete on DAG:dataset_produces_2
[2026-05-06T23:19:15.667+0000] {logging_mixin.py:188} INFO - [2026-05-06T23:19:15.667+0000] {override.py:1829} INFO - Created Permission View: can edit on DAG:dataset_produces_2
[2026-05-06T23:19:15.672+0000] {logging_mixin.py:188} INFO - [2026-05-06T23:19:15.672+0000] {override.py:1829} INFO - Created Permission View: can read on DAG:dataset_produces_2
[2026-05-06T23:19:15.683+0000] {logging_mixin.py:188} INFO - [2026-05-06T23:19:15.683+0000] {override.py:1829} INFO - Created Permission View: can delete on DAG:consume_1_or_both_2_and_3_with_dataset_expressions
[2026-05-06T23:19:15.689+0000] {logging_mixin.py:188} INFO - [2026-05-06T23:19:15.689+0000] {override.py:1829} INFO - Created Permission View: can edit on DAG:consume_1_or_both_2_and_3_with_dataset_expressions
[2026-05-06T23:19:15.694+0000] {logging_mixin.py:188} INFO - [2026-05-06T23:19:15.694+0000] {override.py:1829} INFO - Created Permission View: can read on DAG:consume_1_or_both_2_and_3_with_dataset_expressions
[2026-05-06T23:19:15.705+0000] {logging_mixin.py:188} INFO - [2026-05-06T23:19:15.705+0000] {override.py:1829} INFO - Created Permission View: can delete on DAG:dataset_consumes_1_never_scheduled
[2026-05-06T23:19:15.710+0000] {logging_mixin.py:188} INFO - [2026-05-06T23:19:15.710+0000] {override.py:1829} INFO - Created Permission View: can edit on DAG:dataset_consumes_1_never_scheduled
[2026-05-06T23:19:15.715+0000] {logging_mixin.py:188} INFO - [2026-05-06T23:19:15.715+0000] {override.py:1829} INFO - Created Permission View: can read on DAG:dataset_consumes_1_never_scheduled
[2026-05-06T23:19:15.726+0000] {logging_mixin.py:188} INFO - [2026-05-06T23:19:15.725+0000] {override.py:1829} INFO - Created Permission View: can delete on DAG:dataset_consumes_1_and_2
[2026-05-06T23:19:15.730+0000] {logging_mixin.py:188} INFO - [2026-05-06T23:19:15.730+0000] {override.py:1829} INFO - Created Permission View: can edit on DAG:dataset_consumes_1_and_2
[2026-05-06T23:19:15.735+0000] {logging_mixin.py:188} INFO - [2026-05-06T23:19:15.735+0000] {override.py:1829} INFO - Created Permission View: can read on DAG:dataset_consumes_1_and_2
[2026-05-06T23:19:15.746+0000] {logging_mixin.py:188} INFO - [2026-05-06T23:19:15.745+0000] {override.py:1829} INFO - Created Permission View: can delete on DAG:consume_1_and_2_with_dataset_expressions
[2026-05-06T23:19:15.750+0000] {logging_mixin.py:188} INFO - [2026-05-06T23:19:15.750+0000] {override.py:1829} INFO - Created Permission View: can edit on DAG:consume_1_and_2_with_dataset_expressions
[2026-05-06T23:19:15.755+0000] {logging_mixin.py:188} INFO - [2026-05-06T23:19:15.755+0000] {override.py:1829} INFO - Created Permission View: can read on DAG:consume_1_and_2_with_dataset_expressions
[2026-05-06T23:19:15.765+0000] {logging_mixin.py:188} INFO - [2026-05-06T23:19:15.765+0000] {override.py:1829} INFO - Created Permission View: can delete on DAG:dataset_produces_1
[2026-05-06T23:19:15.770+0000] {logging_mixin.py:188} INFO - [2026-05-06T23:19:15.770+0000] {override.py:1829} INFO - Created Permission View: can edit on DAG:dataset_produces_1
[2026-05-06T23:19:15.775+0000] {logging_mixin.py:188} INFO - [2026-05-06T23:19:15.774+0000] {override.py:1829} INFO - Created Permission View: can read on DAG:dataset_produces_1
[2026-05-06T23:19:15.775+0000] {logging_mixin.py:188} INFO - [2026-05-06T23:19:15.775+0000] {dag.py:3096} INFO - Sync 10 DAGs
[2026-05-06T23:19:15.783+0000] {logging_mixin.py:188} INFO - [2026-05-06T23:19:15.783+0000] {dag.py:3118} INFO - Creating ORM DAG for dataset_produces_1
[2026-05-06T23:19:15.784+0000] {logging_mixin.py:188} INFO - [2026-05-06T23:19:15.784+0000] {dag.py:3118} INFO - Creating ORM DAG for consume_1_or_2_with_dataset_expressions
[2026-05-06T23:19:15.784+0000] {logging_mixin.py:188} INFO - [2026-05-06T23:19:15.784+0000] {dag.py:3118} INFO - Creating ORM DAG for dataset_consumes_1_never_scheduled
[2026-05-06T23:19:15.785+0000] {logging_mixin.py:188} INFO - [2026-05-06T23:19:15.784+0000] {dag.py:3118} INFO - Creating ORM DAG for conditional_dataset_and_time_based_timetable
[2026-05-06T23:19:15.785+0000] {logging_mixin.py:188} INFO - [2026-05-06T23:19:15.785+0000] {dag.py:3118} INFO - Creating ORM DAG for dataset_consumes_1_and_2
[2026-05-06T23:19:15.785+0000] {logging_mixin.py:188} INFO - [2026-05-06T23:19:15.785+0000] {dag.py:3118} INFO - Creating ORM DAG for dataset_produces_2
[2026-05-06T23:19:15.786+0000] {logging_mixin.py:188} INFO - [2026-05-06T23:19:15.786+0000] {dag.py:3118} INFO - Creating ORM DAG for consume_1_and_2_with_dataset_expressions
[2026-05-06T23:19:15.786+0000] {logging_mixin.py:188} INFO - [2026-05-06T23:19:15.786+0000] {dag.py:3118} INFO - Creating ORM DAG for consume_1_or_both_2_and_3_with_dataset_expressions
[2026-05-06T23:19:15.786+0000] {logging_mixin.py:188} INFO - [2026-05-06T23:19:15.786+0000] {dag.py:3118} INFO - Creating ORM DAG for dataset_consumes_unknown_never_scheduled
[2026-05-06T23:19:15.787+0000] {logging_mixin.py:188} INFO - [2026-05-06T23:19:15.787+0000] {dag.py:3118} INFO - Creating ORM DAG for dataset_consumes_1
[2026-05-06T23:19:15.794+0000] {logging_mixin.py:188} INFO - [2026-05-06T23:19:15.794+0000] {dag.py:3954} INFO - Setting next_dagrun for conditional_dataset_and_time_based_timetable to 2026-05-06 01:00:00+00:00, run_after=2026-05-06 01:00:00+00:00
[2026-05-06T23:19:15.794+0000] {logging_mixin.py:188} INFO - [2026-05-06T23:19:15.794+0000] {dag.py:3954} INFO - Setting next_dagrun for consume_1_and_2_with_dataset_expressions to None, run_after=None
[2026-05-06T23:19:15.795+0000] {logging_mixin.py:188} INFO - [2026-05-06T23:19:15.794+0000] {dag.py:3954} INFO - Setting next_dagrun for consume_1_or_2_with_dataset_expressions to None, run_after=None
[2026-05-06T23:19:15.795+0000] {logging_mixin.py:188} INFO - [2026-05-06T23:19:15.795+0000] {dag.py:3954} INFO - Setting next_dagrun for consume_1_or_both_2_and_3_with_dataset_expressions to None, run_after=None
[2026-05-06T23:19:15.795+0000] {logging_mixin.py:188} INFO - [2026-05-06T23:19:15.795+0000] {dag.py:3954} INFO - Setting next_dagrun for dataset_consumes_1 to None, run_after=None
[2026-05-06T23:19:15.795+0000] {logging_mixin.py:188} INFO - [2026-05-06T23:19:15.795+0000] {dag.py:3954} INFO - Setting next_dagrun for dataset_consumes_1_and_2 to None, run_after=None
[2026-05-06T23:19:15.796+0000] {logging_mixin.py:188} INFO - [2026-05-06T23:19:15.796+0000] {dag.py:3954} INFO - Setting next_dagrun for dataset_consumes_1_never_scheduled to None, run_after=None
[2026-05-06T23:19:15.796+0000] {logging_mixin.py:188} INFO - [2026-05-06T23:19:15.796+0000] {dag.py:3954} INFO - Setting next_dagrun for dataset_consumes_unknown_never_scheduled to None, run_after=None
[2026-05-06T23:19:15.797+0000] {logging_mixin.py:188} INFO - [2026-05-06T23:19:15.797+0000] {dag.py:3954} INFO - Setting next_dagrun for dataset_produces_1 to 2026-05-05 00:00:00+00:00, run_after=2026-05-06 00:00:00+00:00
[2026-05-06T23:19:15.798+0000] {logging_mixin.py:188} INFO - [2026-05-06T23:19:15.798+0000] {dag.py:3954} INFO - Setting next_dagrun for dataset_produces_2 to None, run_after=None
[2026-05-06T23:19:15.821+0000] {processor.py:183} INFO - Processing /usr/local/python/3.12.1/lib/python3.12/site-packages/airflow/example_dags/example_datasets.py took 0.388 seconds
[2026-05-06T23:20:05.875+0000] {processor.py:161} INFO - Started process (PID=13897) to work on /usr/local/python/3.12.1/lib/python3.12/site-packages/airflow/example_dags/example_datasets.py
[2026-05-06T23:20:05.876+0000] {processor.py:830} INFO - Processing file /usr/local/python/3.12.1/lib/python3.12/site-packages/airflow/example_dags/example_datasets.py for tasks to queue
[2026-05-06T23:20:05.877+0000] {logging_mixin.py:188} INFO - [2026-05-06T23:20:05.877+0000] {dagbag.py:545} INFO - Filling up the DagBag from /usr/local/python/3.12.1/lib/python3.12/site-packages/airflow/example_dags/example_datasets.py
[2026-05-06T23:20:05.892+0000] {processor.py:840} INFO - DAG(s) 'consume_1_or_2_with_dataset_expressions', 'dataset_consumes_1_never_scheduled', 'dataset_consumes_1', 'consume_1_or_both_2_and_3_with_dataset_expressions', 'dataset_produces_1', 'dataset_produces_2', 'dataset_consumes_1_and_2', 'consume_1_and_2_with_dataset_expressions', 'conditional_dataset_and_time_based_timetable', 'dataset_consumes_unknown_never_scheduled' retrieved from /usr/local/python/3.12.1/lib/python3.12/site-packages/airflow/example_dags/example_datasets.py
[2026-05-06T23:20:05.935+0000] {logging_mixin.py:188} INFO - [2026-05-06T23:20:05.935+0000] {dag.py:3096} INFO - Sync 10 DAGs
[2026-05-06T23:20:05.952+0000] {logging_mixin.py:188} INFO - [2026-05-06T23:20:05.952+0000] {dag.py:3954} INFO - Setting next_dagrun for conditional_dataset_and_time_based_timetable to 2026-05-06 01:00:00+00:00, run_after=2026-05-06 01:00:00+00:00
[2026-05-06T23:20:05.955+0000] {logging_mixin.py:188} INFO - [2026-05-06T23:20:05.955+0000] {dag.py:3954} INFO - Setting next_dagrun for consume_1_and_2_with_dataset_expressions to None, run_after=None
[2026-05-06T23:20:05.956+0000] {logging_mixin.py:188} INFO - [2026-05-06T23:20:05.956+0000] {dag.py:3954} INFO - Setting next_dagrun for consume_1_or_2_with_dataset_expressions to None, run_after=None
[2026-05-06T23:20:05.956+0000] {logging_mixin.py:188} INFO - [2026-05-06T23:20:05.956+0000] {dag.py:3954} INFO - Setting next_dagrun for consume_1_or_both_2_and_3_with_dataset_expressions to None, run_after=None
[2026-05-06T23:20:05.957+0000] {logging_mixin.py:188} INFO - [2026-05-06T23:20:05.957+0000] {dag.py:3954} INFO - Setting next_dagrun for dataset_consumes_1 to None, run_after=None
[2026-05-06T23:20:05.958+0000] {logging_mixin.py:188} INFO - [2026-05-06T23:20:05.958+0000] {dag.py:3954} INFO - Setting next_dagrun for dataset_consumes_1_and_2 to None, run_after=None
[2026-05-06T23:20:05.958+0000] {logging_mixin.py:188} INFO - [2026-05-06T23:20:05.958+0000] {dag.py:3954} INFO - Setting next_dagrun for dataset_consumes_1_never_scheduled to None, run_after=None
[2026-05-06T23:20:05.959+0000] {logging_mixin.py:188} INFO - [2026-05-06T23:20:05.959+0000] {dag.py:3954} INFO - Setting next_dagrun for dataset_consumes_unknown_never_scheduled to None, run_after=None
[2026-05-06T23:20:05.960+0000] {logging_mixin.py:188} INFO - [2026-05-06T23:20:05.960+0000] {dag.py:3954} INFO - Setting next_dagrun for dataset_produces_1 to 2026-05-05 00:00:00+00:00, run_after=2026-05-06 00:00:00+00:00
[2026-05-06T23:20:05.961+0000] {logging_mixin.py:188} INFO - [2026-05-06T23:20:05.961+0000] {dag.py:3954} INFO - Setting next_dagrun for dataset_produces_2 to None, run_after=None
[2026-05-06T23:20:05.983+0000] {processor.py:183} INFO - Processing /usr/local/python/3.12.1/lib/python3.12/site-packages/airflow/example_dags/example_datasets.py took 0.112 seconds
[2026-05-06T23:21:05.881+0000] {processor.py:161} INFO - Started process (PID=14399) to work on /usr/local/python/3.12.1/lib/python3.12/site-packages/airflow/example_dags/example_datasets.py
[2026-05-06T23:21:05.882+0000] {processor.py:830} INFO - Processing file /usr/local/python/3.12.1/lib/python3.12/site-packages/airflow/example_dags/example_datasets.py for tasks to queue
[2026-05-06T23:21:05.883+0000] {logging_mixin.py:188} INFO - [2026-05-06T23:21:05.883+0000] {dagbag.py:545} INFO - Filling up the DagBag from /usr/local/python/3.12.1/lib/python3.12/site-packages/airflow/example_dags/example_datasets.py
[2026-05-06T23:21:05.894+0000] {processor.py:840} INFO - DAG(s) 'conditional_dataset_and_time_based_timetable', 'consume_1_and_2_with_dataset_expressions', 'consume_1_or_both_2_and_3_with_dataset_expressions', 'dataset_produces_2', 'dataset_consumes_1_and_2', 'dataset_consumes_1_never_scheduled', 'consume_1_or_2_with_dataset_expressions', 'dataset_consumes_unknown_never_scheduled', 'dataset_produces_1', 'dataset_consumes_1' retrieved from /usr/local/python/3.12.1/lib/python3.12/site-packages/airflow/example_dags/example_datasets.py
[2026-05-06T23:21:05.939+0000] {logging_mixin.py:188} INFO - [2026-05-06T23:21:05.938+0000] {dag.py:3096} INFO - Sync 10 DAGs
[2026-05-06T23:21:05.961+0000] {logging_mixin.py:188} INFO - [2026-05-06T23:21:05.961+0000] {dag.py:3954} INFO - Setting next_dagrun for conditional_dataset_and_time_based_timetable to 2026-05-06 01:00:00+00:00, run_after=2026-05-06 01:00:00+00:00
[2026-05-06T23:21:05.964+0000] {logging_mixin.py:188} INFO - [2026-05-06T23:21:05.964+0000] {dag.py:3954} INFO - Setting next_dagrun for consume_1_and_2_with_dataset_expressions to None, run_after=None
[2026-05-06T23:21:05.965+0000] {logging_mixin.py:188} INFO - [2026-05-06T23:21:05.964+0000] {dag.py:3954} INFO - Setting next_dagrun for consume_1_or_2_with_dataset_expressions to None, run_after=None
[2026-05-06T23:21:05.965+0000] {logging_mixin.py:188} INFO - [2026-05-06T23:21:05.965+0000] {dag.py:3954} INFO - Setting next_dagrun for consume_1_or_both_2_and_3_with_dataset_expressions to None, run_after=None
[2026-05-06T23:21:05.966+0000] {logging_mixin.py:188} INFO - [2026-05-06T23:21:05.966+0000] {dag.py:3954} INFO - Setting next_dagrun for dataset_consumes_1 to None, run_after=None
[2026-05-06T23:21:05.967+0000] {logging_mixin.py:188} INFO - [2026-05-06T23:21:05.966+0000] {dag.py:3954} INFO - Setting next_dagrun for dataset_consumes_1_and_2 to None, run_after=None
[2026-05-06T23:21:05.967+0000] {logging_mixin.py:188} INFO - [2026-05-06T23:21:05.967+0000] {dag.py:3954} INFO - Setting next_dagrun for dataset_consumes_1_never_scheduled to None, run_after=None
[2026-05-06T23:21:05.968+0000] {logging_mixin.py:188} INFO - [2026-05-06T23:21:05.968+0000] {dag.py:3954} INFO - Setting next_dagrun for dataset_consumes_unknown_never_scheduled to None, run_after=None
[2026-05-06T23:21:05.969+0000] {logging_mixin.py:188} INFO - [2026-05-06T23:21:05.969+0000] {dag.py:3954} INFO - Setting next_dagrun for dataset_produces_1 to 2026-05-05 00:00:00+00:00, run_after=2026-05-06 00:00:00+00:00
[2026-05-06T23:21:05.970+0000] {logging_mixin.py:188} INFO - [2026-05-06T23:21:05.970+0000] {dag.py:3954} INFO - Setting next_dagrun for dataset_produces_2 to None, run_after=None
[2026-05-06T23:21:05.991+0000] {processor.py:183} INFO - Processing /usr/local/python/3.12.1/lib/python3.12/site-packages/airflow/example_dags/example_datasets.py took 0.114 seconds
[2026-05-06T23:22:07.378+0000] {processor.py:161} INFO - Started process (PID=14964) to work on /usr/local/python/3.12.1/lib/python3.12/site-packages/airflow/example_dags/example_datasets.py
[2026-05-06T23:22:07.379+0000] {processor.py:830} INFO - Processing file /usr/local/python/3.12.1/lib/python3.12/site-packages/airflow/example_dags/example_datasets.py for tasks to queue
[2026-05-06T23:22:07.380+0000] {logging_mixin.py:188} INFO - [2026-05-06T23:22:07.380+0000] {dagbag.py:545} INFO - Filling up the DagBag from /usr/local/python/3.12.1/lib/python3.12/site-packages/airflow/example_dags/example_datasets.py
[2026-05-06T23:22:07.390+0000] {processor.py:840} INFO - DAG(s) 'consume_1_or_2_with_dataset_expressions', 'consume_1_and_2_with_dataset_expressions', 'consume_1_or_both_2_and_3_with_dataset_expressions', 'dataset_consumes_unknown_never_scheduled', 'dataset_produces_2', 'dataset_consumes_1', 'dataset_consumes_1_and_2', 'dataset_consumes_1_never_scheduled', 'dataset_produces_1', 'conditional_dataset_and_time_based_timetable' retrieved from /usr/local/python/3.12.1/lib/python3.12/site-packages/airflow/example_dags/example_datasets.py
[2026-05-06T23:22:07.418+0000] {logging_mixin.py:188} INFO - [2026-05-06T23:22:07.418+0000] {dag.py:3096} INFO - Sync 10 DAGs
[2026-05-06T23:22:07.435+0000] {logging_mixin.py:188} INFO - [2026-05-06T23:22:07.435+0000] {dag.py:3954} INFO - Setting next_dagrun for conditional_dataset_and_time_based_timetable to 2026-05-06 01:00:00+00:00, run_after=2026-05-06 01:00:00+00:00
[2026-05-06T23:22:07.438+0000] {logging_mixin.py:188} INFO - [2026-05-06T23:22:07.438+0000] {dag.py:3954} INFO - Setting next_dagrun for consume_1_and_2_with_dataset_expressions to None, run_after=None
[2026-05-06T23:22:07.439+0000] {logging_mixin.py:188} INFO - [2026-05-06T23:22:07.439+0000] {dag.py:3954} INFO - Setting next_dagrun for consume_1_or_2_with_dataset_expressions to None, run_after=None
[2026-05-06T23:22:07.439+0000] {logging_mixin.py:188} INFO - [2026-05-06T23:22:07.439+0000] {dag.py:3954} INFO - Setting next_dagrun for consume_1_or_both_2_and_3_with_dataset_expressions to None, run_after=None
[2026-05-06T23:22:07.440+0000] {logging_mixin.py:188} INFO - [2026-05-06T23:22:07.440+0000] {dag.py:3954} INFO - Setting next_dagrun for dataset_consumes_1 to None, run_after=None
[2026-05-06T23:22:07.441+0000] {logging_mixin.py:188} INFO - [2026-05-06T23:22:07.441+0000] {dag.py:3954} INFO - Setting next_dagrun for dataset_consumes_1_and_2 to None, run_after=None
[2026-05-06T23:22:07.441+0000] {logging_mixin.py:188} INFO - [2026-05-06T23:22:07.441+0000] {dag.py:3954} INFO - Setting next_dagrun for dataset_consumes_1_never_scheduled to None, run_after=None
[2026-05-06T23:22:07.442+0000] {logging_mixin.py:188} INFO - [2026-05-06T23:22:07.442+0000] {dag.py:3954} INFO - Setting next_dagrun for dataset_consumes_unknown_never_scheduled to None, run_after=None
[2026-05-06T23:22:07.444+0000] {logging_mixin.py:188} INFO - [2026-05-06T23:22:07.443+0000] {dag.py:3954} INFO - Setting next_dagrun for dataset_produces_1 to 2026-05-05 00:00:00+00:00, run_after=2026-05-06 00:00:00+00:00
[2026-05-06T23:22:07.444+0000] {logging_mixin.py:188} INFO - [2026-05-06T23:22:07.444+0000] {dag.py:3954} INFO - Setting next_dagrun for dataset_produces_2 to None, run_after=None
[2026-05-06T23:22:07.466+0000] {processor.py:183} INFO - Processing /usr/local/python/3.12.1/lib/python3.12/site-packages/airflow/example_dags/example_datasets.py took 0.092 seconds
[2026-05-06T23:23:06.773+0000] {processor.py:161} INFO - Started process (PID=15523) to work on /usr/local/python/3.12.1/lib/python3.12/site-packages/airflow/example_dags/example_datasets.py
[2026-05-06T23:23:06.774+0000] {processor.py:830} INFO - Processing file /usr/local/python/3.12.1/lib/python3.12/site-packages/airflow/example_dags/example_datasets.py for tasks to queue
[2026-05-06T23:23:06.775+0000] {logging_mixin.py:188} INFO - [2026-05-06T23:23:06.775+0000] {dagbag.py:545} INFO - Filling up the DagBag from /usr/local/python/3.12.1/lib/python3.12/site-packages/airflow/example_dags/example_datasets.py
[2026-05-06T23:23:06.785+0000] {processor.py:840} INFO - DAG(s) 'dataset_produces_2', 'dataset_consumes_1_never_scheduled', 'consume_1_or_2_with_dataset_expressions', 'dataset_consumes_1_and_2', 'dataset_consumes_1', 'dataset_produces_1', 'conditional_dataset_and_time_based_timetable', 'consume_1_or_both_2_and_3_with_dataset_expressions', 'dataset_consumes_unknown_never_scheduled', 'consume_1_and_2_with_dataset_expressions' retrieved from /usr/local/python/3.12.1/lib/python3.12/site-packages/airflow/example_dags/example_datasets.py
[2026-05-06T23:23:06.815+0000] {logging_mixin.py:188} INFO - [2026-05-06T23:23:06.814+0000] {dag.py:3096} INFO - Sync 10 DAGs
[2026-05-06T23:23:06.832+0000] {logging_mixin.py:188} INFO - [2026-05-06T23:23:06.832+0000] {dag.py:3954} INFO - Setting next_dagrun for conditional_dataset_and_time_based_timetable to 2026-05-06 01:00:00+00:00, run_after=2026-05-06 01:00:00+00:00
[2026-05-06T23:23:06.834+0000] {logging_mixin.py:188} INFO - [2026-05-06T23:23:06.834+0000] {dag.py:3954} INFO - Setting next_dagrun for consume_1_and_2_with_dataset_expressions to None, run_after=None
[2026-05-06T23:23:06.835+0000] {logging_mixin.py:188} INFO - [2026-05-06T23:23:06.835+0000] {dag.py:3954} INFO - Setting next_dagrun for consume_1_or_2_with_dataset_expressions to None, run_after=None
[2026-05-06T23:23:06.836+0000] {logging_mixin.py:188} INFO - [2026-05-06T23:23:06.836+0000] {dag.py:3954} INFO - Setting next_dagrun for consume_1_or_both_2_and_3_with_dataset_expressions to None, run_after=None
[2026-05-06T23:23:06.836+0000] {logging_mixin.py:188} INFO - [2026-05-06T23:23:06.836+0000] {dag.py:3954} INFO - Setting next_dagrun for dataset_consumes_1 to None, run_after=None
[2026-05-06T23:23:06.837+0000] {logging_mixin.py:188} INFO - [2026-05-06T23:23:06.837+0000] {dag.py:3954} INFO - Setting next_dagrun for dataset_consumes_1_and_2 to None, run_after=None
[2026-05-06T23:23:06.838+0000] {logging_mixin.py:188} INFO - [2026-05-06T23:23:06.838+0000] {dag.py:3954} INFO - Setting next_dagrun for dataset_consumes_1_never_scheduled to None, run_after=None
[2026-05-06T23:23:06.838+0000] {logging_mixin.py:188} INFO - [2026-05-06T23:23:06.838+0000] {dag.py:3954} INFO - Setting next_dagrun for dataset_consumes_unknown_never_scheduled to None, run_after=None
[2026-05-06T23:23:06.840+0000] {logging_mixin.py:188} INFO - [2026-05-06T23:23:06.840+0000] {dag.py:3954} INFO - Setting next_dagrun for dataset_produces_1 to 2026-05-05 00:00:00+00:00, run_after=2026-05-06 00:00:00+00:00
[2026-05-06T23:23:06.841+0000] {logging_mixin.py:188} INFO - [2026-05-06T23:23:06.840+0000] {dag.py:3954} INFO - Setting next_dagrun for dataset_produces_2 to None, run_after=None
[2026-05-06T23:23:06.862+0000] {processor.py:183} INFO - Processing /usr/local/python/3.12.1/lib/python3.12/site-packages/airflow/example_dags/example_datasets.py took 0.094 seconds
[2026-05-06T23:24:02.149+0000] {processor.py:161} INFO - Started process (PID=16106) to work on /usr/local/python/3.12.1/lib/python3.12/site-packages/airflow/example_dags/example_datasets.py
[2026-05-06T23:24:02.150+0000] {processor.py:830} INFO - Processing file /usr/local/python/3.12.1/lib/python3.12/site-packages/airflow/example_dags/example_datasets.py for tasks to queue
[2026-05-06T23:24:02.151+0000] {logging_mixin.py:188} INFO - [2026-05-06T23:24:02.151+0000] {dagbag.py:545} INFO - Filling up the DagBag from /usr/local/python/3.12.1/lib/python3.12/site-packages/airflow/example_dags/example_datasets.py
[2026-05-06T23:24:02.161+0000] {processor.py:840} INFO - DAG(s) 'dataset_consumes_unknown_never_scheduled', 'dataset_produces_1', 'consume_1_or_both_2_and_3_with_dataset_expressions', 'dataset_consumes_1_and_2', 'dataset_consumes_1_never_scheduled', 'dataset_produces_2', 'conditional_dataset_and_time_based_timetable', 'dataset_consumes_1', 'consume_1_or_2_with_dataset_expressions', 'consume_1_and_2_with_dataset_expressions' retrieved from /usr/local/python/3.12.1/lib/python3.12/site-packages/airflow/example_dags/example_datasets.py
[2026-05-06T23:24:02.188+0000] {logging_mixin.py:188} INFO - [2026-05-06T23:24:02.188+0000] {dag.py:3096} INFO - Sync 10 DAGs
[2026-05-06T23:24:02.207+0000] {logging_mixin.py:188} INFO - [2026-05-06T23:24:02.206+0000] {dag.py:3954} INFO - Setting next_dagrun for conditional_dataset_and_time_based_timetable to 2026-05-06 01:00:00+00:00, run_after=2026-05-06 01:00:00+00:00
[2026-05-06T23:24:02.210+0000] {logging_mixin.py:188} INFO - [2026-05-06T23:24:02.210+0000] {dag.py:3954} INFO - Setting next_dagrun for consume_1_and_2_with_dataset_expressions to None, run_after=None
[2026-05-06T23:24:02.213+0000] {logging_mixin.py:188} INFO - [2026-05-06T23:24:02.213+0000] {dag.py:3954} INFO - Setting next_dagrun for consume_1_or_2_with_dataset_expressions to None, run_after=None
[2026-05-06T23:24:02.214+0000] {logging_mixin.py:188} INFO - [2026-05-06T23:24:02.214+0000] {dag.py:3954} INFO - Setting next_dagrun for consume_1_or_both_2_and_3_with_dataset_expressions to None, run_after=None
[2026-05-06T23:24:02.215+0000] {logging_mixin.py:188} INFO - [2026-05-06T23:24:02.214+0000] {dag.py:3954} INFO - Setting next_dagrun for dataset_consumes_1 to None, run_after=None
[2026-05-06T23:24:02.216+0000] {logging_mixin.py:188} INFO - [2026-05-06T23:24:02.215+0000] {dag.py:3954} INFO - Setting next_dagrun for dataset_consumes_1_and_2 to None, run_after=None
[2026-05-06T23:24:02.216+0000] {logging_mixin.py:188} INFO - [2026-05-06T23:24:02.216+0000] {dag.py:3954} INFO - Setting next_dagrun for dataset_consumes_1_never_scheduled to None, run_after=None
[2026-05-06T23:24:02.217+0000] {logging_mixin.py:188} INFO - [2026-05-06T23:24:02.217+0000] {dag.py:3954} INFO - Setting next_dagrun for dataset_consumes_unknown_never_scheduled to None, run_after=None
[2026-05-06T23:24:02.219+0000] {logging_mixin.py:188} INFO - [2026-05-06T23:24:02.219+0000] {dag.py:3954} INFO - Setting next_dagrun for dataset_produces_1 to 2026-05-05 00:00:00+00:00, run_after=2026-05-06 00:00:00+00:00
[2026-05-06T23:24:02.219+0000] {logging_mixin.py:188} INFO - [2026-05-06T23:24:02.219+0000] {dag.py:3954} INFO - Setting next_dagrun for dataset_produces_2 to None, run_after=None
[2026-05-06T23:24:02.241+0000] {processor.py:183} INFO - Processing /usr/local/python/3.12.1/lib/python3.12/site-packages/airflow/example_dags/example_datasets.py took 0.097 seconds
[2026-05-06T23:24:58.791+0000] {processor.py:161} INFO - Started process (PID=16931) to work on /usr/local/python/3.12.1/lib/python3.12/site-packages/airflow/example_dags/example_datasets.py
[2026-05-06T23:24:58.792+0000] {processor.py:830} INFO - Processing file /usr/local/python/3.12.1/lib/python3.12/site-packages/airflow/example_dags/example_datasets.py for tasks to queue
[2026-05-06T23:24:58.793+0000] {logging_mixin.py:188} INFO - [2026-05-06T23:24:58.793+0000] {dagbag.py:545} INFO - Filling up the DagBag from /usr/local/python/3.12.1/lib/python3.12/site-packages/airflow/example_dags/example_datasets.py
[2026-05-06T23:24:58.802+0000] {processor.py:840} INFO - DAG(s) 'dataset_consumes_1_and_2', 'dataset_produces_2', 'conditional_dataset_and_time_based_timetable', 'dataset_consumes_1', 'consume_1_and_2_with_dataset_expressions', 'dataset_consumes_1_never_scheduled', 'consume_1_or_both_2_and_3_with_dataset_expressions', 'consume_1_or_2_with_dataset_expressions', 'dataset_consumes_unknown_never_scheduled', 'dataset_produces_1' retrieved from /usr/local/python/3.12.1/lib/python3.12/site-packages/airflow/example_dags/example_datasets.py
[2026-05-06T23:24:58.829+0000] {logging_mixin.py:188} INFO - [2026-05-06T23:24:58.829+0000] {dag.py:3096} INFO - Sync 10 DAGs
[2026-05-06T23:24:58.846+0000] {logging_mixin.py:188} INFO - [2026-05-06T23:24:58.845+0000] {dag.py:3954} INFO - Setting next_dagrun for conditional_dataset_and_time_based_timetable to 2026-05-06 01:00:00+00:00, run_after=2026-05-06 01:00:00+00:00
[2026-05-06T23:24:58.848+0000] {logging_mixin.py:188} INFO - [2026-05-06T23:24:58.848+0000] {dag.py:3954} INFO - Setting next_dagrun for consume_1_and_2_with_dataset_expressions to None, run_after=None
[2026-05-06T23:24:58.849+0000] {logging_mixin.py:188} INFO - [2026-05-06T23:24:58.849+0000] {dag.py:3954} INFO - Setting next_dagrun for consume_1_or_2_with_dataset_expressions to None, run_after=None
[2026-05-06T23:24:58.850+0000] {logging_mixin.py:188} INFO - [2026-05-06T23:24:58.849+0000] {dag.py:3954} INFO - Setting next_dagrun for consume_1_or_both_2_and_3_with_dataset_expressions to None, run_after=None
[2026-05-06T23:24:58.850+0000] {logging_mixin.py:188} INFO - [2026-05-06T23:24:58.850+0000] {dag.py:3954} INFO - Setting next_dagrun for dataset_consumes_1 to None, run_after=None
[2026-05-06T23:24:58.851+0000] {logging_mixin.py:188} INFO - [2026-05-06T23:24:58.851+0000] {dag.py:3954} INFO - Setting next_dagrun for dataset_consumes_1_and_2 to None, run_after=None
[2026-05-06T23:24:58.851+0000] {logging_mixin.py:188} INFO - [2026-05-06T23:24:58.851+0000] {dag.py:3954} INFO - Setting next_dagrun for dataset_consumes_1_never_scheduled to None, run_after=None
[2026-05-06T23:24:58.852+0000] {logging_mixin.py:188} INFO - [2026-05-06T23:24:58.852+0000] {dag.py:3954} INFO - Setting next_dagrun for dataset_consumes_unknown_never_scheduled to None, run_after=None
[2026-05-06T23:24:58.854+0000] {logging_mixin.py:188} INFO - [2026-05-06T23:24:58.853+0000] {dag.py:3954} INFO - Setting next_dagrun for dataset_produces_1 to 2026-05-05 00:00:00+00:00, run_after=2026-05-06 00:00:00+00:00
[2026-05-06T23:24:58.854+0000] {logging_mixin.py:188} INFO - [2026-05-06T23:24:58.854+0000] {dag.py:3954} INFO - Setting next_dagrun for dataset_produces_2 to None, run_after=None
[2026-05-06T23:24:58.875+0000] {processor.py:183} INFO - Processing /usr/local/python/3.12.1/lib/python3.12/site-packages/airflow/example_dags/example_datasets.py took 0.089 seconds
[2026-05-06T23:25:59.527+0000] {processor.py:161} INFO - Started process (PID=17497) to work on /usr/local/python/3.12.1/lib/python3.12/site-packages/airflow/example_dags/example_datasets.py
[2026-05-06T23:25:59.528+0000] {processor.py:830} INFO - Processing file /usr/local/python/3.12.1/lib/python3.12/site-packages/airflow/example_dags/example_datasets.py for tasks to queue
[2026-05-06T23:25:59.529+0000] {logging_mixin.py:188} INFO - [2026-05-06T23:25:59.529+0000] {dagbag.py:545} INFO - Filling up the DagBag from /usr/local/python/3.12.1/lib/python3.12/site-packages/airflow/example_dags/example_datasets.py
[2026-05-06T23:25:59.539+0000] {processor.py:840} INFO - DAG(s) 'dataset_consumes_1_never_scheduled', 'dataset_produces_1', 'consume_1_or_both_2_and_3_with_dataset_expressions', 'consume_1_and_2_with_dataset_expressions', 'dataset_produces_2', 'consume_1_or_2_with_dataset_expressions', 'conditional_dataset_and_time_based_timetable', 'dataset_consumes_1', 'dataset_consumes_unknown_never_scheduled', 'dataset_consumes_1_and_2' retrieved from /usr/local/python/3.12.1/lib/python3.12/site-packages/airflow/example_dags/example_datasets.py
[2026-05-06T23:25:59.567+0000] {logging_mixin.py:188} INFO - [2026-05-06T23:25:59.567+0000] {dag.py:3096} INFO - Sync 10 DAGs
[2026-05-06T23:25:59.585+0000] {logging_mixin.py:188} INFO - [2026-05-06T23:25:59.585+0000] {dag.py:3954} INFO - Setting next_dagrun for conditional_dataset_and_time_based_timetable to 2026-05-06 01:00:00+00:00, run_after=2026-05-06 01:00:00+00:00
[2026-05-06T23:25:59.587+0000] {logging_mixin.py:188} INFO - [2026-05-06T23:25:59.587+0000] {dag.py:3954} INFO - Setting next_dagrun for consume_1_and_2_with_dataset_expressions to None, run_after=None
[2026-05-06T23:25:59.588+0000] {logging_mixin.py:188} INFO - [2026-05-06T23:25:59.588+0000] {dag.py:3954} INFO - Setting next_dagrun for consume_1_or_2_with_dataset_expressions to None, run_after=None
[2026-05-06T23:25:59.589+0000] {logging_mixin.py:188} INFO - [2026-05-06T23:25:59.589+0000] {dag.py:3954} INFO - Setting next_dagrun for consume_1_or_both_2_and_3_with_dataset_expressions to None, run_after=None
[2026-05-06T23:25:59.590+0000] {logging_mixin.py:188} INFO - [2026-05-06T23:25:59.590+0000] {dag.py:3954} INFO - Setting next_dagrun for dataset_consumes_1 to None, run_after=None
[2026-05-06T23:25:59.590+0000] {logging_mixin.py:188} INFO - [2026-05-06T23:25:59.590+0000] {dag.py:3954} INFO - Setting next_dagrun for dataset_consumes_1_and_2 to None, run_after=None
[2026-05-06T23:25:59.591+0000] {logging_mixin.py:188} INFO - [2026-05-06T23:25:59.591+0000] {dag.py:3954} INFO - Setting next_dagrun for dataset_consumes_1_never_scheduled to None, run_after=None
[2026-05-06T23:25:59.592+0000] {logging_mixin.py:188} INFO - [2026-05-06T23:25:59.591+0000] {dag.py:3954} INFO - Setting next_dagrun for dataset_consumes_unknown_never_scheduled to None, run_after=None
[2026-05-06T23:25:59.593+0000] {logging_mixin.py:188} INFO - [2026-05-06T23:25:59.593+0000] {dag.py:3954} INFO - Setting next_dagrun for dataset_produces_1 to 2026-05-05 00:00:00+00:00, run_after=2026-05-06 00:00:00+00:00
[2026-05-06T23:25:59.594+0000] {logging_mixin.py:188} INFO - [2026-05-06T23:25:59.594+0000] {dag.py:3954} INFO - Setting next_dagrun for dataset_produces_2 to None, run_after=None
[2026-05-06T23:25:59.615+0000] {processor.py:183} INFO - Processing /usr/local/python/3.12.1/lib/python3.12/site-packages/airflow/example_dags/example_datasets.py took 0.093 seconds
[2026-05-06T23:26:56.207+0000] {processor.py:161} INFO - Started process (PID=17963) to work on /usr/local/python/3.12.1/lib/python3.12/site-packages/airflow/example_dags/example_datasets.py
[2026-05-06T23:26:56.208+0000] {processor.py:830} INFO - Processing file /usr/local/python/3.12.1/lib/python3.12/site-packages/airflow/example_dags/example_datasets.py for tasks to queue
[2026-05-06T23:26:56.209+0000] {logging_mixin.py:188} INFO - [2026-05-06T23:26:56.209+0000] {dagbag.py:545} INFO - Filling up the DagBag from /usr/local/python/3.12.1/lib/python3.12/site-packages/airflow/example_dags/example_datasets.py
[2026-05-06T23:26:56.219+0000] {processor.py:840} INFO - DAG(s) 'dataset_consumes_1_and_2', 'consume_1_or_both_2_and_3_with_dataset_expressions', 'dataset_consumes_1_never_scheduled', 'dataset_produces_1', 'consume_1_or_2_with_dataset_expressions', 'consume_1_and_2_with_dataset_expressions', 'dataset_consumes_unknown_never_scheduled', 'dataset_produces_2', 'conditional_dataset_and_time_based_timetable', 'dataset_consumes_1' retrieved from /usr/local/python/3.12.1/lib/python3.12/site-packages/airflow/example_dags/example_datasets.py
[2026-05-06T23:26:56.247+0000] {logging_mixin.py:188} INFO - [2026-05-06T23:26:56.247+0000] {dag.py:3096} INFO - Sync 10 DAGs
[2026-05-06T23:26:56.357+0000] {logging_mixin.py:188} INFO - [2026-05-06T23:26:56.357+0000] {dag.py:3954} INFO - Setting next_dagrun for conditional_dataset_and_time_based_timetable to 2026-05-06 01:00:00+00:00, run_after=2026-05-06 01:00:00+00:00
[2026-05-06T23:26:56.360+0000] {logging_mixin.py:188} INFO - [2026-05-06T23:26:56.360+0000] {dag.py:3954} INFO - Setting next_dagrun for consume_1_and_2_with_dataset_expressions to None, run_after=None
[2026-05-06T23:26:56.361+0000] {logging_mixin.py:188} INFO - [2026-05-06T23:26:56.360+0000] {dag.py:3954} INFO - Setting next_dagrun for consume_1_or_2_with_dataset_expressions to None, run_after=None
[2026-05-06T23:26:56.361+0000] {logging_mixin.py:188} INFO - [2026-05-06T23:26:56.361+0000] {dag.py:3954} INFO - Setting next_dagrun for consume_1_or_both_2_and_3_with_dataset_expressions to None, run_after=None
[2026-05-06T23:26:56.362+0000] {logging_mixin.py:188} INFO - [2026-05-06T23:26:56.362+0000] {dag.py:3954} INFO - Setting next_dagrun for dataset_consumes_1 to None, run_after=None
[2026-05-06T23:26:56.363+0000] {logging_mixin.py:188} INFO - [2026-05-06T23:26:56.362+0000] {dag.py:3954} INFO - Setting next_dagrun for dataset_consumes_1_and_2 to None, run_after=None
[2026-05-06T23:26:56.363+0000] {logging_mixin.py:188} INFO - [2026-05-06T23:26:56.363+0000] {dag.py:3954} INFO - Setting next_dagrun for dataset_consumes_1_never_scheduled to None, run_after=None
[2026-05-06T23:26:56.364+0000] {logging_mixin.py:188} INFO - [2026-05-06T23:26:56.364+0000] {dag.py:3954} INFO - Setting next_dagrun for dataset_consumes_unknown_never_scheduled to None, run_after=None
[2026-05-06T23:26:56.365+0000] {logging_mixin.py:188} INFO - [2026-05-06T23:26:56.365+0000] {dag.py:3954} INFO - Setting next_dagrun for dataset_produces_1 to 2026-05-05 00:00:00+00:00, run_after=2026-05-06 00:00:00+00:00
[2026-05-06T23:26:56.366+0000] {logging_mixin.py:188} INFO - [2026-05-06T23:26:56.366+0000] {dag.py:3954} INFO - Setting next_dagrun for dataset_produces_2 to None, run_after=None
[2026-05-06T23:26:56.386+0000] {processor.py:183} INFO - Processing /usr/local/python/3.12.1/lib/python3.12/site-packages/airflow/example_dags/example_datasets.py took 0.184 seconds
[2026-05-06T23:27:54.498+0000] {processor.py:161} INFO - Started process (PID=18563) to work on /usr/local/python/3.12.1/lib/python3.12/site-packages/airflow/example_dags/example_datasets.py
[2026-05-06T23:27:54.498+0000] {processor.py:830} INFO - Processing file /usr/local/python/3.12.1/lib/python3.12/site-packages/airflow/example_dags/example_datasets.py for tasks to queue
[2026-05-06T23:27:54.500+0000] {logging_mixin.py:188} INFO - [2026-05-06T23:27:54.500+0000] {dagbag.py:545} INFO - Filling up the DagBag from /usr/local/python/3.12.1/lib/python3.12/site-packages/airflow/example_dags/example_datasets.py
[2026-05-06T23:27:54.510+0000] {processor.py:840} INFO - DAG(s) 'conditional_dataset_and_time_based_timetable', 'consume_1_and_2_with_dataset_expressions', 'dataset_consumes_unknown_never_scheduled', 'consume_1_or_both_2_and_3_with_dataset_expressions', 'dataset_produces_2', 'dataset_produces_1', 'consume_1_or_2_with_dataset_expressions', 'dataset_consumes_1_and_2', 'dataset_consumes_1_never_scheduled', 'dataset_consumes_1' retrieved from /usr/local/python/3.12.1/lib/python3.12/site-packages/airflow/example_dags/example_datasets.py
[2026-05-06T23:27:54.538+0000] {logging_mixin.py:188} INFO - [2026-05-06T23:27:54.537+0000] {dag.py:3096} INFO - Sync 10 DAGs
[2026-05-06T23:27:54.554+0000] {logging_mixin.py:188} INFO - [2026-05-06T23:27:54.554+0000] {dag.py:3954} INFO - Setting next_dagrun for conditional_dataset_and_time_based_timetable to 2026-05-06 01:00:00+00:00, run_after=2026-05-06 01:00:00+00:00
[2026-05-06T23:27:54.557+0000] {logging_mixin.py:188} INFO - [2026-05-06T23:27:54.557+0000] {dag.py:3954} INFO - Setting next_dagrun for consume_1_and_2_with_dataset_expressions to None, run_after=None
[2026-05-06T23:27:54.558+0000] {logging_mixin.py:188} INFO - [2026-05-06T23:27:54.558+0000] {dag.py:3954} INFO - Setting next_dagrun for consume_1_or_2_with_dataset_expressions to None, run_after=None
[2026-05-06T23:27:54.559+0000] {logging_mixin.py:188} INFO - [2026-05-06T23:27:54.559+0000] {dag.py:3954} INFO - Setting next_dagrun for consume_1_or_both_2_and_3_with_dataset_expressions to None, run_after=None
[2026-05-06T23:27:54.560+0000] {logging_mixin.py:188} INFO - [2026-05-06T23:27:54.560+0000] {dag.py:3954} INFO - Setting next_dagrun for dataset_consumes_1 to None, run_after=None
[2026-05-06T23:27:54.561+0000] {logging_mixin.py:188} INFO - [2026-05-06T23:27:54.561+0000] {dag.py:3954} INFO - Setting next_dagrun for dataset_consumes_1_and_2 to None, run_after=None
[2026-05-06T23:27:54.561+0000] {logging_mixin.py:188} INFO - [2026-05-06T23:27:54.561+0000] {dag.py:3954} INFO - Setting next_dagrun for dataset_consumes_1_never_scheduled to None, run_after=None
[2026-05-06T23:27:54.562+0000] {logging_mixin.py:188} INFO - [2026-05-06T23:27:54.562+0000] {dag.py:3954} INFO - Setting next_dagrun for dataset_consumes_unknown_never_scheduled to None, run_after=None
[2026-05-06T23:27:54.564+0000] {logging_mixin.py:188} INFO - [2026-05-06T23:27:54.564+0000] {dag.py:3954} INFO - Setting next_dagrun for dataset_produces_1 to 2026-05-05 00:00:00+00:00, run_after=2026-05-06 00:00:00+00:00
[2026-05-06T23:27:54.564+0000] {logging_mixin.py:188} INFO - [2026-05-06T23:27:54.564+0000] {dag.py:3954} INFO - Setting next_dagrun for dataset_produces_2 to None, run_after=None
[2026-05-06T23:27:54.695+0000] {processor.py:183} INFO - Processing /usr/local/python/3.12.1/lib/python3.12/site-packages/airflow/example_dags/example_datasets.py took 0.202 seconds
[2026-05-06T23:28:56.592+0000] {processor.py:161} INFO - Started process (PID=19097) to work on /usr/local/python/3.12.1/lib/python3.12/site-packages/airflow/example_dags/example_datasets.py
[2026-05-06T23:28:56.593+0000] {processor.py:830} INFO - Processing file /usr/local/python/3.12.1/lib/python3.12/site-packages/airflow/example_dags/example_datasets.py for tasks to queue
[2026-05-06T23:28:56.595+0000] {logging_mixin.py:188} INFO - [2026-05-06T23:28:56.594+0000] {dagbag.py:545} INFO - Filling up the DagBag from /usr/local/python/3.12.1/lib/python3.12/site-packages/airflow/example_dags/example_datasets.py
[2026-05-06T23:28:56.605+0000] {processor.py:840} INFO - DAG(s) 'dataset_produces_2', 'conditional_dataset_and_time_based_timetable', 'dataset_consumes_unknown_never_scheduled', 'dataset_produces_1', 'dataset_consumes_1', 'dataset_consumes_1_and_2', 'dataset_consumes_1_never_scheduled', 'consume_1_or_2_with_dataset_expressions', 'consume_1_or_both_2_and_3_with_dataset_expressions', 'consume_1_and_2_with_dataset_expressions' retrieved from /usr/local/python/3.12.1/lib/python3.12/site-packages/airflow/example_dags/example_datasets.py
[2026-05-06T23:28:56.636+0000] {logging_mixin.py:188} INFO - [2026-05-06T23:28:56.636+0000] {dag.py:3096} INFO - Sync 10 DAGs
[2026-05-06T23:28:56.657+0000] {logging_mixin.py:188} INFO - [2026-05-06T23:28:56.657+0000] {dag.py:3954} INFO - Setting next_dagrun for conditional_dataset_and_time_based_timetable to 2026-05-06 01:00:00+00:00, run_after=2026-05-06 01:00:00+00:00
[2026-05-06T23:28:56.661+0000] {logging_mixin.py:188} INFO - [2026-05-06T23:28:56.661+0000] {dag.py:3954} INFO - Setting next_dagrun for consume_1_and_2_with_dataset_expressions to None, run_after=None
[2026-05-06T23:28:56.662+0000] {logging_mixin.py:188} INFO - [2026-05-06T23:28:56.662+0000] {dag.py:3954} INFO - Setting next_dagrun for consume_1_or_2_with_dataset_expressions to None, run_after=None
[2026-05-06T23:28:56.663+0000] {logging_mixin.py:188} INFO - [2026-05-06T23:28:56.663+0000] {dag.py:3954} INFO - Setting next_dagrun for consume_1_or_both_2_and_3_with_dataset_expressions to None, run_after=None
[2026-05-06T23:28:56.664+0000] {logging_mixin.py:188} INFO - [2026-05-06T23:28:56.664+0000] {dag.py:3954} INFO - Setting next_dagrun for dataset_consumes_1 to None, run_after=None
[2026-05-06T23:28:56.665+0000] {logging_mixin.py:188} INFO - [2026-05-06T23:28:56.664+0000] {dag.py:3954} INFO - Setting next_dagrun for dataset_consumes_1_and_2 to None, run_after=None
[2026-05-06T23:28:56.665+0000] {logging_mixin.py:188} INFO - [2026-05-06T23:28:56.665+0000] {dag.py:3954} INFO - Setting next_dagrun for dataset_consumes_1_never_scheduled to None, run_after=None
[2026-05-06T23:28:56.666+0000] {logging_mixin.py:188} INFO - [2026-05-06T23:28:56.666+0000] {dag.py:3954} INFO - Setting next_dagrun for dataset_consumes_unknown_never_scheduled to None, run_after=None
[2026-05-06T23:28:56.668+0000] {logging_mixin.py:188} INFO - [2026-05-06T23:28:56.668+0000] {dag.py:3954} INFO - Setting next_dagrun for dataset_produces_1 to 2026-05-05 00:00:00+00:00, run_after=2026-05-06 00:00:00+00:00
[2026-05-06T23:28:56.669+0000] {logging_mixin.py:188} INFO - [2026-05-06T23:28:56.669+0000] {dag.py:3954} INFO - Setting next_dagrun for dataset_produces_2 to None, run_after=None
[2026-05-06T23:28:56.790+0000] {processor.py:183} INFO - Processing /usr/local/python/3.12.1/lib/python3.12/site-packages/airflow/example_dags/example_datasets.py took 0.204 seconds
[2026-05-06T23:31:57.925+0000] {processor.py:161} INFO - Started process (PID=20849) to work on /usr/local/python/3.12.1/lib/python3.12/site-packages/airflow/example_dags/example_datasets.py
[2026-05-06T23:31:57.926+0000] {processor.py:830} INFO - Processing file /usr/local/python/3.12.1/lib/python3.12/site-packages/airflow/example_dags/example_datasets.py for tasks to queue
[2026-05-06T23:31:57.928+0000] {logging_mixin.py:188} INFO - [2026-05-06T23:31:57.927+0000] {dagbag.py:545} INFO - Filling up the DagBag from /usr/local/python/3.12.1/lib/python3.12/site-packages/airflow/example_dags/example_datasets.py
[2026-05-06T23:31:57.939+0000] {processor.py:840} INFO - DAG(s) 'dataset_consumes_1', 'consume_1_or_2_with_dataset_expressions', 'consume_1_or_both_2_and_3_with_dataset_expressions', 'conditional_dataset_and_time_based_timetable', 'dataset_produces_2', 'dataset_consumes_1_and_2', 'dataset_consumes_unknown_never_scheduled', 'dataset_produces_1', 'dataset_consumes_1_never_scheduled', 'consume_1_and_2_with_dataset_expressions' retrieved from /usr/local/python/3.12.1/lib/python3.12/site-packages/airflow/example_dags/example_datasets.py
[2026-05-06T23:31:57.969+0000] {logging_mixin.py:188} INFO - [2026-05-06T23:31:57.969+0000] {dag.py:3096} INFO - Sync 10 DAGs
[2026-05-06T23:31:57.987+0000] {logging_mixin.py:188} INFO - [2026-05-06T23:31:57.987+0000] {dag.py:3954} INFO - Setting next_dagrun for conditional_dataset_and_time_based_timetable to 2026-05-06 01:00:00+00:00, run_after=2026-05-06 01:00:00+00:00
[2026-05-06T23:31:57.989+0000] {logging_mixin.py:188} INFO - [2026-05-06T23:31:57.989+0000] {dag.py:3954} INFO - Setting next_dagrun for consume_1_and_2_with_dataset_expressions to None, run_after=None
[2026-05-06T23:31:57.990+0000] {logging_mixin.py:188} INFO - [2026-05-06T23:31:57.990+0000] {dag.py:3954} INFO - Setting next_dagrun for consume_1_or_2_with_dataset_expressions to None, run_after=None
[2026-05-06T23:31:57.991+0000] {logging_mixin.py:188} INFO - [2026-05-06T23:31:57.991+0000] {dag.py:3954} INFO - Setting next_dagrun for consume_1_or_both_2_and_3_with_dataset_expressions to None, run_after=None
[2026-05-06T23:31:57.992+0000] {logging_mixin.py:188} INFO - [2026-05-06T23:31:57.991+0000] {dag.py:3954} INFO - Setting next_dagrun for dataset_consumes_1 to None, run_after=None
[2026-05-06T23:31:57.992+0000] {logging_mixin.py:188} INFO - [2026-05-06T23:31:57.992+0000] {dag.py:3954} INFO - Setting next_dagrun for dataset_consumes_1_and_2 to None, run_after=None
[2026-05-06T23:31:57.993+0000] {logging_mixin.py:188} INFO - [2026-05-06T23:31:57.993+0000] {dag.py:3954} INFO - Setting next_dagrun for dataset_consumes_1_never_scheduled to None, run_after=None
[2026-05-06T23:31:57.994+0000] {logging_mixin.py:188} INFO - [2026-05-06T23:31:57.994+0000] {dag.py:3954} INFO - Setting next_dagrun for dataset_consumes_unknown_never_scheduled to None, run_after=None
[2026-05-06T23:31:57.995+0000] {logging_mixin.py:188} INFO - [2026-05-06T23:31:57.995+0000] {dag.py:3954} INFO - Setting next_dagrun for dataset_produces_1 to 2026-05-05 00:00:00+00:00, run_after=2026-05-06 00:00:00+00:00
[2026-05-06T23:31:57.996+0000] {logging_mixin.py:188} INFO - [2026-05-06T23:31:57.996+0000] {dag.py:3954} INFO - Setting next_dagrun for dataset_produces_2 to None, run_after=None
[2026-05-06T23:31:58.018+0000] {processor.py:183} INFO - Processing /usr/local/python/3.12.1/lib/python3.12/site-packages/airflow/example_dags/example_datasets.py took 0.097 seconds
[2026-05-06T23:32:46.532+0000] {processor.py:161} INFO - Started process (PID=21234) to work on /usr/local/python/3.12.1/lib/python3.12/site-packages/airflow/example_dags/example_datasets.py
[2026-05-06T23:32:46.533+0000] {processor.py:830} INFO - Processing file /usr/local/python/3.12.1/lib/python3.12/site-packages/airflow/example_dags/example_datasets.py for tasks to queue
[2026-05-06T23:32:46.535+0000] {logging_mixin.py:188} INFO - [2026-05-06T23:32:46.534+0000] {dagbag.py:545} INFO - Filling up the DagBag from /usr/local/python/3.12.1/lib/python3.12/site-packages/airflow/example_dags/example_datasets.py
[2026-05-06T23:32:46.545+0000] {processor.py:840} INFO - DAG(s) 'dataset_consumes_1_and_2', 'consume_1_and_2_with_dataset_expressions', 'consume_1_or_both_2_and_3_with_dataset_expressions', 'dataset_consumes_1_never_scheduled', 'dataset_consumes_unknown_never_scheduled', 'dataset_produces_2', 'dataset_consumes_1', 'dataset_produces_1', 'conditional_dataset_and_time_based_timetable', 'consume_1_or_2_with_dataset_expressions' retrieved from /usr/local/python/3.12.1/lib/python3.12/site-packages/airflow/example_dags/example_datasets.py
[2026-05-06T23:32:46.573+0000] {logging_mixin.py:188} INFO - [2026-05-06T23:32:46.573+0000] {dag.py:3096} INFO - Sync 10 DAGs
[2026-05-06T23:32:46.590+0000] {logging_mixin.py:188} INFO - [2026-05-06T23:32:46.590+0000] {dag.py:3954} INFO - Setting next_dagrun for conditional_dataset_and_time_based_timetable to 2026-05-06 01:00:00+00:00, run_after=2026-05-06 01:00:00+00:00
[2026-05-06T23:32:46.592+0000] {logging_mixin.py:188} INFO - [2026-05-06T23:32:46.592+0000] {dag.py:3954} INFO - Setting next_dagrun for consume_1_and_2_with_dataset_expressions to None, run_after=None
[2026-05-06T23:32:46.593+0000] {logging_mixin.py:188} INFO - [2026-05-06T23:32:46.593+0000] {dag.py:3954} INFO - Setting next_dagrun for consume_1_or_2_with_dataset_expressions to None, run_after=None
[2026-05-06T23:32:46.594+0000] {logging_mixin.py:188} INFO - [2026-05-06T23:32:46.594+0000] {dag.py:3954} INFO - Setting next_dagrun for consume_1_or_both_2_and_3_with_dataset_expressions to None, run_after=None
[2026-05-06T23:32:46.595+0000] {logging_mixin.py:188} INFO - [2026-05-06T23:32:46.594+0000] {dag.py:3954} INFO - Setting next_dagrun for dataset_consumes_1 to None, run_after=None
[2026-05-06T23:32:46.595+0000] {logging_mixin.py:188} INFO - [2026-05-06T23:32:46.595+0000] {dag.py:3954} INFO - Setting next_dagrun for dataset_consumes_1_and_2 to None, run_after=None
[2026-05-06T23:32:46.596+0000] {logging_mixin.py:188} INFO - [2026-05-06T23:32:46.596+0000] {dag.py:3954} INFO - Setting next_dagrun for dataset_consumes_1_never_scheduled to None, run_after=None
[2026-05-06T23:32:46.597+0000] {logging_mixin.py:188} INFO - [2026-05-06T23:32:46.596+0000] {dag.py:3954} INFO - Setting next_dagrun for dataset_consumes_unknown_never_scheduled to None, run_after=None
[2026-05-06T23:32:46.598+0000] {logging_mixin.py:188} INFO - [2026-05-06T23:32:46.598+0000] {dag.py:3954} INFO - Setting next_dagrun for dataset_produces_1 to 2026-05-05 00:00:00+00:00, run_after=2026-05-06 00:00:00+00:00
[2026-05-06T23:32:46.599+0000] {logging_mixin.py:188} INFO - [2026-05-06T23:32:46.599+0000] {dag.py:3954} INFO - Setting next_dagrun for dataset_produces_2 to None, run_after=None
[2026-05-06T23:32:46.622+0000] {processor.py:183} INFO - Processing /usr/local/python/3.12.1/lib/python3.12/site-packages/airflow/example_dags/example_datasets.py took 0.095 seconds
[2026-05-06T23:33:41.854+0000] {processor.py:161} INFO - Started process (PID=21657) to work on /usr/local/python/3.12.1/lib/python3.12/site-packages/airflow/example_dags/example_datasets.py
[2026-05-06T23:33:41.855+0000] {processor.py:830} INFO - Processing file /usr/local/python/3.12.1/lib/python3.12/site-packages/airflow/example_dags/example_datasets.py for tasks to queue
[2026-05-06T23:33:41.856+0000] {logging_mixin.py:188} INFO - [2026-05-06T23:33:41.856+0000] {dagbag.py:545} INFO - Filling up the DagBag from /usr/local/python/3.12.1/lib/python3.12/site-packages/airflow/example_dags/example_datasets.py
[2026-05-06T23:33:41.866+0000] {processor.py:840} INFO - DAG(s) 'dataset_consumes_1', 'dataset_produces_1', 'consume_1_or_both_2_and_3_with_dataset_expressions', 'dataset_consumes_unknown_never_scheduled', 'consume_1_or_2_with_dataset_expressions', 'conditional_dataset_and_time_based_timetable', 'dataset_produces_2', 'consume_1_and_2_with_dataset_expressions', 'dataset_consumes_1_and_2', 'dataset_consumes_1_never_scheduled' retrieved from /usr/local/python/3.12.1/lib/python3.12/site-packages/airflow/example_dags/example_datasets.py
[2026-05-06T23:33:41.894+0000] {logging_mixin.py:188} INFO - [2026-05-06T23:33:41.894+0000] {dag.py:3096} INFO - Sync 10 DAGs
[2026-05-06T23:33:41.911+0000] {logging_mixin.py:188} INFO - [2026-05-06T23:33:41.911+0000] {dag.py:3954} INFO - Setting next_dagrun for conditional_dataset_and_time_based_timetable to 2026-05-06 01:00:00+00:00, run_after=2026-05-06 01:00:00+00:00
[2026-05-06T23:33:41.914+0000] {logging_mixin.py:188} INFO - [2026-05-06T23:33:41.913+0000] {dag.py:3954} INFO - Setting next_dagrun for consume_1_and_2_with_dataset_expressions to None, run_after=None
[2026-05-06T23:33:41.914+0000] {logging_mixin.py:188} INFO - [2026-05-06T23:33:41.914+0000] {dag.py:3954} INFO - Setting next_dagrun for consume_1_or_2_with_dataset_expressions to None, run_after=None
[2026-05-06T23:33:41.915+0000] {logging_mixin.py:188} INFO - [2026-05-06T23:33:41.915+0000] {dag.py:3954} INFO - Setting next_dagrun for consume_1_or_both_2_and_3_with_dataset_expressions to None, run_after=None
[2026-05-06T23:33:41.916+0000] {logging_mixin.py:188} INFO - [2026-05-06T23:33:41.916+0000] {dag.py:3954} INFO - Setting next_dagrun for dataset_consumes_1 to None, run_after=None
[2026-05-06T23:33:41.916+0000] {logging_mixin.py:188} INFO - [2026-05-06T23:33:41.916+0000] {dag.py:3954} INFO - Setting next_dagrun for dataset_consumes_1_and_2 to None, run_after=None
[2026-05-06T23:33:41.917+0000] {logging_mixin.py:188} INFO - [2026-05-06T23:33:41.917+0000] {dag.py:3954} INFO - Setting next_dagrun for dataset_consumes_1_never_scheduled to None, run_after=None
[2026-05-06T23:33:41.918+0000] {logging_mixin.py:188} INFO - [2026-05-06T23:33:41.918+0000] {dag.py:3954} INFO - Setting next_dagrun for dataset_consumes_unknown_never_scheduled to None, run_after=None
[2026-05-06T23:33:41.919+0000] {logging_mixin.py:188} INFO - [2026-05-06T23:33:41.919+0000] {dag.py:3954} INFO - Setting next_dagrun for dataset_produces_1 to 2026-05-05 00:00:00+00:00, run_after=2026-05-06 00:00:00+00:00
[2026-05-06T23:33:41.920+0000] {logging_mixin.py:188} INFO - [2026-05-06T23:33:41.920+0000] {dag.py:3954} INFO - Setting next_dagrun for dataset_produces_2 to None, run_after=None
[2026-05-06T23:33:41.944+0000] {processor.py:183} INFO - Processing /usr/local/python/3.12.1/lib/python3.12/site-packages/airflow/example_dags/example_datasets.py took 0.095 seconds
[2026-05-06T23:34:42.139+0000] {processor.py:161} INFO - Started process (PID=22143) to work on /usr/local/python/3.12.1/lib/python3.12/site-packages/airflow/example_dags/example_datasets.py
[2026-05-06T23:34:42.140+0000] {processor.py:830} INFO - Processing file /usr/local/python/3.12.1/lib/python3.12/site-packages/airflow/example_dags/example_datasets.py for tasks to queue
[2026-05-06T23:34:42.141+0000] {logging_mixin.py:188} INFO - [2026-05-06T23:34:42.141+0000] {dagbag.py:545} INFO - Filling up the DagBag from /usr/local/python/3.12.1/lib/python3.12/site-packages/airflow/example_dags/example_datasets.py
[2026-05-06T23:34:42.151+0000] {processor.py:840} INFO - DAG(s) 'dataset_consumes_1', 'consume_1_and_2_with_dataset_expressions', 'consume_1_or_both_2_and_3_with_dataset_expressions', 'dataset_produces_1', 'conditional_dataset_and_time_based_timetable', 'dataset_consumes_1_never_scheduled', 'consume_1_or_2_with_dataset_expressions', 'dataset_consumes_unknown_never_scheduled', 'dataset_produces_2', 'dataset_consumes_1_and_2' retrieved from /usr/local/python/3.12.1/lib/python3.12/site-packages/airflow/example_dags/example_datasets.py
[2026-05-06T23:34:42.209+0000] {logging_mixin.py:188} INFO - [2026-05-06T23:34:42.209+0000] {dag.py:3096} INFO - Sync 10 DAGs
[2026-05-06T23:34:42.226+0000] {logging_mixin.py:188} INFO - [2026-05-06T23:34:42.226+0000] {dag.py:3954} INFO - Setting next_dagrun for conditional_dataset_and_time_based_timetable to 2026-05-06 01:00:00+00:00, run_after=2026-05-06 01:00:00+00:00
[2026-05-06T23:34:42.229+0000] {logging_mixin.py:188} INFO - [2026-05-06T23:34:42.228+0000] {dag.py:3954} INFO - Setting next_dagrun for consume_1_and_2_with_dataset_expressions to None, run_after=None
[2026-05-06T23:34:42.230+0000] {logging_mixin.py:188} INFO - [2026-05-06T23:34:42.229+0000] {dag.py:3954} INFO - Setting next_dagrun for consume_1_or_2_with_dataset_expressions to None, run_after=None
[2026-05-06T23:34:42.230+0000] {logging_mixin.py:188} INFO - [2026-05-06T23:34:42.230+0000] {dag.py:3954} INFO - Setting next_dagrun for consume_1_or_both_2_and_3_with_dataset_expressions to None, run_after=None
[2026-05-06T23:34:42.231+0000] {logging_mixin.py:188} INFO - [2026-05-06T23:34:42.231+0000] {dag.py:3954} INFO - Setting next_dagrun for dataset_consumes_1 to None, run_after=None
[2026-05-06T23:34:42.232+0000] {logging_mixin.py:188} INFO - [2026-05-06T23:34:42.232+0000] {dag.py:3954} INFO - Setting next_dagrun for dataset_consumes_1_and_2 to None, run_after=None
[2026-05-06T23:34:42.232+0000] {logging_mixin.py:188} INFO - [2026-05-06T23:34:42.232+0000] {dag.py:3954} INFO - Setting next_dagrun for dataset_consumes_1_never_scheduled to None, run_after=None
[2026-05-06T23:34:42.233+0000] {logging_mixin.py:188} INFO - [2026-05-06T23:34:42.233+0000] {dag.py:3954} INFO - Setting next_dagrun for dataset_consumes_unknown_never_scheduled to None, run_after=None
[2026-05-06T23:34:42.234+0000] {logging_mixin.py:188} INFO - [2026-05-06T23:34:42.234+0000] {dag.py:3954} INFO - Setting next_dagrun for dataset_produces_1 to 2026-05-05 00:00:00+00:00, run_after=2026-05-06 00:00:00+00:00
[2026-05-06T23:34:42.235+0000] {logging_mixin.py:188} INFO - [2026-05-06T23:34:42.235+0000] {dag.py:3954} INFO - Setting next_dagrun for dataset_produces_2 to None, run_after=None
[2026-05-06T23:34:42.256+0000] {processor.py:183} INFO - Processing /usr/local/python/3.12.1/lib/python3.12/site-packages/airflow/example_dags/example_datasets.py took 0.122 seconds
[2026-05-06T23:35:36.782+0000] {processor.py:161} INFO - Started process (PID=22565) to work on /usr/local/python/3.12.1/lib/python3.12/site-packages/airflow/example_dags/example_datasets.py
[2026-05-06T23:35:36.783+0000] {processor.py:830} INFO - Processing file /usr/local/python/3.12.1/lib/python3.12/site-packages/airflow/example_dags/example_datasets.py for tasks to queue
[2026-05-06T23:35:36.785+0000] {logging_mixin.py:188} INFO - [2026-05-06T23:35:36.785+0000] {dagbag.py:545} INFO - Filling up the DagBag from /usr/local/python/3.12.1/lib/python3.12/site-packages/airflow/example_dags/example_datasets.py
[2026-05-06T23:35:36.803+0000] {processor.py:840} INFO - DAG(s) 'dataset_produces_1', 'dataset_consumes_1_never_scheduled', 'dataset_consumes_unknown_never_scheduled', 'consume_1_and_2_with_dataset_expressions', 'conditional_dataset_and_time_based_timetable', 'dataset_consumes_1_and_2', 'consume_1_or_2_with_dataset_expressions', 'dataset_produces_2', 'consume_1_or_both_2_and_3_with_dataset_expressions', 'dataset_consumes_1' retrieved from /usr/local/python/3.12.1/lib/python3.12/site-packages/airflow/example_dags/example_datasets.py
[2026-05-06T23:35:36.852+0000] {logging_mixin.py:188} INFO - [2026-05-06T23:35:36.852+0000] {dag.py:3096} INFO - Sync 10 DAGs
[2026-05-06T23:35:36.868+0000] {logging_mixin.py:188} INFO - [2026-05-06T23:35:36.868+0000] {dag.py:3954} INFO - Setting next_dagrun for conditional_dataset_and_time_based_timetable to 2026-05-06 01:00:00+00:00, run_after=2026-05-06 01:00:00+00:00
[2026-05-06T23:35:36.871+0000] {logging_mixin.py:188} INFO - [2026-05-06T23:35:36.871+0000] {dag.py:3954} INFO - Setting next_dagrun for consume_1_and_2_with_dataset_expressions to None, run_after=None
[2026-05-06T23:35:36.872+0000] {logging_mixin.py:188} INFO - [2026-05-06T23:35:36.872+0000] {dag.py:3954} INFO - Setting next_dagrun for consume_1_or_2_with_dataset_expressions to None, run_after=None
[2026-05-06T23:35:36.873+0000] {logging_mixin.py:188} INFO - [2026-05-06T23:35:36.872+0000] {dag.py:3954} INFO - Setting next_dagrun for consume_1_or_both_2_and_3_with_dataset_expressions to None, run_after=None
[2026-05-06T23:35:36.873+0000] {logging_mixin.py:188} INFO - [2026-05-06T23:35:36.873+0000] {dag.py:3954} INFO - Setting next_dagrun for dataset_consumes_1 to None, run_after=None
[2026-05-06T23:35:36.874+0000] {logging_mixin.py:188} INFO - [2026-05-06T23:35:36.874+0000] {dag.py:3954} INFO - Setting next_dagrun for dataset_consumes_1_and_2 to None, run_after=None
[2026-05-06T23:35:36.875+0000] {logging_mixin.py:188} INFO - [2026-05-06T23:35:36.875+0000] {dag.py:3954} INFO - Setting next_dagrun for dataset_consumes_1_never_scheduled to None, run_after=None
[2026-05-06T23:35:36.875+0000] {logging_mixin.py:188} INFO - [2026-05-06T23:35:36.875+0000] {dag.py:3954} INFO - Setting next_dagrun for dataset_consumes_unknown_never_scheduled to None, run_after=None
[2026-05-06T23:35:36.877+0000] {logging_mixin.py:188} INFO - [2026-05-06T23:35:36.877+0000] {dag.py:3954} INFO - Setting next_dagrun for dataset_produces_1 to 2026-05-05 00:00:00+00:00, run_after=2026-05-06 00:00:00+00:00
[2026-05-06T23:35:36.877+0000] {logging_mixin.py:188} INFO - [2026-05-06T23:35:36.877+0000] {dag.py:3954} INFO - Setting next_dagrun for dataset_produces_2 to None, run_after=None
[2026-05-06T23:35:36.899+0000] {processor.py:183} INFO - Processing /usr/local/python/3.12.1/lib/python3.12/site-packages/airflow/example_dags/example_datasets.py took 0.124 seconds
[2026-05-06T23:36:34.783+0000] {processor.py:161} INFO - Started process (PID=23025) to work on /usr/local/python/3.12.1/lib/python3.12/site-packages/airflow/example_dags/example_datasets.py
[2026-05-06T23:36:34.784+0000] {processor.py:830} INFO - Processing file /usr/local/python/3.12.1/lib/python3.12/site-packages/airflow/example_dags/example_datasets.py for tasks to queue
[2026-05-06T23:36:34.785+0000] {logging_mixin.py:188} INFO - [2026-05-06T23:36:34.785+0000] {dagbag.py:545} INFO - Filling up the DagBag from /usr/local/python/3.12.1/lib/python3.12/site-packages/airflow/example_dags/example_datasets.py
[2026-05-06T23:36:34.795+0000] {processor.py:840} INFO - DAG(s) 'consume_1_or_both_2_and_3_with_dataset_expressions', 'consume_1_and_2_with_dataset_expressions', 'dataset_consumes_unknown_never_scheduled', 'dataset_consumes_1_never_scheduled', 'conditional_dataset_and_time_based_timetable', 'consume_1_or_2_with_dataset_expressions', 'dataset_produces_2', 'dataset_produces_1', 'dataset_consumes_1', 'dataset_consumes_1_and_2' retrieved from /usr/local/python/3.12.1/lib/python3.12/site-packages/airflow/example_dags/example_datasets.py
[2026-05-06T23:36:34.823+0000] {logging_mixin.py:188} INFO - [2026-05-06T23:36:34.823+0000] {dag.py:3096} INFO - Sync 10 DAGs
[2026-05-06T23:36:34.841+0000] {logging_mixin.py:188} INFO - [2026-05-06T23:36:34.841+0000] {dag.py:3954} INFO - Setting next_dagrun for conditional_dataset_and_time_based_timetable to 2026-05-06 01:00:00+00:00, run_after=2026-05-06 01:00:00+00:00
[2026-05-06T23:36:34.843+0000] {logging_mixin.py:188} INFO - [2026-05-06T23:36:34.843+0000] {dag.py:3954} INFO - Setting next_dagrun for consume_1_and_2_with_dataset_expressions to None, run_after=None
[2026-05-06T23:36:34.844+0000] {logging_mixin.py:188} INFO - [2026-05-06T23:36:34.844+0000] {dag.py:3954} INFO - Setting next_dagrun for consume_1_or_2_with_dataset_expressions to None, run_after=None
[2026-05-06T23:36:34.845+0000] {logging_mixin.py:188} INFO - [2026-05-06T23:36:34.845+0000] {dag.py:3954} INFO - Setting next_dagrun for consume_1_or_both_2_and_3_with_dataset_expressions to None, run_after=None
[2026-05-06T23:36:34.846+0000] {logging_mixin.py:188} INFO - [2026-05-06T23:36:34.846+0000] {dag.py:3954} INFO - Setting next_dagrun for dataset_consumes_1 to None, run_after=None
[2026-05-06T23:36:34.846+0000] {logging_mixin.py:188} INFO - [2026-05-06T23:36:34.846+0000] {dag.py:3954} INFO - Setting next_dagrun for dataset_consumes_1_and_2 to None, run_after=None
[2026-05-06T23:36:34.847+0000] {logging_mixin.py:188} INFO - [2026-05-06T23:36:34.847+0000] {dag.py:3954} INFO - Setting next_dagrun for dataset_consumes_1_never_scheduled to None, run_after=None
[2026-05-06T23:36:34.848+0000] {logging_mixin.py:188} INFO - [2026-05-06T23:36:34.847+0000] {dag.py:3954} INFO - Setting next_dagrun for dataset_consumes_unknown_never_scheduled to None, run_after=None
[2026-05-06T23:36:34.849+0000] {logging_mixin.py:188} INFO - [2026-05-06T23:36:34.849+0000] {dag.py:3954} INFO - Setting next_dagrun for dataset_produces_1 to 2026-05-05 00:00:00+00:00, run_after=2026-05-06 00:00:00+00:00
[2026-05-06T23:36:34.850+0000] {logging_mixin.py:188} INFO - [2026-05-06T23:36:34.850+0000] {dag.py:3954} INFO - Setting next_dagrun for dataset_produces_2 to None, run_after=None
[2026-05-06T23:36:34.871+0000] {processor.py:183} INFO - Processing /usr/local/python/3.12.1/lib/python3.12/site-packages/airflow/example_dags/example_datasets.py took 0.093 seconds
[2026-05-06T23:37:34.050+0000] {processor.py:161} INFO - Started process (PID=23490) to work on /usr/local/python/3.12.1/lib/python3.12/site-packages/airflow/example_dags/example_datasets.py
[2026-05-06T23:37:34.051+0000] {processor.py:830} INFO - Processing file /usr/local/python/3.12.1/lib/python3.12/site-packages/airflow/example_dags/example_datasets.py for tasks to queue
[2026-05-06T23:37:34.052+0000] {logging_mixin.py:188} INFO - [2026-05-06T23:37:34.052+0000] {dagbag.py:545} INFO - Filling up the DagBag from /usr/local/python/3.12.1/lib/python3.12/site-packages/airflow/example_dags/example_datasets.py
[2026-05-06T23:37:34.063+0000] {processor.py:840} INFO - DAG(s) 'dataset_consumes_unknown_never_scheduled', 'consume_1_or_both_2_and_3_with_dataset_expressions', 'dataset_consumes_1_and_2', 'dataset_produces_1', 'dataset_consumes_1_never_scheduled', 'dataset_produces_2', 'consume_1_or_2_with_dataset_expressions', 'conditional_dataset_and_time_based_timetable', 'consume_1_and_2_with_dataset_expressions', 'dataset_consumes_1' retrieved from /usr/local/python/3.12.1/lib/python3.12/site-packages/airflow/example_dags/example_datasets.py
[2026-05-06T23:37:34.092+0000] {logging_mixin.py:188} INFO - [2026-05-06T23:37:34.091+0000] {dag.py:3096} INFO - Sync 10 DAGs
[2026-05-06T23:37:34.110+0000] {logging_mixin.py:188} INFO - [2026-05-06T23:37:34.110+0000] {dag.py:3954} INFO - Setting next_dagrun for conditional_dataset_and_time_based_timetable to 2026-05-06 01:00:00+00:00, run_after=2026-05-06 01:00:00+00:00
[2026-05-06T23:37:34.210+0000] {logging_mixin.py:188} INFO - [2026-05-06T23:37:34.209+0000] {dag.py:3954} INFO - Setting next_dagrun for consume_1_and_2_with_dataset_expressions to None, run_after=None
[2026-05-06T23:37:34.211+0000] {logging_mixin.py:188} INFO - [2026-05-06T23:37:34.211+0000] {dag.py:3954} INFO - Setting next_dagrun for consume_1_or_2_with_dataset_expressions to None, run_after=None
[2026-05-06T23:37:34.211+0000] {logging_mixin.py:188} INFO - [2026-05-06T23:37:34.211+0000] {dag.py:3954} INFO - Setting next_dagrun for consume_1_or_both_2_and_3_with_dataset_expressions to None, run_after=None
[2026-05-06T23:37:34.212+0000] {logging_mixin.py:188} INFO - [2026-05-06T23:37:34.212+0000] {dag.py:3954} INFO - Setting next_dagrun for dataset_consumes_1 to None, run_after=None
[2026-05-06T23:37:34.213+0000] {logging_mixin.py:188} INFO - [2026-05-06T23:37:34.213+0000] {dag.py:3954} INFO - Setting next_dagrun for dataset_consumes_1_and_2 to None, run_after=None
[2026-05-06T23:37:34.213+0000] {logging_mixin.py:188} INFO - [2026-05-06T23:37:34.213+0000] {dag.py:3954} INFO - Setting next_dagrun for dataset_consumes_1_never_scheduled to None, run_after=None
[2026-05-06T23:37:34.214+0000] {logging_mixin.py:188} INFO - [2026-05-06T23:37:34.214+0000] {dag.py:3954} INFO - Setting next_dagrun for dataset_consumes_unknown_never_scheduled to None, run_after=None
[2026-05-06T23:37:34.216+0000] {logging_mixin.py:188} INFO - [2026-05-06T23:37:34.216+0000] {dag.py:3954} INFO - Setting next_dagrun for dataset_produces_1 to 2026-05-05 00:00:00+00:00, run_after=2026-05-06 00:00:00+00:00
[2026-05-06T23:37:34.216+0000] {logging_mixin.py:188} INFO - [2026-05-06T23:37:34.216+0000] {dag.py:3954} INFO - Setting next_dagrun for dataset_produces_2 to None, run_after=None
[2026-05-06T23:37:34.238+0000] {processor.py:183} INFO - Processing /usr/local/python/3.12.1/lib/python3.12/site-packages/airflow/example_dags/example_datasets.py took 0.192 seconds
[2026-05-06T23:38:31.594+0000] {processor.py:161} INFO - Started process (PID=23943) to work on /usr/local/python/3.12.1/lib/python3.12/site-packages/airflow/example_dags/example_datasets.py
[2026-05-06T23:38:31.595+0000] {processor.py:830} INFO - Processing file /usr/local/python/3.12.1/lib/python3.12/site-packages/airflow/example_dags/example_datasets.py for tasks to queue
[2026-05-06T23:38:31.596+0000] {logging_mixin.py:188} INFO - [2026-05-06T23:38:31.596+0000] {dagbag.py:545} INFO - Filling up the DagBag from /usr/local/python/3.12.1/lib/python3.12/site-packages/airflow/example_dags/example_datasets.py
[2026-05-06T23:38:31.606+0000] {processor.py:840} INFO - DAG(s) 'dataset_produces_2', 'consume_1_and_2_with_dataset_expressions', 'consume_1_or_both_2_and_3_with_dataset_expressions', 'dataset_produces_1', 'dataset_consumes_unknown_never_scheduled', 'consume_1_or_2_with_dataset_expressions', 'dataset_consumes_1_never_scheduled', 'conditional_dataset_and_time_based_timetable', 'dataset_consumes_1', 'dataset_consumes_1_and_2' retrieved from /usr/local/python/3.12.1/lib/python3.12/site-packages/airflow/example_dags/example_datasets.py
[2026-05-06T23:38:31.636+0000] {logging_mixin.py:188} INFO - [2026-05-06T23:38:31.636+0000] {dag.py:3096} INFO - Sync 10 DAGs
[2026-05-06T23:38:31.654+0000] {logging_mixin.py:188} INFO - [2026-05-06T23:38:31.653+0000] {dag.py:3954} INFO - Setting next_dagrun for conditional_dataset_and_time_based_timetable to 2026-05-06 01:00:00+00:00, run_after=2026-05-06 01:00:00+00:00
[2026-05-06T23:38:31.656+0000] {logging_mixin.py:188} INFO - [2026-05-06T23:38:31.656+0000] {dag.py:3954} INFO - Setting next_dagrun for consume_1_and_2_with_dataset_expressions to None, run_after=None
[2026-05-06T23:38:31.657+0000] {logging_mixin.py:188} INFO - [2026-05-06T23:38:31.657+0000] {dag.py:3954} INFO - Setting next_dagrun for consume_1_or_2_with_dataset_expressions to None, run_after=None
[2026-05-06T23:38:31.658+0000] {logging_mixin.py:188} INFO - [2026-05-06T23:38:31.658+0000] {dag.py:3954} INFO - Setting next_dagrun for consume_1_or_both_2_and_3_with_dataset_expressions to None, run_after=None
[2026-05-06T23:38:31.659+0000] {logging_mixin.py:188} INFO - [2026-05-06T23:38:31.659+0000] {dag.py:3954} INFO - Setting next_dagrun for dataset_consumes_1 to None, run_after=None
[2026-05-06T23:38:31.659+0000] {logging_mixin.py:188} INFO - [2026-05-06T23:38:31.659+0000] {dag.py:3954} INFO - Setting next_dagrun for dataset_consumes_1_and_2 to None, run_after=None
[2026-05-06T23:38:31.660+0000] {logging_mixin.py:188} INFO - [2026-05-06T23:38:31.660+0000] {dag.py:3954} INFO - Setting next_dagrun for dataset_consumes_1_never_scheduled to None, run_after=None
[2026-05-06T23:38:31.661+0000] {logging_mixin.py:188} INFO - [2026-05-06T23:38:31.660+0000] {dag.py:3954} INFO - Setting next_dagrun for dataset_consumes_unknown_never_scheduled to None, run_after=None
[2026-05-06T23:38:31.662+0000] {logging_mixin.py:188} INFO - [2026-05-06T23:38:31.662+0000] {dag.py:3954} INFO - Setting next_dagrun for dataset_produces_1 to 2026-05-05 00:00:00+00:00, run_after=2026-05-06 00:00:00+00:00
[2026-05-06T23:38:31.663+0000] {logging_mixin.py:188} INFO - [2026-05-06T23:38:31.663+0000] {dag.py:3954} INFO - Setting next_dagrun for dataset_produces_2 to None, run_after=None
[2026-05-06T23:38:31.687+0000] {processor.py:183} INFO - Processing /usr/local/python/3.12.1/lib/python3.12/site-packages/airflow/example_dags/example_datasets.py took 0.098 seconds
[2026-05-06T23:39:30.244+0000] {processor.py:161} INFO - Started process (PID=24387) to work on /usr/local/python/3.12.1/lib/python3.12/site-packages/airflow/example_dags/example_datasets.py
[2026-05-06T23:39:30.245+0000] {processor.py:830} INFO - Processing file /usr/local/python/3.12.1/lib/python3.12/site-packages/airflow/example_dags/example_datasets.py for tasks to queue
[2026-05-06T23:39:30.246+0000] {logging_mixin.py:188} INFO - [2026-05-06T23:39:30.246+0000] {dagbag.py:545} INFO - Filling up the DagBag from /usr/local/python/3.12.1/lib/python3.12/site-packages/airflow/example_dags/example_datasets.py
[2026-05-06T23:39:30.256+0000] {processor.py:840} INFO - DAG(s) 'consume_1_or_2_with_dataset_expressions', 'dataset_consumes_unknown_never_scheduled', 'dataset_consumes_1_and_2', 'dataset_consumes_1', 'dataset_consumes_1_never_scheduled', 'dataset_produces_1', 'dataset_produces_2', 'conditional_dataset_and_time_based_timetable', 'consume_1_and_2_with_dataset_expressions', 'consume_1_or_both_2_and_3_with_dataset_expressions' retrieved from /usr/local/python/3.12.1/lib/python3.12/site-packages/airflow/example_dags/example_datasets.py
[2026-05-06T23:39:30.286+0000] {logging_mixin.py:188} INFO - [2026-05-06T23:39:30.286+0000] {dag.py:3096} INFO - Sync 10 DAGs
[2026-05-06T23:39:30.304+0000] {logging_mixin.py:188} INFO - [2026-05-06T23:39:30.304+0000] {dag.py:3954} INFO - Setting next_dagrun for conditional_dataset_and_time_based_timetable to 2026-05-06 01:00:00+00:00, run_after=2026-05-06 01:00:00+00:00
[2026-05-06T23:39:30.307+0000] {logging_mixin.py:188} INFO - [2026-05-06T23:39:30.307+0000] {dag.py:3954} INFO - Setting next_dagrun for consume_1_and_2_with_dataset_expressions to None, run_after=None
[2026-05-06T23:39:30.308+0000] {logging_mixin.py:188} INFO - [2026-05-06T23:39:30.308+0000] {dag.py:3954} INFO - Setting next_dagrun for consume_1_or_2_with_dataset_expressions to None, run_after=None
[2026-05-06T23:39:30.308+0000] {logging_mixin.py:188} INFO - [2026-05-06T23:39:30.308+0000] {dag.py:3954} INFO - Setting next_dagrun for consume_1_or_both_2_and_3_with_dataset_expressions to None, run_after=None
[2026-05-06T23:39:30.309+0000] {logging_mixin.py:188} INFO - [2026-05-06T23:39:30.309+0000] {dag.py:3954} INFO - Setting next_dagrun for dataset_consumes_1 to None, run_after=None
[2026-05-06T23:39:30.310+0000] {logging_mixin.py:188} INFO - [2026-05-06T23:39:30.310+0000] {dag.py:3954} INFO - Setting next_dagrun for dataset_consumes_1_and_2 to None, run_after=None
[2026-05-06T23:39:30.310+0000] {logging_mixin.py:188} INFO - [2026-05-06T23:39:30.310+0000] {dag.py:3954} INFO - Setting next_dagrun for dataset_consumes_1_never_scheduled to None, run_after=None
[2026-05-06T23:39:30.311+0000] {logging_mixin.py:188} INFO - [2026-05-06T23:39:30.311+0000] {dag.py:3954} INFO - Setting next_dagrun for dataset_consumes_unknown_never_scheduled to None, run_after=None
[2026-05-06T23:39:30.313+0000] {logging_mixin.py:188} INFO - [2026-05-06T23:39:30.312+0000] {dag.py:3954} INFO - Setting next_dagrun for dataset_produces_1 to 2026-05-05 00:00:00+00:00, run_after=2026-05-06 00:00:00+00:00
[2026-05-06T23:39:30.313+0000] {logging_mixin.py:188} INFO - [2026-05-06T23:39:30.313+0000] {dag.py:3954} INFO - Setting next_dagrun for dataset_produces_2 to None, run_after=None
[2026-05-06T23:39:30.336+0000] {processor.py:183} INFO - Processing /usr/local/python/3.12.1/lib/python3.12/site-packages/airflow/example_dags/example_datasets.py took 0.097 seconds
[2026-05-06T23:40:29.802+0000] {processor.py:161} INFO - Started process (PID=24855) to work on /usr/local/python/3.12.1/lib/python3.12/site-packages/airflow/example_dags/example_datasets.py
[2026-05-06T23:40:29.803+0000] {processor.py:830} INFO - Processing file /usr/local/python/3.12.1/lib/python3.12/site-packages/airflow/example_dags/example_datasets.py for tasks to queue
[2026-05-06T23:40:29.805+0000] {logging_mixin.py:188} INFO - [2026-05-06T23:40:29.804+0000] {dagbag.py:545} INFO - Filling up the DagBag from /usr/local/python/3.12.1/lib/python3.12/site-packages/airflow/example_dags/example_datasets.py
[2026-05-06T23:40:29.815+0000] {processor.py:840} INFO - DAG(s) 'consume_1_or_2_with_dataset_expressions', 'dataset_consumes_1_never_scheduled', 'dataset_produces_2', 'dataset_consumes_1_and_2', 'dataset_produces_1', 'dataset_consumes_1', 'consume_1_or_both_2_and_3_with_dataset_expressions', 'conditional_dataset_and_time_based_timetable', 'consume_1_and_2_with_dataset_expressions', 'dataset_consumes_unknown_never_scheduled' retrieved from /usr/local/python/3.12.1/lib/python3.12/site-packages/airflow/example_dags/example_datasets.py
[2026-05-06T23:40:29.943+0000] {logging_mixin.py:188} INFO - [2026-05-06T23:40:29.942+0000] {dag.py:3096} INFO - Sync 10 DAGs
[2026-05-06T23:40:29.958+0000] {logging_mixin.py:188} INFO - [2026-05-06T23:40:29.958+0000] {dag.py:3954} INFO - Setting next_dagrun for conditional_dataset_and_time_based_timetable to 2026-05-06 01:00:00+00:00, run_after=2026-05-06 01:00:00+00:00
[2026-05-06T23:40:29.961+0000] {logging_mixin.py:188} INFO - [2026-05-06T23:40:29.961+0000] {dag.py:3954} INFO - Setting next_dagrun for consume_1_and_2_with_dataset_expressions to None, run_after=None
[2026-05-06T23:40:29.962+0000] {logging_mixin.py:188} INFO - [2026-05-06T23:40:29.962+0000] {dag.py:3954} INFO - Setting next_dagrun for consume_1_or_2_with_dataset_expressions to None, run_after=None
[2026-05-06T23:40:29.962+0000] {logging_mixin.py:188} INFO - [2026-05-06T23:40:29.962+0000] {dag.py:3954} INFO - Setting next_dagrun for consume_1_or_both_2_and_3_with_dataset_expressions to None, run_after=None
[2026-05-06T23:40:29.963+0000] {logging_mixin.py:188} INFO - [2026-05-06T23:40:29.963+0000] {dag.py:3954} INFO - Setting next_dagrun for dataset_consumes_1 to None, run_after=None
[2026-05-06T23:40:29.964+0000] {logging_mixin.py:188} INFO - [2026-05-06T23:40:29.964+0000] {dag.py:3954} INFO - Setting next_dagrun for dataset_consumes_1_and_2 to None, run_after=None
[2026-05-06T23:40:29.964+0000] {logging_mixin.py:188} INFO - [2026-05-06T23:40:29.964+0000] {dag.py:3954} INFO - Setting next_dagrun for dataset_consumes_1_never_scheduled to None, run_after=None
[2026-05-06T23:40:29.965+0000] {logging_mixin.py:188} INFO - [2026-05-06T23:40:29.965+0000] {dag.py:3954} INFO - Setting next_dagrun for dataset_consumes_unknown_never_scheduled to None, run_after=None
[2026-05-06T23:40:29.967+0000] {logging_mixin.py:188} INFO - [2026-05-06T23:40:29.967+0000] {dag.py:3954} INFO - Setting next_dagrun for dataset_produces_1 to 2026-05-05 00:00:00+00:00, run_after=2026-05-06 00:00:00+00:00
[2026-05-06T23:40:29.968+0000] {logging_mixin.py:188} INFO - [2026-05-06T23:40:29.968+0000] {dag.py:3954} INFO - Setting next_dagrun for dataset_produces_2 to None, run_after=None
[2026-05-06T23:40:29.990+0000] {processor.py:183} INFO - Processing /usr/local/python/3.12.1/lib/python3.12/site-packages/airflow/example_dags/example_datasets.py took 0.192 seconds
[2026-05-06T23:41:27.396+0000] {processor.py:161} INFO - Started process (PID=25313) to work on /usr/local/python/3.12.1/lib/python3.12/site-packages/airflow/example_dags/example_datasets.py
[2026-05-06T23:41:27.396+0000] {processor.py:830} INFO - Processing file /usr/local/python/3.12.1/lib/python3.12/site-packages/airflow/example_dags/example_datasets.py for tasks to queue
[2026-05-06T23:41:27.398+0000] {logging_mixin.py:188} INFO - [2026-05-06T23:41:27.397+0000] {dagbag.py:545} INFO - Filling up the DagBag from /usr/local/python/3.12.1/lib/python3.12/site-packages/airflow/example_dags/example_datasets.py
[2026-05-06T23:41:27.408+0000] {processor.py:840} INFO - DAG(s) 'dataset_consumes_1_and_2', 'dataset_consumes_1', 'consume_1_and_2_with_dataset_expressions', 'consume_1_or_both_2_and_3_with_dataset_expressions', 'conditional_dataset_and_time_based_timetable', 'dataset_consumes_1_never_scheduled', 'dataset_produces_2', 'dataset_consumes_unknown_never_scheduled', 'dataset_produces_1', 'consume_1_or_2_with_dataset_expressions' retrieved from /usr/local/python/3.12.1/lib/python3.12/site-packages/airflow/example_dags/example_datasets.py
[2026-05-06T23:41:27.437+0000] {logging_mixin.py:188} INFO - [2026-05-06T23:41:27.437+0000] {dag.py:3096} INFO - Sync 10 DAGs
[2026-05-06T23:41:27.571+0000] {logging_mixin.py:188} INFO - [2026-05-06T23:41:27.571+0000] {dag.py:3954} INFO - Setting next_dagrun for conditional_dataset_and_time_based_timetable to 2026-05-06 01:00:00+00:00, run_after=2026-05-06 01:00:00+00:00
[2026-05-06T23:41:27.574+0000] {logging_mixin.py:188} INFO - [2026-05-06T23:41:27.574+0000] {dag.py:3954} INFO - Setting next_dagrun for consume_1_and_2_with_dataset_expressions to None, run_after=None
[2026-05-06T23:41:27.574+0000] {logging_mixin.py:188} INFO - [2026-05-06T23:41:27.574+0000] {dag.py:3954} INFO - Setting next_dagrun for consume_1_or_2_with_dataset_expressions to None, run_after=None
[2026-05-06T23:41:27.575+0000] {logging_mixin.py:188} INFO - [2026-05-06T23:41:27.575+0000] {dag.py:3954} INFO - Setting next_dagrun for consume_1_or_both_2_and_3_with_dataset_expressions to None, run_after=None
[2026-05-06T23:41:27.576+0000] {logging_mixin.py:188} INFO - [2026-05-06T23:41:27.576+0000] {dag.py:3954} INFO - Setting next_dagrun for dataset_consumes_1 to None, run_after=None
[2026-05-06T23:41:27.576+0000] {logging_mixin.py:188} INFO - [2026-05-06T23:41:27.576+0000] {dag.py:3954} INFO - Setting next_dagrun for dataset_consumes_1_and_2 to None, run_after=None
[2026-05-06T23:41:27.577+0000] {logging_mixin.py:188} INFO - [2026-05-06T23:41:27.577+0000] {dag.py:3954} INFO - Setting next_dagrun for dataset_consumes_1_never_scheduled to None, run_after=None
[2026-05-06T23:41:27.578+0000] {logging_mixin.py:188} INFO - [2026-05-06T23:41:27.578+0000] {dag.py:3954} INFO - Setting next_dagrun for dataset_consumes_unknown_never_scheduled to None, run_after=None
[2026-05-06T23:41:27.579+0000] {logging_mixin.py:188} INFO - [2026-05-06T23:41:27.579+0000] {dag.py:3954} INFO - Setting next_dagrun for dataset_produces_1 to 2026-05-05 00:00:00+00:00, run_after=2026-05-06 00:00:00+00:00
[2026-05-06T23:41:27.580+0000] {logging_mixin.py:188} INFO - [2026-05-06T23:41:27.580+0000] {dag.py:3954} INFO - Setting next_dagrun for dataset_produces_2 to None, run_after=None
[2026-05-06T23:41:27.602+0000] {processor.py:183} INFO - Processing /usr/local/python/3.12.1/lib/python3.12/site-packages/airflow/example_dags/example_datasets.py took 0.211 seconds
[2026-05-06T23:42:29.211+0000] {processor.py:161} INFO - Started process (PID=25782) to work on /usr/local/python/3.12.1/lib/python3.12/site-packages/airflow/example_dags/example_datasets.py
[2026-05-06T23:42:29.212+0000] {processor.py:830} INFO - Processing file /usr/local/python/3.12.1/lib/python3.12/site-packages/airflow/example_dags/example_datasets.py for tasks to queue
[2026-05-06T23:42:29.213+0000] {logging_mixin.py:188} INFO - [2026-05-06T23:42:29.213+0000] {dagbag.py:545} INFO - Filling up the DagBag from /usr/local/python/3.12.1/lib/python3.12/site-packages/airflow/example_dags/example_datasets.py
[2026-05-06T23:42:29.223+0000] {processor.py:840} INFO - DAG(s) 'conditional_dataset_and_time_based_timetable', 'consume_1_and_2_with_dataset_expressions', 'dataset_consumes_1_never_scheduled', 'dataset_consumes_1_and_2', 'dataset_produces_1', 'consume_1_or_both_2_and_3_with_dataset_expressions', 'dataset_consumes_1', 'consume_1_or_2_with_dataset_expressions', 'dataset_consumes_unknown_never_scheduled', 'dataset_produces_2' retrieved from /usr/local/python/3.12.1/lib/python3.12/site-packages/airflow/example_dags/example_datasets.py
[2026-05-06T23:42:29.253+0000] {logging_mixin.py:188} INFO - [2026-05-06T23:42:29.253+0000] {dag.py:3096} INFO - Sync 10 DAGs
[2026-05-06T23:42:29.271+0000] {logging_mixin.py:188} INFO - [2026-05-06T23:42:29.271+0000] {dag.py:3954} INFO - Setting next_dagrun for conditional_dataset_and_time_based_timetable to 2026-05-06 01:00:00+00:00, run_after=2026-05-06 01:00:00+00:00
[2026-05-06T23:42:29.274+0000] {logging_mixin.py:188} INFO - [2026-05-06T23:42:29.274+0000] {dag.py:3954} INFO - Setting next_dagrun for consume_1_and_2_with_dataset_expressions to None, run_after=None
[2026-05-06T23:42:29.275+0000] {logging_mixin.py:188} INFO - [2026-05-06T23:42:29.275+0000] {dag.py:3954} INFO - Setting next_dagrun for consume_1_or_2_with_dataset_expressions to None, run_after=None
[2026-05-06T23:42:29.276+0000] {logging_mixin.py:188} INFO - [2026-05-06T23:42:29.276+0000] {dag.py:3954} INFO - Setting next_dagrun for consume_1_or_both_2_and_3_with_dataset_expressions to None, run_after=None
[2026-05-06T23:42:29.276+0000] {logging_mixin.py:188} INFO - [2026-05-06T23:42:29.276+0000] {dag.py:3954} INFO - Setting next_dagrun for dataset_consumes_1 to None, run_after=None
[2026-05-06T23:42:29.277+0000] {logging_mixin.py:188} INFO - [2026-05-06T23:42:29.277+0000] {dag.py:3954} INFO - Setting next_dagrun for dataset_consumes_1_and_2 to None, run_after=None
[2026-05-06T23:42:29.278+0000] {logging_mixin.py:188} INFO - [2026-05-06T23:42:29.278+0000] {dag.py:3954} INFO - Setting next_dagrun for dataset_consumes_1_never_scheduled to None, run_after=None
[2026-05-06T23:42:29.278+0000] {logging_mixin.py:188} INFO - [2026-05-06T23:42:29.278+0000] {dag.py:3954} INFO - Setting next_dagrun for dataset_consumes_unknown_never_scheduled to None, run_after=None
[2026-05-06T23:42:29.280+0000] {logging_mixin.py:188} INFO - [2026-05-06T23:42:29.280+0000] {dag.py:3954} INFO - Setting next_dagrun for dataset_produces_1 to 2026-05-05 00:00:00+00:00, run_after=2026-05-06 00:00:00+00:00
[2026-05-06T23:42:29.281+0000] {logging_mixin.py:188} INFO - [2026-05-06T23:42:29.280+0000] {dag.py:3954} INFO - Setting next_dagrun for dataset_produces_2 to None, run_after=None
[2026-05-06T23:42:29.309+0000] {processor.py:183} INFO - Processing /usr/local/python/3.12.1/lib/python3.12/site-packages/airflow/example_dags/example_datasets.py took 0.103 seconds
[2026-05-06T23:43:31.008+0000] {processor.py:161} INFO - Started process (PID=26258) to work on /usr/local/python/3.12.1/lib/python3.12/site-packages/airflow/example_dags/example_datasets.py
[2026-05-06T23:43:31.009+0000] {processor.py:830} INFO - Processing file /usr/local/python/3.12.1/lib/python3.12/site-packages/airflow/example_dags/example_datasets.py for tasks to queue
[2026-05-06T23:43:31.010+0000] {logging_mixin.py:188} INFO - [2026-05-06T23:43:31.010+0000] {dagbag.py:545} INFO - Filling up the DagBag from /usr/local/python/3.12.1/lib/python3.12/site-packages/airflow/example_dags/example_datasets.py
[2026-05-06T23:43:31.020+0000] {processor.py:840} INFO - DAG(s) 'dataset_produces_1', 'dataset_produces_2', 'consume_1_or_both_2_and_3_with_dataset_expressions', 'consume_1_and_2_with_dataset_expressions', 'dataset_consumes_unknown_never_scheduled', 'conditional_dataset_and_time_based_timetable', 'dataset_consumes_1', 'dataset_consumes_1_never_scheduled', 'dataset_consumes_1_and_2', 'consume_1_or_2_with_dataset_expressions' retrieved from /usr/local/python/3.12.1/lib/python3.12/site-packages/airflow/example_dags/example_datasets.py
[2026-05-06T23:43:31.053+0000] {logging_mixin.py:188} INFO - [2026-05-06T23:43:31.052+0000] {dag.py:3096} INFO - Sync 10 DAGs
[2026-05-06T23:43:31.071+0000] {logging_mixin.py:188} INFO - [2026-05-06T23:43:31.070+0000] {dag.py:3954} INFO - Setting next_dagrun for conditional_dataset_and_time_based_timetable to 2026-05-06 01:00:00+00:00, run_after=2026-05-06 01:00:00+00:00
[2026-05-06T23:43:31.073+0000] {logging_mixin.py:188} INFO - [2026-05-06T23:43:31.073+0000] {dag.py:3954} INFO - Setting next_dagrun for consume_1_and_2_with_dataset_expressions to None, run_after=None
[2026-05-06T23:43:31.074+0000] {logging_mixin.py:188} INFO - [2026-05-06T23:43:31.074+0000] {dag.py:3954} INFO - Setting next_dagrun for consume_1_or_2_with_dataset_expressions to None, run_after=None
[2026-05-06T23:43:31.075+0000] {logging_mixin.py:188} INFO - [2026-05-06T23:43:31.075+0000] {dag.py:3954} INFO - Setting next_dagrun for consume_1_or_both_2_and_3_with_dataset_expressions to None, run_after=None
[2026-05-06T23:43:31.076+0000] {logging_mixin.py:188} INFO - [2026-05-06T23:43:31.075+0000] {dag.py:3954} INFO - Setting next_dagrun for dataset_consumes_1 to None, run_after=None
[2026-05-06T23:43:31.076+0000] {logging_mixin.py:188} INFO - [2026-05-06T23:43:31.076+0000] {dag.py:3954} INFO - Setting next_dagrun for dataset_consumes_1_and_2 to None, run_after=None
[2026-05-06T23:43:31.077+0000] {logging_mixin.py:188} INFO - [2026-05-06T23:43:31.077+0000] {dag.py:3954} INFO - Setting next_dagrun for dataset_consumes_1_never_scheduled to None, run_after=None
[2026-05-06T23:43:31.078+0000] {logging_mixin.py:188} INFO - [2026-05-06T23:43:31.077+0000] {dag.py:3954} INFO - Setting next_dagrun for dataset_consumes_unknown_never_scheduled to None, run_after=None
[2026-05-06T23:43:31.079+0000] {logging_mixin.py:188} INFO - [2026-05-06T23:43:31.079+0000] {dag.py:3954} INFO - Setting next_dagrun for dataset_produces_1 to 2026-05-05 00:00:00+00:00, run_after=2026-05-06 00:00:00+00:00
[2026-05-06T23:43:31.080+0000] {logging_mixin.py:188} INFO - [2026-05-06T23:43:31.080+0000] {dag.py:3954} INFO - Setting next_dagrun for dataset_produces_2 to None, run_after=None
[2026-05-06T23:43:31.102+0000] {processor.py:183} INFO - Processing /usr/local/python/3.12.1/lib/python3.12/site-packages/airflow/example_dags/example_datasets.py took 0.099 seconds
[2026-05-06T23:44:29.235+0000] {processor.py:161} INFO - Started process (PID=26720) to work on /usr/local/python/3.12.1/lib/python3.12/site-packages/airflow/example_dags/example_datasets.py
[2026-05-06T23:44:29.236+0000] {processor.py:830} INFO - Processing file /usr/local/python/3.12.1/lib/python3.12/site-packages/airflow/example_dags/example_datasets.py for tasks to queue
[2026-05-06T23:44:29.238+0000] {logging_mixin.py:188} INFO - [2026-05-06T23:44:29.237+0000] {dagbag.py:545} INFO - Filling up the DagBag from /usr/local/python/3.12.1/lib/python3.12/site-packages/airflow/example_dags/example_datasets.py
[2026-05-06T23:44:29.248+0000] {processor.py:840} INFO - DAG(s) 'dataset_produces_1', 'conditional_dataset_and_time_based_timetable', 'dataset_consumes_1_never_scheduled', 'dataset_consumes_unknown_never_scheduled', 'dataset_consumes_1', 'dataset_consumes_1_and_2', 'dataset_produces_2', 'consume_1_and_2_with_dataset_expressions', 'consume_1_or_both_2_and_3_with_dataset_expressions', 'consume_1_or_2_with_dataset_expressions' retrieved from /usr/local/python/3.12.1/lib/python3.12/site-packages/airflow/example_dags/example_datasets.py
[2026-05-06T23:44:29.277+0000] {logging_mixin.py:188} INFO - [2026-05-06T23:44:29.277+0000] {dag.py:3096} INFO - Sync 10 DAGs
[2026-05-06T23:44:29.294+0000] {logging_mixin.py:188} INFO - [2026-05-06T23:44:29.294+0000] {dag.py:3954} INFO - Setting next_dagrun for conditional_dataset_and_time_based_timetable to 2026-05-06 01:00:00+00:00, run_after=2026-05-06 01:00:00+00:00
[2026-05-06T23:44:29.297+0000] {logging_mixin.py:188} INFO - [2026-05-06T23:44:29.297+0000] {dag.py:3954} INFO - Setting next_dagrun for consume_1_and_2_with_dataset_expressions to None, run_after=None
[2026-05-06T23:44:29.298+0000] {logging_mixin.py:188} INFO - [2026-05-06T23:44:29.298+0000] {dag.py:3954} INFO - Setting next_dagrun for consume_1_or_2_with_dataset_expressions to None, run_after=None
[2026-05-06T23:44:29.298+0000] {logging_mixin.py:188} INFO - [2026-05-06T23:44:29.298+0000] {dag.py:3954} INFO - Setting next_dagrun for consume_1_or_both_2_and_3_with_dataset_expressions to None, run_after=None
[2026-05-06T23:44:29.300+0000] {logging_mixin.py:188} INFO - [2026-05-06T23:44:29.300+0000] {dag.py:3954} INFO - Setting next_dagrun for dataset_consumes_1 to None, run_after=None
[2026-05-06T23:44:29.301+0000] {logging_mixin.py:188} INFO - [2026-05-06T23:44:29.301+0000] {dag.py:3954} INFO - Setting next_dagrun for dataset_consumes_1_and_2 to None, run_after=None
[2026-05-06T23:44:29.302+0000] {logging_mixin.py:188} INFO - [2026-05-06T23:44:29.301+0000] {dag.py:3954} INFO - Setting next_dagrun for dataset_consumes_1_never_scheduled to None, run_after=None
[2026-05-06T23:44:29.302+0000] {logging_mixin.py:188} INFO - [2026-05-06T23:44:29.302+0000] {dag.py:3954} INFO - Setting next_dagrun for dataset_consumes_unknown_never_scheduled to None, run_after=None
[2026-05-06T23:44:29.304+0000] {logging_mixin.py:188} INFO - [2026-05-06T23:44:29.304+0000] {dag.py:3954} INFO - Setting next_dagrun for dataset_produces_1 to 2026-05-05 00:00:00+00:00, run_after=2026-05-06 00:00:00+00:00
[2026-05-06T23:44:29.304+0000] {logging_mixin.py:188} INFO - [2026-05-06T23:44:29.304+0000] {dag.py:3954} INFO - Setting next_dagrun for dataset_produces_2 to None, run_after=None
[2026-05-06T23:44:29.326+0000] {processor.py:183} INFO - Processing /usr/local/python/3.12.1/lib/python3.12/site-packages/airflow/example_dags/example_datasets.py took 0.096 seconds
[2026-05-06T23:45:25.547+0000] {processor.py:161} INFO - Started process (PID=27169) to work on /usr/local/python/3.12.1/lib/python3.12/site-packages/airflow/example_dags/example_datasets.py
[2026-05-06T23:45:25.548+0000] {processor.py:830} INFO - Processing file /usr/local/python/3.12.1/lib/python3.12/site-packages/airflow/example_dags/example_datasets.py for tasks to queue
[2026-05-06T23:45:25.549+0000] {logging_mixin.py:188} INFO - [2026-05-06T23:45:25.549+0000] {dagbag.py:545} INFO - Filling up the DagBag from /usr/local/python/3.12.1/lib/python3.12/site-packages/airflow/example_dags/example_datasets.py
[2026-05-06T23:45:25.559+0000] {processor.py:840} INFO - DAG(s) 'consume_1_or_both_2_and_3_with_dataset_expressions', 'dataset_consumes_1', 'dataset_consumes_unknown_never_scheduled', 'consume_1_or_2_with_dataset_expressions', 'dataset_produces_2', 'consume_1_and_2_with_dataset_expressions', 'dataset_consumes_1_never_scheduled', 'dataset_produces_1', 'conditional_dataset_and_time_based_timetable', 'dataset_consumes_1_and_2' retrieved from /usr/local/python/3.12.1/lib/python3.12/site-packages/airflow/example_dags/example_datasets.py
[2026-05-06T23:45:25.588+0000] {logging_mixin.py:188} INFO - [2026-05-06T23:45:25.587+0000] {dag.py:3096} INFO - Sync 10 DAGs
[2026-05-06T23:45:25.605+0000] {logging_mixin.py:188} INFO - [2026-05-06T23:45:25.605+0000] {dag.py:3954} INFO - Setting next_dagrun for conditional_dataset_and_time_based_timetable to 2026-05-06 01:00:00+00:00, run_after=2026-05-06 01:00:00+00:00
[2026-05-06T23:45:25.608+0000] {logging_mixin.py:188} INFO - [2026-05-06T23:45:25.608+0000] {dag.py:3954} INFO - Setting next_dagrun for consume_1_and_2_with_dataset_expressions to None, run_after=None
[2026-05-06T23:45:25.609+0000] {logging_mixin.py:188} INFO - [2026-05-06T23:45:25.608+0000] {dag.py:3954} INFO - Setting next_dagrun for consume_1_or_2_with_dataset_expressions to None, run_after=None
[2026-05-06T23:45:25.609+0000] {logging_mixin.py:188} INFO - [2026-05-06T23:45:25.609+0000] {dag.py:3954} INFO - Setting next_dagrun for consume_1_or_both_2_and_3_with_dataset_expressions to None, run_after=None
[2026-05-06T23:45:25.610+0000] {logging_mixin.py:188} INFO - [2026-05-06T23:45:25.610+0000] {dag.py:3954} INFO - Setting next_dagrun for dataset_consumes_1 to None, run_after=None
[2026-05-06T23:45:25.611+0000] {logging_mixin.py:188} INFO - [2026-05-06T23:45:25.611+0000] {dag.py:3954} INFO - Setting next_dagrun for dataset_consumes_1_and_2 to None, run_after=None
[2026-05-06T23:45:25.611+0000] {logging_mixin.py:188} INFO - [2026-05-06T23:45:25.611+0000] {dag.py:3954} INFO - Setting next_dagrun for dataset_consumes_1_never_scheduled to None, run_after=None
[2026-05-06T23:45:25.612+0000] {logging_mixin.py:188} INFO - [2026-05-06T23:45:25.612+0000] {dag.py:3954} INFO - Setting next_dagrun for dataset_consumes_unknown_never_scheduled to None, run_after=None
[2026-05-06T23:45:25.613+0000] {logging_mixin.py:188} INFO - [2026-05-06T23:45:25.613+0000] {dag.py:3954} INFO - Setting next_dagrun for dataset_produces_1 to 2026-05-05 00:00:00+00:00, run_after=2026-05-06 00:00:00+00:00
[2026-05-06T23:45:25.614+0000] {logging_mixin.py:188} INFO - [2026-05-06T23:45:25.614+0000] {dag.py:3954} INFO - Setting next_dagrun for dataset_produces_2 to None, run_after=None
[2026-05-06T23:45:25.638+0000] {processor.py:183} INFO - Processing /usr/local/python/3.12.1/lib/python3.12/site-packages/airflow/example_dags/example_datasets.py took 0.097 seconds
[2026-05-06T23:46:27.366+0000] {processor.py:161} INFO - Started process (PID=27648) to work on /usr/local/python/3.12.1/lib/python3.12/site-packages/airflow/example_dags/example_datasets.py
[2026-05-06T23:46:27.367+0000] {processor.py:830} INFO - Processing file /usr/local/python/3.12.1/lib/python3.12/site-packages/airflow/example_dags/example_datasets.py for tasks to queue
[2026-05-06T23:46:27.369+0000] {logging_mixin.py:188} INFO - [2026-05-06T23:46:27.368+0000] {dagbag.py:545} INFO - Filling up the DagBag from /usr/local/python/3.12.1/lib/python3.12/site-packages/airflow/example_dags/example_datasets.py
[2026-05-06T23:46:27.379+0000] {processor.py:840} INFO - DAG(s) 'consume_1_or_2_with_dataset_expressions', 'conditional_dataset_and_time_based_timetable', 'dataset_produces_2', 'consume_1_or_both_2_and_3_with_dataset_expressions', 'dataset_consumes_1_never_scheduled', 'dataset_consumes_1', 'dataset_consumes_1_and_2', 'dataset_produces_1', 'consume_1_and_2_with_dataset_expressions', 'dataset_consumes_unknown_never_scheduled' retrieved from /usr/local/python/3.12.1/lib/python3.12/site-packages/airflow/example_dags/example_datasets.py
[2026-05-06T23:46:27.408+0000] {logging_mixin.py:188} INFO - [2026-05-06T23:46:27.408+0000] {dag.py:3096} INFO - Sync 10 DAGs
[2026-05-06T23:46:27.433+0000] {logging_mixin.py:188} INFO - [2026-05-06T23:46:27.432+0000] {dag.py:3954} INFO - Setting next_dagrun for conditional_dataset_and_time_based_timetable to 2026-05-06 01:00:00+00:00, run_after=2026-05-06 01:00:00+00:00
[2026-05-06T23:46:27.437+0000] {logging_mixin.py:188} INFO - [2026-05-06T23:46:27.437+0000] {dag.py:3954} INFO - Setting next_dagrun for consume_1_and_2_with_dataset_expressions to None, run_after=None
[2026-05-06T23:46:27.441+0000] {logging_mixin.py:188} INFO - [2026-05-06T23:46:27.441+0000] {dag.py:3954} INFO - Setting next_dagrun for consume_1_or_2_with_dataset_expressions to None, run_after=None
[2026-05-06T23:46:27.442+0000] {logging_mixin.py:188} INFO - [2026-05-06T23:46:27.442+0000] {dag.py:3954} INFO - Setting next_dagrun for consume_1_or_both_2_and_3_with_dataset_expressions to None, run_after=None
[2026-05-06T23:46:27.443+0000] {logging_mixin.py:188} INFO - [2026-05-06T23:46:27.443+0000] {dag.py:3954} INFO - Setting next_dagrun for dataset_consumes_1 to None, run_after=None
[2026-05-06T23:46:27.444+0000] {logging_mixin.py:188} INFO - [2026-05-06T23:46:27.444+0000] {dag.py:3954} INFO - Setting next_dagrun for dataset_consumes_1_and_2 to None, run_after=None
[2026-05-06T23:46:27.445+0000] {logging_mixin.py:188} INFO - [2026-05-06T23:46:27.445+0000] {dag.py:3954} INFO - Setting next_dagrun for dataset_consumes_1_never_scheduled to None, run_after=None
[2026-05-06T23:46:27.446+0000] {logging_mixin.py:188} INFO - [2026-05-06T23:46:27.446+0000] {dag.py:3954} INFO - Setting next_dagrun for dataset_consumes_unknown_never_scheduled to None, run_after=None
[2026-05-06T23:46:27.449+0000] {logging_mixin.py:188} INFO - [2026-05-06T23:46:27.449+0000] {dag.py:3954} INFO - Setting next_dagrun for dataset_produces_1 to 2026-05-05 00:00:00+00:00, run_after=2026-05-06 00:00:00+00:00
[2026-05-06T23:46:27.450+0000] {logging_mixin.py:188} INFO - [2026-05-06T23:46:27.450+0000] {dag.py:3954} INFO - Setting next_dagrun for dataset_produces_2 to None, run_after=None
[2026-05-06T23:46:27.495+0000] {processor.py:183} INFO - Processing /usr/local/python/3.12.1/lib/python3.12/site-packages/airflow/example_dags/example_datasets.py took 0.134 seconds
[2026-05-06T23:47:24.352+0000] {processor.py:161} INFO - Started process (PID=28085) to work on /usr/local/python/3.12.1/lib/python3.12/site-packages/airflow/example_dags/example_datasets.py
[2026-05-06T23:47:24.353+0000] {processor.py:830} INFO - Processing file /usr/local/python/3.12.1/lib/python3.12/site-packages/airflow/example_dags/example_datasets.py for tasks to queue
[2026-05-06T23:47:24.355+0000] {logging_mixin.py:188} INFO - [2026-05-06T23:47:24.354+0000] {dagbag.py:545} INFO - Filling up the DagBag from /usr/local/python/3.12.1/lib/python3.12/site-packages/airflow/example_dags/example_datasets.py
[2026-05-06T23:47:24.365+0000] {processor.py:840} INFO - DAG(s) 'dataset_produces_1', 'consume_1_or_both_2_and_3_with_dataset_expressions', 'dataset_produces_2', 'consume_1_and_2_with_dataset_expressions', 'conditional_dataset_and_time_based_timetable', 'consume_1_or_2_with_dataset_expressions', 'dataset_consumes_1', 'dataset_consumes_1_and_2', 'dataset_consumes_unknown_never_scheduled', 'dataset_consumes_1_never_scheduled' retrieved from /usr/local/python/3.12.1/lib/python3.12/site-packages/airflow/example_dags/example_datasets.py
[2026-05-06T23:47:24.394+0000] {logging_mixin.py:188} INFO - [2026-05-06T23:47:24.394+0000] {dag.py:3096} INFO - Sync 10 DAGs
[2026-05-06T23:47:24.412+0000] {logging_mixin.py:188} INFO - [2026-05-06T23:47:24.412+0000] {dag.py:3954} INFO - Setting next_dagrun for conditional_dataset_and_time_based_timetable to 2026-05-06 01:00:00+00:00, run_after=2026-05-06 01:00:00+00:00
[2026-05-06T23:47:24.415+0000] {logging_mixin.py:188} INFO - [2026-05-06T23:47:24.414+0000] {dag.py:3954} INFO - Setting next_dagrun for consume_1_and_2_with_dataset_expressions to None, run_after=None
[2026-05-06T23:47:24.416+0000] {logging_mixin.py:188} INFO - [2026-05-06T23:47:24.415+0000] {dag.py:3954} INFO - Setting next_dagrun for consume_1_or_2_with_dataset_expressions to None, run_after=None
[2026-05-06T23:47:24.416+0000] {logging_mixin.py:188} INFO - [2026-05-06T23:47:24.416+0000] {dag.py:3954} INFO - Setting next_dagrun for consume_1_or_both_2_and_3_with_dataset_expressions to None, run_after=None
[2026-05-06T23:47:24.417+0000] {logging_mixin.py:188} INFO - [2026-05-06T23:47:24.417+0000] {dag.py:3954} INFO - Setting next_dagrun for dataset_consumes_1 to None, run_after=None
[2026-05-06T23:47:24.418+0000] {logging_mixin.py:188} INFO - [2026-05-06T23:47:24.418+0000] {dag.py:3954} INFO - Setting next_dagrun for dataset_consumes_1_and_2 to None, run_after=None
[2026-05-06T23:47:24.418+0000] {logging_mixin.py:188} INFO - [2026-05-06T23:47:24.418+0000] {dag.py:3954} INFO - Setting next_dagrun for dataset_consumes_1_never_scheduled to None, run_after=None
[2026-05-06T23:47:24.419+0000] {logging_mixin.py:188} INFO - [2026-05-06T23:47:24.419+0000] {dag.py:3954} INFO - Setting next_dagrun for dataset_consumes_unknown_never_scheduled to None, run_after=None
[2026-05-06T23:47:24.421+0000] {logging_mixin.py:188} INFO - [2026-05-06T23:47:24.420+0000] {dag.py:3954} INFO - Setting next_dagrun for dataset_produces_1 to 2026-05-05 00:00:00+00:00, run_after=2026-05-06 00:00:00+00:00
[2026-05-06T23:47:24.421+0000] {logging_mixin.py:188} INFO - [2026-05-06T23:47:24.421+0000] {dag.py:3954} INFO - Setting next_dagrun for dataset_produces_2 to None, run_after=None
[2026-05-06T23:47:24.446+0000] {processor.py:183} INFO - Processing /usr/local/python/3.12.1/lib/python3.12/site-packages/airflow/example_dags/example_datasets.py took 0.099 seconds
[2026-05-06T23:48:25.730+0000] {processor.py:161} INFO - Started process (PID=28561) to work on /usr/local/python/3.12.1/lib/python3.12/site-packages/airflow/example_dags/example_datasets.py
[2026-05-06T23:48:25.731+0000] {processor.py:830} INFO - Processing file /usr/local/python/3.12.1/lib/python3.12/site-packages/airflow/example_dags/example_datasets.py for tasks to queue
[2026-05-06T23:48:25.733+0000] {logging_mixin.py:188} INFO - [2026-05-06T23:48:25.733+0000] {dagbag.py:545} INFO - Filling up the DagBag from /usr/local/python/3.12.1/lib/python3.12/site-packages/airflow/example_dags/example_datasets.py
[2026-05-06T23:48:25.744+0000] {processor.py:840} INFO - DAG(s) 'consume_1_or_2_with_dataset_expressions', 'dataset_produces_1', 'dataset_consumes_unknown_never_scheduled', 'consume_1_or_both_2_and_3_with_dataset_expressions', 'conditional_dataset_and_time_based_timetable', 'dataset_consumes_1_and_2', 'consume_1_and_2_with_dataset_expressions', 'dataset_produces_2', 'dataset_consumes_1', 'dataset_consumes_1_never_scheduled' retrieved from /usr/local/python/3.12.1/lib/python3.12/site-packages/airflow/example_dags/example_datasets.py
[2026-05-06T23:48:25.773+0000] {logging_mixin.py:188} INFO - [2026-05-06T23:48:25.773+0000] {dag.py:3096} INFO - Sync 10 DAGs
[2026-05-06T23:48:25.790+0000] {logging_mixin.py:188} INFO - [2026-05-06T23:48:25.790+0000] {dag.py:3954} INFO - Setting next_dagrun for conditional_dataset_and_time_based_timetable to 2026-05-06 01:00:00+00:00, run_after=2026-05-06 01:00:00+00:00
[2026-05-06T23:48:25.793+0000] {logging_mixin.py:188} INFO - [2026-05-06T23:48:25.793+0000] {dag.py:3954} INFO - Setting next_dagrun for consume_1_and_2_with_dataset_expressions to None, run_after=None
[2026-05-06T23:48:25.794+0000] {logging_mixin.py:188} INFO - [2026-05-06T23:48:25.794+0000] {dag.py:3954} INFO - Setting next_dagrun for consume_1_or_2_with_dataset_expressions to None, run_after=None
[2026-05-06T23:48:25.794+0000] {logging_mixin.py:188} INFO - [2026-05-06T23:48:25.794+0000] {dag.py:3954} INFO - Setting next_dagrun for consume_1_or_both_2_and_3_with_dataset_expressions to None, run_after=None
[2026-05-06T23:48:25.795+0000] {logging_mixin.py:188} INFO - [2026-05-06T23:48:25.795+0000] {dag.py:3954} INFO - Setting next_dagrun for dataset_consumes_1 to None, run_after=None
[2026-05-06T23:48:25.796+0000] {logging_mixin.py:188} INFO - [2026-05-06T23:48:25.796+0000] {dag.py:3954} INFO - Setting next_dagrun for dataset_consumes_1_and_2 to None, run_after=None
[2026-05-06T23:48:25.796+0000] {logging_mixin.py:188} INFO - [2026-05-06T23:48:25.796+0000] {dag.py:3954} INFO - Setting next_dagrun for dataset_consumes_1_never_scheduled to None, run_after=None
[2026-05-06T23:48:25.797+0000] {logging_mixin.py:188} INFO - [2026-05-06T23:48:25.797+0000] {dag.py:3954} INFO - Setting next_dagrun for dataset_consumes_unknown_never_scheduled to None, run_after=None
[2026-05-06T23:48:25.799+0000] {logging_mixin.py:188} INFO - [2026-05-06T23:48:25.798+0000] {dag.py:3954} INFO - Setting next_dagrun for dataset_produces_1 to 2026-05-05 00:00:00+00:00, run_after=2026-05-06 00:00:00+00:00
[2026-05-06T23:48:25.799+0000] {logging_mixin.py:188} INFO - [2026-05-06T23:48:25.799+0000] {dag.py:3954} INFO - Setting next_dagrun for dataset_produces_2 to None, run_after=None
[2026-05-06T23:48:25.821+0000] {processor.py:183} INFO - Processing /usr/local/python/3.12.1/lib/python3.12/site-packages/airflow/example_dags/example_datasets.py took 0.098 seconds
[2026-05-06T23:49:23.352+0000] {processor.py:161} INFO - Started process (PID=29022) to work on /usr/local/python/3.12.1/lib/python3.12/site-packages/airflow/example_dags/example_datasets.py
[2026-05-06T23:49:23.352+0000] {processor.py:830} INFO - Processing file /usr/local/python/3.12.1/lib/python3.12/site-packages/airflow/example_dags/example_datasets.py for tasks to queue
[2026-05-06T23:49:23.354+0000] {logging_mixin.py:188} INFO - [2026-05-06T23:49:23.353+0000] {dagbag.py:545} INFO - Filling up the DagBag from /usr/local/python/3.12.1/lib/python3.12/site-packages/airflow/example_dags/example_datasets.py
[2026-05-06T23:49:23.365+0000] {processor.py:840} INFO - DAG(s) 'dataset_consumes_1', 'consume_1_and_2_with_dataset_expressions', 'dataset_consumes_1_never_scheduled', 'conditional_dataset_and_time_based_timetable', 'dataset_consumes_unknown_never_scheduled', 'dataset_consumes_1_and_2', 'consume_1_or_2_with_dataset_expressions', 'dataset_produces_2', 'dataset_produces_1', 'consume_1_or_both_2_and_3_with_dataset_expressions' retrieved from /usr/local/python/3.12.1/lib/python3.12/site-packages/airflow/example_dags/example_datasets.py
[2026-05-06T23:49:23.393+0000] {logging_mixin.py:188} INFO - [2026-05-06T23:49:23.393+0000] {dag.py:3096} INFO - Sync 10 DAGs
[2026-05-06T23:49:23.411+0000] {logging_mixin.py:188} INFO - [2026-05-06T23:49:23.411+0000] {dag.py:3954} INFO - Setting next_dagrun for conditional_dataset_and_time_based_timetable to 2026-05-06 01:00:00+00:00, run_after=2026-05-06 01:00:00+00:00
[2026-05-06T23:49:23.414+0000] {logging_mixin.py:188} INFO - [2026-05-06T23:49:23.414+0000] {dag.py:3954} INFO - Setting next_dagrun for consume_1_and_2_with_dataset_expressions to None, run_after=None
[2026-05-06T23:49:23.415+0000] {logging_mixin.py:188} INFO - [2026-05-06T23:49:23.415+0000] {dag.py:3954} INFO - Setting next_dagrun for consume_1_or_2_with_dataset_expressions to None, run_after=None
[2026-05-06T23:49:23.415+0000] {logging_mixin.py:188} INFO - [2026-05-06T23:49:23.415+0000] {dag.py:3954} INFO - Setting next_dagrun for consume_1_or_both_2_and_3_with_dataset_expressions to None, run_after=None
[2026-05-06T23:49:23.416+0000] {logging_mixin.py:188} INFO - [2026-05-06T23:49:23.416+0000] {dag.py:3954} INFO - Setting next_dagrun for dataset_consumes_1 to None, run_after=None
[2026-05-06T23:49:23.417+0000] {logging_mixin.py:188} INFO - [2026-05-06T23:49:23.417+0000] {dag.py:3954} INFO - Setting next_dagrun for dataset_consumes_1_and_2 to None, run_after=None
[2026-05-06T23:49:23.418+0000] {logging_mixin.py:188} INFO - [2026-05-06T23:49:23.417+0000] {dag.py:3954} INFO - Setting next_dagrun for dataset_consumes_1_never_scheduled to None, run_after=None
[2026-05-06T23:49:23.418+0000] {logging_mixin.py:188} INFO - [2026-05-06T23:49:23.418+0000] {dag.py:3954} INFO - Setting next_dagrun for dataset_consumes_unknown_never_scheduled to None, run_after=None
[2026-05-06T23:49:23.420+0000] {logging_mixin.py:188} INFO - [2026-05-06T23:49:23.420+0000] {dag.py:3954} INFO - Setting next_dagrun for dataset_produces_1 to 2026-05-05 00:00:00+00:00, run_after=2026-05-06 00:00:00+00:00
[2026-05-06T23:49:23.420+0000] {logging_mixin.py:188} INFO - [2026-05-06T23:49:23.420+0000] {dag.py:3954} INFO - Setting next_dagrun for dataset_produces_2 to None, run_after=None
[2026-05-06T23:49:23.444+0000] {processor.py:183} INFO - Processing /usr/local/python/3.12.1/lib/python3.12/site-packages/airflow/example_dags/example_datasets.py took 0.097 seconds
[2026-05-06T23:50:18.312+0000] {processor.py:161} INFO - Started process (PID=29443) to work on /usr/local/python/3.12.1/lib/python3.12/site-packages/airflow/example_dags/example_datasets.py
[2026-05-06T23:50:18.312+0000] {processor.py:830} INFO - Processing file /usr/local/python/3.12.1/lib/python3.12/site-packages/airflow/example_dags/example_datasets.py for tasks to queue
[2026-05-06T23:50:18.314+0000] {logging_mixin.py:188} INFO - [2026-05-06T23:50:18.314+0000] {dagbag.py:545} INFO - Filling up the DagBag from /usr/local/python/3.12.1/lib/python3.12/site-packages/airflow/example_dags/example_datasets.py
[2026-05-06T23:50:18.324+0000] {processor.py:840} INFO - DAG(s) 'dataset_produces_1', 'consume_1_or_both_2_and_3_with_dataset_expressions', 'dataset_produces_2', 'consume_1_or_2_with_dataset_expressions', 'dataset_consumes_1_never_scheduled', 'dataset_consumes_unknown_never_scheduled', 'conditional_dataset_and_time_based_timetable', 'dataset_consumes_1', 'dataset_consumes_1_and_2', 'consume_1_and_2_with_dataset_expressions' retrieved from /usr/local/python/3.12.1/lib/python3.12/site-packages/airflow/example_dags/example_datasets.py
[2026-05-06T23:50:18.354+0000] {logging_mixin.py:188} INFO - [2026-05-06T23:50:18.353+0000] {dag.py:3096} INFO - Sync 10 DAGs
[2026-05-06T23:50:18.385+0000] {logging_mixin.py:188} INFO - [2026-05-06T23:50:18.384+0000] {dag.py:3954} INFO - Setting next_dagrun for conditional_dataset_and_time_based_timetable to 2026-05-06 01:00:00+00:00, run_after=2026-05-06 01:00:00+00:00
[2026-05-06T23:50:18.390+0000] {logging_mixin.py:188} INFO - [2026-05-06T23:50:18.390+0000] {dag.py:3954} INFO - Setting next_dagrun for consume_1_and_2_with_dataset_expressions to None, run_after=None
[2026-05-06T23:50:18.392+0000] {logging_mixin.py:188} INFO - [2026-05-06T23:50:18.392+0000] {dag.py:3954} INFO - Setting next_dagrun for consume_1_or_2_with_dataset_expressions to None, run_after=None
[2026-05-06T23:50:18.393+0000] {logging_mixin.py:188} INFO - [2026-05-06T23:50:18.393+0000] {dag.py:3954} INFO - Setting next_dagrun for consume_1_or_both_2_and_3_with_dataset_expressions to None, run_after=None
[2026-05-06T23:50:18.397+0000] {logging_mixin.py:188} INFO - [2026-05-06T23:50:18.397+0000] {dag.py:3954} INFO - Setting next_dagrun for dataset_consumes_1 to None, run_after=None
[2026-05-06T23:50:18.398+0000] {logging_mixin.py:188} INFO - [2026-05-06T23:50:18.398+0000] {dag.py:3954} INFO - Setting next_dagrun for dataset_consumes_1_and_2 to None, run_after=None
[2026-05-06T23:50:18.400+0000] {logging_mixin.py:188} INFO - [2026-05-06T23:50:18.399+0000] {dag.py:3954} INFO - Setting next_dagrun for dataset_consumes_1_never_scheduled to None, run_after=None
[2026-05-06T23:50:18.401+0000] {logging_mixin.py:188} INFO - [2026-05-06T23:50:18.401+0000] {dag.py:3954} INFO - Setting next_dagrun for dataset_consumes_unknown_never_scheduled to None, run_after=None
[2026-05-06T23:50:18.404+0000] {logging_mixin.py:188} INFO - [2026-05-06T23:50:18.404+0000] {dag.py:3954} INFO - Setting next_dagrun for dataset_produces_1 to 2026-05-05 00:00:00+00:00, run_after=2026-05-06 00:00:00+00:00
[2026-05-06T23:50:18.406+0000] {logging_mixin.py:188} INFO - [2026-05-06T23:50:18.406+0000] {dag.py:3954} INFO - Setting next_dagrun for dataset_produces_2 to None, run_after=None
[2026-05-06T23:50:18.432+0000] {processor.py:183} INFO - Processing /usr/local/python/3.12.1/lib/python3.12/site-packages/airflow/example_dags/example_datasets.py took 0.126 seconds
[2026-05-06T23:51:18.870+0000] {processor.py:161} INFO - Started process (PID=29906) to work on /usr/local/python/3.12.1/lib/python3.12/site-packages/airflow/example_dags/example_datasets.py
[2026-05-06T23:51:18.875+0000] {processor.py:830} INFO - Processing file /usr/local/python/3.12.1/lib/python3.12/site-packages/airflow/example_dags/example_datasets.py for tasks to queue
[2026-05-06T23:51:18.877+0000] {logging_mixin.py:188} INFO - [2026-05-06T23:51:18.877+0000] {dagbag.py:545} INFO - Filling up the DagBag from /usr/local/python/3.12.1/lib/python3.12/site-packages/airflow/example_dags/example_datasets.py
[2026-05-06T23:51:18.895+0000] {processor.py:840} INFO - DAG(s) 'conditional_dataset_and_time_based_timetable', 'dataset_produces_1', 'dataset_produces_2', 'dataset_consumes_1', 'dataset_consumes_unknown_never_scheduled', 'consume_1_or_both_2_and_3_with_dataset_expressions', 'consume_1_or_2_with_dataset_expressions', 'dataset_consumes_1_and_2', 'consume_1_and_2_with_dataset_expressions', 'dataset_consumes_1_never_scheduled' retrieved from /usr/local/python/3.12.1/lib/python3.12/site-packages/airflow/example_dags/example_datasets.py
[2026-05-06T23:51:18.930+0000] {logging_mixin.py:188} INFO - [2026-05-06T23:51:18.930+0000] {dag.py:3096} INFO - Sync 10 DAGs
[2026-05-06T23:51:18.955+0000] {logging_mixin.py:188} INFO - [2026-05-06T23:51:18.955+0000] {dag.py:3954} INFO - Setting next_dagrun for conditional_dataset_and_time_based_timetable to 2026-05-06 01:00:00+00:00, run_after=2026-05-06 01:00:00+00:00
[2026-05-06T23:51:18.959+0000] {logging_mixin.py:188} INFO - [2026-05-06T23:51:18.959+0000] {dag.py:3954} INFO - Setting next_dagrun for consume_1_and_2_with_dataset_expressions to None, run_after=None
[2026-05-06T23:51:18.960+0000] {logging_mixin.py:188} INFO - [2026-05-06T23:51:18.959+0000] {dag.py:3954} INFO - Setting next_dagrun for consume_1_or_2_with_dataset_expressions to None, run_after=None
[2026-05-06T23:51:18.960+0000] {logging_mixin.py:188} INFO - [2026-05-06T23:51:18.960+0000] {dag.py:3954} INFO - Setting next_dagrun for consume_1_or_both_2_and_3_with_dataset_expressions to None, run_after=None
[2026-05-06T23:51:18.961+0000] {logging_mixin.py:188} INFO - [2026-05-06T23:51:18.961+0000] {dag.py:3954} INFO - Setting next_dagrun for dataset_consumes_1 to None, run_after=None
[2026-05-06T23:51:18.962+0000] {logging_mixin.py:188} INFO - [2026-05-06T23:51:18.962+0000] {dag.py:3954} INFO - Setting next_dagrun for dataset_consumes_1_and_2 to None, run_after=None
[2026-05-06T23:51:18.963+0000] {logging_mixin.py:188} INFO - [2026-05-06T23:51:18.962+0000] {dag.py:3954} INFO - Setting next_dagrun for dataset_consumes_1_never_scheduled to None, run_after=None
[2026-05-06T23:51:18.963+0000] {logging_mixin.py:188} INFO - [2026-05-06T23:51:18.963+0000] {dag.py:3954} INFO - Setting next_dagrun for dataset_consumes_unknown_never_scheduled to None, run_after=None
[2026-05-06T23:51:18.965+0000] {logging_mixin.py:188} INFO - [2026-05-06T23:51:18.965+0000] {dag.py:3954} INFO - Setting next_dagrun for dataset_produces_1 to 2026-05-05 00:00:00+00:00, run_after=2026-05-06 00:00:00+00:00
[2026-05-06T23:51:18.965+0000] {logging_mixin.py:188} INFO - [2026-05-06T23:51:18.965+0000] {dag.py:3954} INFO - Setting next_dagrun for dataset_produces_2 to None, run_after=None
[2026-05-06T23:51:18.989+0000] {processor.py:183} INFO - Processing /usr/local/python/3.12.1/lib/python3.12/site-packages/airflow/example_dags/example_datasets.py took 0.127 seconds
[2026-05-06T23:52:13.176+0000] {processor.py:161} INFO - Started process (PID=30346) to work on /usr/local/python/3.12.1/lib/python3.12/site-packages/airflow/example_dags/example_datasets.py
[2026-05-06T23:52:13.177+0000] {processor.py:830} INFO - Processing file /usr/local/python/3.12.1/lib/python3.12/site-packages/airflow/example_dags/example_datasets.py for tasks to queue
[2026-05-06T23:52:13.178+0000] {logging_mixin.py:188} INFO - [2026-05-06T23:52:13.178+0000] {dagbag.py:545} INFO - Filling up the DagBag from /usr/local/python/3.12.1/lib/python3.12/site-packages/airflow/example_dags/example_datasets.py
[2026-05-06T23:52:13.188+0000] {processor.py:840} INFO - DAG(s) 'consume_1_or_2_with_dataset_expressions', 'dataset_consumes_unknown_never_scheduled', 'consume_1_and_2_with_dataset_expressions', 'dataset_consumes_1', 'dataset_consumes_1_never_scheduled', 'dataset_produces_1', 'dataset_produces_2', 'consume_1_or_both_2_and_3_with_dataset_expressions', 'conditional_dataset_and_time_based_timetable', 'dataset_consumes_1_and_2' retrieved from /usr/local/python/3.12.1/lib/python3.12/site-packages/airflow/example_dags/example_datasets.py
[2026-05-06T23:52:13.217+0000] {logging_mixin.py:188} INFO - [2026-05-06T23:52:13.217+0000] {dag.py:3096} INFO - Sync 10 DAGs
[2026-05-06T23:52:13.235+0000] {logging_mixin.py:188} INFO - [2026-05-06T23:52:13.235+0000] {dag.py:3954} INFO - Setting next_dagrun for conditional_dataset_and_time_based_timetable to 2026-05-06 01:00:00+00:00, run_after=2026-05-06 01:00:00+00:00
[2026-05-06T23:52:13.239+0000] {logging_mixin.py:188} INFO - [2026-05-06T23:52:13.238+0000] {dag.py:3954} INFO - Setting next_dagrun for consume_1_and_2_with_dataset_expressions to None, run_after=None
[2026-05-06T23:52:13.241+0000] {logging_mixin.py:188} INFO - [2026-05-06T23:52:13.241+0000] {dag.py:3954} INFO - Setting next_dagrun for consume_1_or_2_with_dataset_expressions to None, run_after=None
[2026-05-06T23:52:13.242+0000] {logging_mixin.py:188} INFO - [2026-05-06T23:52:13.242+0000] {dag.py:3954} INFO - Setting next_dagrun for consume_1_or_both_2_and_3_with_dataset_expressions to None, run_after=None
[2026-05-06T23:52:13.243+0000] {logging_mixin.py:188} INFO - [2026-05-06T23:52:13.243+0000] {dag.py:3954} INFO - Setting next_dagrun for dataset_consumes_1 to None, run_after=None
[2026-05-06T23:52:13.244+0000] {logging_mixin.py:188} INFO - [2026-05-06T23:52:13.244+0000] {dag.py:3954} INFO - Setting next_dagrun for dataset_consumes_1_and_2 to None, run_after=None
[2026-05-06T23:52:13.245+0000] {logging_mixin.py:188} INFO - [2026-05-06T23:52:13.245+0000] {dag.py:3954} INFO - Setting next_dagrun for dataset_consumes_1_never_scheduled to None, run_after=None
[2026-05-06T23:52:13.246+0000] {logging_mixin.py:188} INFO - [2026-05-06T23:52:13.246+0000] {dag.py:3954} INFO - Setting next_dagrun for dataset_consumes_unknown_never_scheduled to None, run_after=None
[2026-05-06T23:52:13.248+0000] {logging_mixin.py:188} INFO - [2026-05-06T23:52:13.248+0000] {dag.py:3954} INFO - Setting next_dagrun for dataset_produces_1 to 2026-05-05 00:00:00+00:00, run_after=2026-05-06 00:00:00+00:00
[2026-05-06T23:52:13.249+0000] {logging_mixin.py:188} INFO - [2026-05-06T23:52:13.249+0000] {dag.py:3954} INFO - Setting next_dagrun for dataset_produces_2 to None, run_after=None
[2026-05-06T23:52:13.276+0000] {processor.py:183} INFO - Processing /usr/local/python/3.12.1/lib/python3.12/site-packages/airflow/example_dags/example_datasets.py took 0.105 seconds
[2026-05-06T23:53:11.692+0000] {processor.py:161} INFO - Started process (PID=30788) to work on /usr/local/python/3.12.1/lib/python3.12/site-packages/airflow/example_dags/example_datasets.py
[2026-05-06T23:53:11.693+0000] {processor.py:830} INFO - Processing file /usr/local/python/3.12.1/lib/python3.12/site-packages/airflow/example_dags/example_datasets.py for tasks to queue
[2026-05-06T23:53:11.694+0000] {logging_mixin.py:188} INFO - [2026-05-06T23:53:11.694+0000] {dagbag.py:545} INFO - Filling up the DagBag from /usr/local/python/3.12.1/lib/python3.12/site-packages/airflow/example_dags/example_datasets.py
[2026-05-06T23:53:11.704+0000] {processor.py:840} INFO - DAG(s) 'dataset_produces_1', 'dataset_consumes_1', 'dataset_produces_2', 'dataset_consumes_1_and_2', 'consume_1_or_both_2_and_3_with_dataset_expressions', 'consume_1_and_2_with_dataset_expressions', 'dataset_consumes_1_never_scheduled', 'dataset_consumes_unknown_never_scheduled', 'conditional_dataset_and_time_based_timetable', 'consume_1_or_2_with_dataset_expressions' retrieved from /usr/local/python/3.12.1/lib/python3.12/site-packages/airflow/example_dags/example_datasets.py
[2026-05-06T23:53:11.734+0000] {logging_mixin.py:188} INFO - [2026-05-06T23:53:11.733+0000] {dag.py:3096} INFO - Sync 10 DAGs
[2026-05-06T23:53:11.759+0000] {logging_mixin.py:188} INFO - [2026-05-06T23:53:11.759+0000] {dag.py:3954} INFO - Setting next_dagrun for conditional_dataset_and_time_based_timetable to 2026-05-06 01:00:00+00:00, run_after=2026-05-06 01:00:00+00:00
[2026-05-06T23:53:11.762+0000] {logging_mixin.py:188} INFO - [2026-05-06T23:53:11.762+0000] {dag.py:3954} INFO - Setting next_dagrun for consume_1_and_2_with_dataset_expressions to None, run_after=None
[2026-05-06T23:53:11.763+0000] {logging_mixin.py:188} INFO - [2026-05-06T23:53:11.763+0000] {dag.py:3954} INFO - Setting next_dagrun for consume_1_or_2_with_dataset_expressions to None, run_after=None
[2026-05-06T23:53:11.764+0000] {logging_mixin.py:188} INFO - [2026-05-06T23:53:11.764+0000] {dag.py:3954} INFO - Setting next_dagrun for consume_1_or_both_2_and_3_with_dataset_expressions to None, run_after=None
[2026-05-06T23:53:11.764+0000] {logging_mixin.py:188} INFO - [2026-05-06T23:53:11.764+0000] {dag.py:3954} INFO - Setting next_dagrun for dataset_consumes_1 to None, run_after=None
[2026-05-06T23:53:11.765+0000] {logging_mixin.py:188} INFO - [2026-05-06T23:53:11.765+0000] {dag.py:3954} INFO - Setting next_dagrun for dataset_consumes_1_and_2 to None, run_after=None
[2026-05-06T23:53:11.766+0000] {logging_mixin.py:188} INFO - [2026-05-06T23:53:11.766+0000] {dag.py:3954} INFO - Setting next_dagrun for dataset_consumes_1_never_scheduled to None, run_after=None
[2026-05-06T23:53:11.766+0000] {logging_mixin.py:188} INFO - [2026-05-06T23:53:11.766+0000] {dag.py:3954} INFO - Setting next_dagrun for dataset_consumes_unknown_never_scheduled to None, run_after=None
[2026-05-06T23:53:11.768+0000] {logging_mixin.py:188} INFO - [2026-05-06T23:53:11.768+0000] {dag.py:3954} INFO - Setting next_dagrun for dataset_produces_1 to 2026-05-05 00:00:00+00:00, run_after=2026-05-06 00:00:00+00:00
[2026-05-06T23:53:11.769+0000] {logging_mixin.py:188} INFO - [2026-05-06T23:53:11.769+0000] {dag.py:3954} INFO - Setting next_dagrun for dataset_produces_2 to None, run_after=None
[2026-05-06T23:53:11.792+0000] {processor.py:183} INFO - Processing /usr/local/python/3.12.1/lib/python3.12/site-packages/airflow/example_dags/example_datasets.py took 0.105 seconds
[2026-05-06T23:54:10.651+0000] {processor.py:161} INFO - Started process (PID=31248) to work on /usr/local/python/3.12.1/lib/python3.12/site-packages/airflow/example_dags/example_datasets.py
[2026-05-06T23:54:10.652+0000] {processor.py:830} INFO - Processing file /usr/local/python/3.12.1/lib/python3.12/site-packages/airflow/example_dags/example_datasets.py for tasks to queue
[2026-05-06T23:54:10.654+0000] {logging_mixin.py:188} INFO - [2026-05-06T23:54:10.654+0000] {dagbag.py:545} INFO - Filling up the DagBag from /usr/local/python/3.12.1/lib/python3.12/site-packages/airflow/example_dags/example_datasets.py
[2026-05-06T23:54:10.665+0000] {processor.py:840} INFO - DAG(s) 'conditional_dataset_and_time_based_timetable', 'consume_1_and_2_with_dataset_expressions', 'dataset_produces_1', 'consume_1_or_both_2_and_3_with_dataset_expressions', 'dataset_produces_2', 'consume_1_or_2_with_dataset_expressions', 'dataset_consumes_1', 'dataset_consumes_1_and_2', 'dataset_consumes_unknown_never_scheduled', 'dataset_consumes_1_never_scheduled' retrieved from /usr/local/python/3.12.1/lib/python3.12/site-packages/airflow/example_dags/example_datasets.py
[2026-05-06T23:54:10.694+0000] {logging_mixin.py:188} INFO - [2026-05-06T23:54:10.694+0000] {dag.py:3096} INFO - Sync 10 DAGs
[2026-05-06T23:54:10.712+0000] {logging_mixin.py:188} INFO - [2026-05-06T23:54:10.712+0000] {dag.py:3954} INFO - Setting next_dagrun for conditional_dataset_and_time_based_timetable to 2026-05-06 01:00:00+00:00, run_after=2026-05-06 01:00:00+00:00
[2026-05-06T23:54:10.715+0000] {logging_mixin.py:188} INFO - [2026-05-06T23:54:10.714+0000] {dag.py:3954} INFO - Setting next_dagrun for consume_1_and_2_with_dataset_expressions to None, run_after=None
[2026-05-06T23:54:10.715+0000] {logging_mixin.py:188} INFO - [2026-05-06T23:54:10.715+0000] {dag.py:3954} INFO - Setting next_dagrun for consume_1_or_2_with_dataset_expressions to None, run_after=None
[2026-05-06T23:54:10.716+0000] {logging_mixin.py:188} INFO - [2026-05-06T23:54:10.716+0000] {dag.py:3954} INFO - Setting next_dagrun for consume_1_or_both_2_and_3_with_dataset_expressions to None, run_after=None
[2026-05-06T23:54:10.717+0000] {logging_mixin.py:188} INFO - [2026-05-06T23:54:10.717+0000] {dag.py:3954} INFO - Setting next_dagrun for dataset_consumes_1 to None, run_after=None
[2026-05-06T23:54:10.717+0000] {logging_mixin.py:188} INFO - [2026-05-06T23:54:10.717+0000] {dag.py:3954} INFO - Setting next_dagrun for dataset_consumes_1_and_2 to None, run_after=None
[2026-05-06T23:54:10.718+0000] {logging_mixin.py:188} INFO - [2026-05-06T23:54:10.718+0000] {dag.py:3954} INFO - Setting next_dagrun for dataset_consumes_1_never_scheduled to None, run_after=None
[2026-05-06T23:54:10.719+0000] {logging_mixin.py:188} INFO - [2026-05-06T23:54:10.719+0000] {dag.py:3954} INFO - Setting next_dagrun for dataset_consumes_unknown_never_scheduled to None, run_after=None
[2026-05-06T23:54:10.720+0000] {logging_mixin.py:188} INFO - [2026-05-06T23:54:10.720+0000] {dag.py:3954} INFO - Setting next_dagrun for dataset_produces_1 to 2026-05-05 00:00:00+00:00, run_after=2026-05-06 00:00:00+00:00
[2026-05-06T23:54:10.721+0000] {logging_mixin.py:188} INFO - [2026-05-06T23:54:10.721+0000] {dag.py:3954} INFO - Setting next_dagrun for dataset_produces_2 to None, run_after=None
[2026-05-06T23:54:10.747+0000] {processor.py:183} INFO - Processing /usr/local/python/3.12.1/lib/python3.12/site-packages/airflow/example_dags/example_datasets.py took 0.103 seconds
[2026-05-06T23:55:09.471+0000] {processor.py:161} INFO - Started process (PID=31742) to work on /usr/local/python/3.12.1/lib/python3.12/site-packages/airflow/example_dags/example_datasets.py
[2026-05-06T23:55:09.472+0000] {processor.py:830} INFO - Processing file /usr/local/python/3.12.1/lib/python3.12/site-packages/airflow/example_dags/example_datasets.py for tasks to queue
[2026-05-06T23:55:09.474+0000] {logging_mixin.py:188} INFO - [2026-05-06T23:55:09.473+0000] {dagbag.py:545} INFO - Filling up the DagBag from /usr/local/python/3.12.1/lib/python3.12/site-packages/airflow/example_dags/example_datasets.py
[2026-05-06T23:55:09.488+0000] {processor.py:840} INFO - DAG(s) 'dataset_consumes_unknown_never_scheduled', 'consume_1_or_2_with_dataset_expressions', 'dataset_consumes_1_never_scheduled', 'dataset_consumes_1', 'dataset_produces_2', 'dataset_consumes_1_and_2', 'dataset_produces_1', 'consume_1_or_both_2_and_3_with_dataset_expressions', 'conditional_dataset_and_time_based_timetable', 'consume_1_and_2_with_dataset_expressions' retrieved from /usr/local/python/3.12.1/lib/python3.12/site-packages/airflow/example_dags/example_datasets.py
[2026-05-06T23:55:09.523+0000] {logging_mixin.py:188} INFO - [2026-05-06T23:55:09.523+0000] {dag.py:3096} INFO - Sync 10 DAGs
[2026-05-06T23:55:09.572+0000] {logging_mixin.py:188} INFO - [2026-05-06T23:55:09.572+0000] {dag.py:3954} INFO - Setting next_dagrun for conditional_dataset_and_time_based_timetable to 2026-05-06 01:00:00+00:00, run_after=2026-05-06 01:00:00+00:00
[2026-05-06T23:55:09.588+0000] {logging_mixin.py:188} INFO - [2026-05-06T23:55:09.587+0000] {dag.py:3954} INFO - Setting next_dagrun for consume_1_and_2_with_dataset_expressions to None, run_after=None
[2026-05-06T23:55:09.590+0000] {logging_mixin.py:188} INFO - [2026-05-06T23:55:09.589+0000] {dag.py:3954} INFO - Setting next_dagrun for consume_1_or_2_with_dataset_expressions to None, run_after=None
[2026-05-06T23:55:09.592+0000] {logging_mixin.py:188} INFO - [2026-05-06T23:55:09.592+0000] {dag.py:3954} INFO - Setting next_dagrun for consume_1_or_both_2_and_3_with_dataset_expressions to None, run_after=None
[2026-05-06T23:55:09.598+0000] {logging_mixin.py:188} INFO - [2026-05-06T23:55:09.597+0000] {dag.py:3954} INFO - Setting next_dagrun for dataset_consumes_1 to None, run_after=None
[2026-05-06T23:55:09.603+0000] {logging_mixin.py:188} INFO - [2026-05-06T23:55:09.603+0000] {dag.py:3954} INFO - Setting next_dagrun for dataset_consumes_1_and_2 to None, run_after=None
[2026-05-06T23:55:09.606+0000] {logging_mixin.py:188} INFO - [2026-05-06T23:55:09.606+0000] {dag.py:3954} INFO - Setting next_dagrun for dataset_consumes_1_never_scheduled to None, run_after=None
[2026-05-06T23:55:09.612+0000] {logging_mixin.py:188} INFO - [2026-05-06T23:55:09.612+0000] {dag.py:3954} INFO - Setting next_dagrun for dataset_consumes_unknown_never_scheduled to None, run_after=None
[2026-05-06T23:55:09.621+0000] {logging_mixin.py:188} INFO - [2026-05-06T23:55:09.621+0000] {dag.py:3954} INFO - Setting next_dagrun for dataset_produces_1 to 2026-05-05 00:00:00+00:00, run_after=2026-05-06 00:00:00+00:00
[2026-05-06T23:55:09.625+0000] {logging_mixin.py:188} INFO - [2026-05-06T23:55:09.625+0000] {dag.py:3954} INFO - Setting next_dagrun for dataset_produces_2 to None, run_after=None
[2026-05-06T23:55:09.692+0000] {processor.py:183} INFO - Processing /usr/local/python/3.12.1/lib/python3.12/site-packages/airflow/example_dags/example_datasets.py took 0.226 seconds
[2026-05-06T23:56:11.172+0000] {processor.py:161} INFO - Started process (PID=32249) to work on /usr/local/python/3.12.1/lib/python3.12/site-packages/airflow/example_dags/example_datasets.py
[2026-05-06T23:56:11.173+0000] {processor.py:830} INFO - Processing file /usr/local/python/3.12.1/lib/python3.12/site-packages/airflow/example_dags/example_datasets.py for tasks to queue
[2026-05-06T23:56:11.174+0000] {logging_mixin.py:188} INFO - [2026-05-06T23:56:11.174+0000] {dagbag.py:545} INFO - Filling up the DagBag from /usr/local/python/3.12.1/lib/python3.12/site-packages/airflow/example_dags/example_datasets.py
[2026-05-06T23:56:11.184+0000] {processor.py:840} INFO - DAG(s) 'dataset_consumes_1', 'conditional_dataset_and_time_based_timetable', 'dataset_consumes_1_and_2', 'consume_1_or_both_2_and_3_with_dataset_expressions', 'dataset_consumes_unknown_never_scheduled', 'dataset_consumes_1_never_scheduled', 'dataset_produces_2', 'consume_1_or_2_with_dataset_expressions', 'consume_1_and_2_with_dataset_expressions', 'dataset_produces_1' retrieved from /usr/local/python/3.12.1/lib/python3.12/site-packages/airflow/example_dags/example_datasets.py
[2026-05-06T23:56:11.213+0000] {logging_mixin.py:188} INFO - [2026-05-06T23:56:11.213+0000] {dag.py:3096} INFO - Sync 10 DAGs
[2026-05-06T23:56:11.231+0000] {logging_mixin.py:188} INFO - [2026-05-06T23:56:11.231+0000] {dag.py:3954} INFO - Setting next_dagrun for conditional_dataset_and_time_based_timetable to 2026-05-06 01:00:00+00:00, run_after=2026-05-06 01:00:00+00:00
[2026-05-06T23:56:11.234+0000] {logging_mixin.py:188} INFO - [2026-05-06T23:56:11.234+0000] {dag.py:3954} INFO - Setting next_dagrun for consume_1_and_2_with_dataset_expressions to None, run_after=None
[2026-05-06T23:56:11.235+0000] {logging_mixin.py:188} INFO - [2026-05-06T23:56:11.234+0000] {dag.py:3954} INFO - Setting next_dagrun for consume_1_or_2_with_dataset_expressions to None, run_after=None
[2026-05-06T23:56:11.235+0000] {logging_mixin.py:188} INFO - [2026-05-06T23:56:11.235+0000] {dag.py:3954} INFO - Setting next_dagrun for consume_1_or_both_2_and_3_with_dataset_expressions to None, run_after=None
[2026-05-06T23:56:11.236+0000] {logging_mixin.py:188} INFO - [2026-05-06T23:56:11.236+0000] {dag.py:3954} INFO - Setting next_dagrun for dataset_consumes_1 to None, run_after=None
[2026-05-06T23:56:11.237+0000] {logging_mixin.py:188} INFO - [2026-05-06T23:56:11.237+0000] {dag.py:3954} INFO - Setting next_dagrun for dataset_consumes_1_and_2 to None, run_after=None
[2026-05-06T23:56:11.238+0000] {logging_mixin.py:188} INFO - [2026-05-06T23:56:11.238+0000] {dag.py:3954} INFO - Setting next_dagrun for dataset_consumes_1_never_scheduled to None, run_after=None
[2026-05-06T23:56:11.239+0000] {logging_mixin.py:188} INFO - [2026-05-06T23:56:11.239+0000] {dag.py:3954} INFO - Setting next_dagrun for dataset_consumes_unknown_never_scheduled to None, run_after=None
[2026-05-06T23:56:11.242+0000] {logging_mixin.py:188} INFO - [2026-05-06T23:56:11.241+0000] {dag.py:3954} INFO - Setting next_dagrun for dataset_produces_1 to 2026-05-05 00:00:00+00:00, run_after=2026-05-06 00:00:00+00:00
[2026-05-06T23:56:11.242+0000] {logging_mixin.py:188} INFO - [2026-05-06T23:56:11.242+0000] {dag.py:3954} INFO - Setting next_dagrun for dataset_produces_2 to None, run_after=None
[2026-05-06T23:56:11.271+0000] {processor.py:183} INFO - Processing /usr/local/python/3.12.1/lib/python3.12/site-packages/airflow/example_dags/example_datasets.py took 0.105 seconds
[2026-05-06T23:57:05.529+0000] {processor.py:161} INFO - Started process (PID=32602) to work on /usr/local/python/3.12.1/lib/python3.12/site-packages/airflow/example_dags/example_datasets.py
[2026-05-06T23:57:05.530+0000] {processor.py:830} INFO - Processing file /usr/local/python/3.12.1/lib/python3.12/site-packages/airflow/example_dags/example_datasets.py for tasks to queue
[2026-05-06T23:57:05.531+0000] {logging_mixin.py:188} INFO - [2026-05-06T23:57:05.531+0000] {dagbag.py:545} INFO - Filling up the DagBag from /usr/local/python/3.12.1/lib/python3.12/site-packages/airflow/example_dags/example_datasets.py
[2026-05-06T23:57:05.541+0000] {processor.py:840} INFO - DAG(s) 'dataset_consumes_1_and_2', 'dataset_produces_1', 'consume_1_or_both_2_and_3_with_dataset_expressions', 'dataset_consumes_1', 'dataset_produces_2', 'conditional_dataset_and_time_based_timetable', 'dataset_consumes_unknown_never_scheduled', 'consume_1_and_2_with_dataset_expressions', 'consume_1_or_2_with_dataset_expressions', 'dataset_consumes_1_never_scheduled' retrieved from /usr/local/python/3.12.1/lib/python3.12/site-packages/airflow/example_dags/example_datasets.py
[2026-05-06T23:57:05.586+0000] {logging_mixin.py:188} INFO - [2026-05-06T23:57:05.585+0000] {dag.py:3096} INFO - Sync 10 DAGs
[2026-05-06T23:57:05.618+0000] {logging_mixin.py:188} INFO - [2026-05-06T23:57:05.618+0000] {dag.py:3954} INFO - Setting next_dagrun for conditional_dataset_and_time_based_timetable to 2026-05-06 01:00:00+00:00, run_after=2026-05-06 01:00:00+00:00
[2026-05-06T23:57:05.622+0000] {logging_mixin.py:188} INFO - [2026-05-06T23:57:05.622+0000] {dag.py:3954} INFO - Setting next_dagrun for consume_1_and_2_with_dataset_expressions to None, run_after=None
[2026-05-06T23:57:05.623+0000] {logging_mixin.py:188} INFO - [2026-05-06T23:57:05.623+0000] {dag.py:3954} INFO - Setting next_dagrun for consume_1_or_2_with_dataset_expressions to None, run_after=None
[2026-05-06T23:57:05.624+0000] {logging_mixin.py:188} INFO - [2026-05-06T23:57:05.624+0000] {dag.py:3954} INFO - Setting next_dagrun for consume_1_or_both_2_and_3_with_dataset_expressions to None, run_after=None
[2026-05-06T23:57:05.626+0000] {logging_mixin.py:188} INFO - [2026-05-06T23:57:05.625+0000] {dag.py:3954} INFO - Setting next_dagrun for dataset_consumes_1 to None, run_after=None
[2026-05-06T23:57:05.627+0000] {logging_mixin.py:188} INFO - [2026-05-06T23:57:05.627+0000] {dag.py:3954} INFO - Setting next_dagrun for dataset_consumes_1_and_2 to None, run_after=None
[2026-05-06T23:57:05.628+0000] {logging_mixin.py:188} INFO - [2026-05-06T23:57:05.628+0000] {dag.py:3954} INFO - Setting next_dagrun for dataset_consumes_1_never_scheduled to None, run_after=None
[2026-05-06T23:57:05.629+0000] {logging_mixin.py:188} INFO - [2026-05-06T23:57:05.629+0000] {dag.py:3954} INFO - Setting next_dagrun for dataset_consumes_unknown_never_scheduled to None, run_after=None
[2026-05-06T23:57:05.632+0000] {logging_mixin.py:188} INFO - [2026-05-06T23:57:05.632+0000] {dag.py:3954} INFO - Setting next_dagrun for dataset_produces_1 to 2026-05-05 00:00:00+00:00, run_after=2026-05-06 00:00:00+00:00
[2026-05-06T23:57:05.633+0000] {logging_mixin.py:188} INFO - [2026-05-06T23:57:05.633+0000] {dag.py:3954} INFO - Setting next_dagrun for dataset_produces_2 to None, run_after=None
[2026-05-06T23:57:05.673+0000] {processor.py:183} INFO - Processing /usr/local/python/3.12.1/lib/python3.12/site-packages/airflow/example_dags/example_datasets.py took 0.149 seconds
[2026-05-06T23:58:00.291+0000] {processor.py:161} INFO - Started process (PID=32883) to work on /usr/local/python/3.12.1/lib/python3.12/site-packages/airflow/example_dags/example_datasets.py
[2026-05-06T23:58:00.292+0000] {processor.py:830} INFO - Processing file /usr/local/python/3.12.1/lib/python3.12/site-packages/airflow/example_dags/example_datasets.py for tasks to queue
[2026-05-06T23:58:00.293+0000] {logging_mixin.py:188} INFO - [2026-05-06T23:58:00.293+0000] {dagbag.py:545} INFO - Filling up the DagBag from /usr/local/python/3.12.1/lib/python3.12/site-packages/airflow/example_dags/example_datasets.py
[2026-05-06T23:58:00.303+0000] {processor.py:840} INFO - DAG(s) 'dataset_produces_2', 'consume_1_or_2_with_dataset_expressions', 'consume_1_and_2_with_dataset_expressions', 'dataset_consumes_1', 'dataset_consumes_1_never_scheduled', 'dataset_consumes_unknown_never_scheduled', 'dataset_produces_1', 'dataset_consumes_1_and_2', 'conditional_dataset_and_time_based_timetable', 'consume_1_or_both_2_and_3_with_dataset_expressions' retrieved from /usr/local/python/3.12.1/lib/python3.12/site-packages/airflow/example_dags/example_datasets.py
[2026-05-06T23:58:00.348+0000] {logging_mixin.py:188} INFO - [2026-05-06T23:58:00.347+0000] {dag.py:3096} INFO - Sync 10 DAGs
[2026-05-06T23:58:00.388+0000] {logging_mixin.py:188} INFO - [2026-05-06T23:58:00.387+0000] {dag.py:3954} INFO - Setting next_dagrun for conditional_dataset_and_time_based_timetable to 2026-05-06 01:00:00+00:00, run_after=2026-05-06 01:00:00+00:00
[2026-05-06T23:58:00.392+0000] {logging_mixin.py:188} INFO - [2026-05-06T23:58:00.392+0000] {dag.py:3954} INFO - Setting next_dagrun for consume_1_and_2_with_dataset_expressions to None, run_after=None
[2026-05-06T23:58:00.394+0000] {logging_mixin.py:188} INFO - [2026-05-06T23:58:00.394+0000] {dag.py:3954} INFO - Setting next_dagrun for consume_1_or_2_with_dataset_expressions to None, run_after=None
[2026-05-06T23:58:00.396+0000] {logging_mixin.py:188} INFO - [2026-05-06T23:58:00.396+0000] {dag.py:3954} INFO - Setting next_dagrun for consume_1_or_both_2_and_3_with_dataset_expressions to None, run_after=None
[2026-05-06T23:58:00.399+0000] {logging_mixin.py:188} INFO - [2026-05-06T23:58:00.398+0000] {dag.py:3954} INFO - Setting next_dagrun for dataset_consumes_1 to None, run_after=None
[2026-05-06T23:58:00.400+0000] {logging_mixin.py:188} INFO - [2026-05-06T23:58:00.400+0000] {dag.py:3954} INFO - Setting next_dagrun for dataset_consumes_1_and_2 to None, run_after=None
[2026-05-06T23:58:00.401+0000] {logging_mixin.py:188} INFO - [2026-05-06T23:58:00.401+0000] {dag.py:3954} INFO - Setting next_dagrun for dataset_consumes_1_never_scheduled to None, run_after=None
[2026-05-06T23:58:00.402+0000] {logging_mixin.py:188} INFO - [2026-05-06T23:58:00.401+0000] {dag.py:3954} INFO - Setting next_dagrun for dataset_consumes_unknown_never_scheduled to None, run_after=None
[2026-05-06T23:58:00.403+0000] {logging_mixin.py:188} INFO - [2026-05-06T23:58:00.403+0000] {dag.py:3954} INFO - Setting next_dagrun for dataset_produces_1 to 2026-05-05 00:00:00+00:00, run_after=2026-05-06 00:00:00+00:00
[2026-05-06T23:58:00.404+0000] {logging_mixin.py:188} INFO - [2026-05-06T23:58:00.404+0000] {dag.py:3954} INFO - Setting next_dagrun for dataset_produces_2 to None, run_after=None
[2026-05-06T23:58:00.426+0000] {processor.py:183} INFO - Processing /usr/local/python/3.12.1/lib/python3.12/site-packages/airflow/example_dags/example_datasets.py took 0.141 seconds
[2026-05-06T23:59:01.093+0000] {processor.py:161} INFO - Started process (PID=33186) to work on /usr/local/python/3.12.1/lib/python3.12/site-packages/airflow/example_dags/example_datasets.py
[2026-05-06T23:59:01.094+0000] {processor.py:830} INFO - Processing file /usr/local/python/3.12.1/lib/python3.12/site-packages/airflow/example_dags/example_datasets.py for tasks to queue
[2026-05-06T23:59:01.096+0000] {logging_mixin.py:188} INFO - [2026-05-06T23:59:01.096+0000] {dagbag.py:545} INFO - Filling up the DagBag from /usr/local/python/3.12.1/lib/python3.12/site-packages/airflow/example_dags/example_datasets.py
[2026-05-06T23:59:01.111+0000] {processor.py:840} INFO - DAG(s) 'dataset_consumes_1', 'dataset_produces_2', 'consume_1_or_2_with_dataset_expressions', 'conditional_dataset_and_time_based_timetable', 'dataset_produces_1', 'consume_1_and_2_with_dataset_expressions', 'dataset_consumes_1_and_2', 'dataset_consumes_unknown_never_scheduled', 'consume_1_or_both_2_and_3_with_dataset_expressions', 'dataset_consumes_1_never_scheduled' retrieved from /usr/local/python/3.12.1/lib/python3.12/site-packages/airflow/example_dags/example_datasets.py
[2026-05-06T23:59:01.154+0000] {logging_mixin.py:188} INFO - [2026-05-06T23:59:01.153+0000] {dag.py:3096} INFO - Sync 10 DAGs
[2026-05-06T23:59:01.179+0000] {logging_mixin.py:188} INFO - [2026-05-06T23:59:01.179+0000] {dag.py:3954} INFO - Setting next_dagrun for conditional_dataset_and_time_based_timetable to 2026-05-06 01:00:00+00:00, run_after=2026-05-06 01:00:00+00:00
[2026-05-06T23:59:01.183+0000] {logging_mixin.py:188} INFO - [2026-05-06T23:59:01.183+0000] {dag.py:3954} INFO - Setting next_dagrun for consume_1_and_2_with_dataset_expressions to None, run_after=None
[2026-05-06T23:59:01.185+0000] {logging_mixin.py:188} INFO - [2026-05-06T23:59:01.184+0000] {dag.py:3954} INFO - Setting next_dagrun for consume_1_or_2_with_dataset_expressions to None, run_after=None
[2026-05-06T23:59:01.186+0000] {logging_mixin.py:188} INFO - [2026-05-06T23:59:01.185+0000] {dag.py:3954} INFO - Setting next_dagrun for consume_1_or_both_2_and_3_with_dataset_expressions to None, run_after=None
[2026-05-06T23:59:01.188+0000] {logging_mixin.py:188} INFO - [2026-05-06T23:59:01.188+0000] {dag.py:3954} INFO - Setting next_dagrun for dataset_consumes_1 to None, run_after=None
[2026-05-06T23:59:01.189+0000] {logging_mixin.py:188} INFO - [2026-05-06T23:59:01.189+0000] {dag.py:3954} INFO - Setting next_dagrun for dataset_consumes_1_and_2 to None, run_after=None
[2026-05-06T23:59:01.190+0000] {logging_mixin.py:188} INFO - [2026-05-06T23:59:01.190+0000] {dag.py:3954} INFO - Setting next_dagrun for dataset_consumes_1_never_scheduled to None, run_after=None
[2026-05-06T23:59:01.191+0000] {logging_mixin.py:188} INFO - [2026-05-06T23:59:01.191+0000] {dag.py:3954} INFO - Setting next_dagrun for dataset_consumes_unknown_never_scheduled to None, run_after=None
[2026-05-06T23:59:01.194+0000] {logging_mixin.py:188} INFO - [2026-05-06T23:59:01.194+0000] {dag.py:3954} INFO - Setting next_dagrun for dataset_produces_1 to 2026-05-05 00:00:00+00:00, run_after=2026-05-06 00:00:00+00:00
[2026-05-06T23:59:01.195+0000] {logging_mixin.py:188} INFO - [2026-05-06T23:59:01.195+0000] {dag.py:3954} INFO - Setting next_dagrun for dataset_produces_2 to None, run_after=None
[2026-05-06T23:59:01.229+0000] {processor.py:183} INFO - Processing /usr/local/python/3.12.1/lib/python3.12/site-packages/airflow/example_dags/example_datasets.py took 0.142 seconds
[2026-05-06T23:59:59.223+0000] {processor.py:161} INFO - Started process (PID=33468) to work on /usr/local/python/3.12.1/lib/python3.12/site-packages/airflow/example_dags/example_datasets.py
[2026-05-06T23:59:59.224+0000] {processor.py:830} INFO - Processing file /usr/local/python/3.12.1/lib/python3.12/site-packages/airflow/example_dags/example_datasets.py for tasks to queue
[2026-05-06T23:59:59.225+0000] {logging_mixin.py:188} INFO - [2026-05-06T23:59:59.225+0000] {dagbag.py:545} INFO - Filling up the DagBag from /usr/local/python/3.12.1/lib/python3.12/site-packages/airflow/example_dags/example_datasets.py
[2026-05-06T23:59:59.235+0000] {processor.py:840} INFO - DAG(s) 'dataset_produces_2', 'conditional_dataset_and_time_based_timetable', 'dataset_consumes_1_and_2', 'consume_1_and_2_with_dataset_expressions', 'dataset_produces_1', 'consume_1_or_both_2_and_3_with_dataset_expressions', 'consume_1_or_2_with_dataset_expressions', 'dataset_consumes_1_never_scheduled', 'dataset_consumes_unknown_never_scheduled', 'dataset_consumes_1' retrieved from /usr/local/python/3.12.1/lib/python3.12/site-packages/airflow/example_dags/example_datasets.py
[2026-05-06T23:59:59.270+0000] {logging_mixin.py:188} INFO - [2026-05-06T23:59:59.269+0000] {dag.py:3096} INFO - Sync 10 DAGs
[2026-05-06T23:59:59.287+0000] {logging_mixin.py:188} INFO - [2026-05-06T23:59:59.287+0000] {dag.py:3954} INFO - Setting next_dagrun for conditional_dataset_and_time_based_timetable to 2026-05-06 01:00:00+00:00, run_after=2026-05-06 01:00:00+00:00
[2026-05-06T23:59:59.290+0000] {logging_mixin.py:188} INFO - [2026-05-06T23:59:59.290+0000] {dag.py:3954} INFO - Setting next_dagrun for consume_1_and_2_with_dataset_expressions to None, run_after=None
[2026-05-06T23:59:59.291+0000] {logging_mixin.py:188} INFO - [2026-05-06T23:59:59.290+0000] {dag.py:3954} INFO - Setting next_dagrun for consume_1_or_2_with_dataset_expressions to None, run_after=None
[2026-05-06T23:59:59.291+0000] {logging_mixin.py:188} INFO - [2026-05-06T23:59:59.291+0000] {dag.py:3954} INFO - Setting next_dagrun for consume_1_or_both_2_and_3_with_dataset_expressions to None, run_after=None
[2026-05-06T23:59:59.292+0000] {logging_mixin.py:188} INFO - [2026-05-06T23:59:59.292+0000] {dag.py:3954} INFO - Setting next_dagrun for dataset_consumes_1 to None, run_after=None
[2026-05-06T23:59:59.293+0000] {logging_mixin.py:188} INFO - [2026-05-06T23:59:59.293+0000] {dag.py:3954} INFO - Setting next_dagrun for dataset_consumes_1_and_2 to None, run_after=None
[2026-05-06T23:59:59.293+0000] {logging_mixin.py:188} INFO - [2026-05-06T23:59:59.293+0000] {dag.py:3954} INFO - Setting next_dagrun for dataset_consumes_1_never_scheduled to None, run_after=None
[2026-05-06T23:59:59.294+0000] {logging_mixin.py:188} INFO - [2026-05-06T23:59:59.294+0000] {dag.py:3954} INFO - Setting next_dagrun for dataset_consumes_unknown_never_scheduled to None, run_after=None
[2026-05-06T23:59:59.296+0000] {logging_mixin.py:188} INFO - [2026-05-06T23:59:59.295+0000] {dag.py:3954} INFO - Setting next_dagrun for dataset_produces_1 to 2026-05-05 00:00:00+00:00, run_after=2026-05-06 00:00:00+00:00
[2026-05-06T23:59:59.296+0000] {logging_mixin.py:188} INFO - [2026-05-06T23:59:59.296+0000] {dag.py:3954} INFO - Setting next_dagrun for dataset_produces_2 to None, run_after=None
[2026-05-06T23:59:59.320+0000] {processor.py:183} INFO - Processing /usr/local/python/3.12.1/lib/python3.12/site-packages/airflow/example_dags/example_datasets.py took 0.102 seconds
