[2026-05-06T23:18:59.829+0000] {processor.py:161} INFO - Started process (PID=13294) to work on /usr/local/python/3.12.1/lib/python3.12/site-packages/airflow/example_dags/example_subdag_operator.py
[2026-05-06T23:18:59.830+0000] {processor.py:830} INFO - Processing file /usr/local/python/3.12.1/lib/python3.12/site-packages/airflow/example_dags/example_subdag_operator.py for tasks to queue
[2026-05-06T23:18:59.832+0000] {logging_mixin.py:188} INFO - [2026-05-06T23:18:59.832+0000] {dagbag.py:545} INFO - Filling up the DagBag from /usr/local/python/3.12.1/lib/python3.12/site-packages/airflow/example_dags/example_subdag_operator.py
[2026-05-06T23:18:59.847+0000] {processor.py:840} INFO - DAG(s) 'example_subdag_operator.section-1', 'example_subdag_operator.section-2', 'example_subdag_operator' retrieved from /usr/local/python/3.12.1/lib/python3.12/site-packages/airflow/example_dags/example_subdag_operator.py
[2026-05-06T23:18:59.924+0000] {logging_mixin.py:188} INFO - [2026-05-06T23:18:59.923+0000] {override.py:1829} INFO - Created Permission View: can delete on DAG:example_subdag_operator
[2026-05-06T23:18:59.932+0000] {logging_mixin.py:188} INFO - [2026-05-06T23:18:59.931+0000] {override.py:1829} INFO - Created Permission View: can edit on DAG:example_subdag_operator
[2026-05-06T23:18:59.937+0000] {logging_mixin.py:188} INFO - [2026-05-06T23:18:59.937+0000] {override.py:1829} INFO - Created Permission View: can read on DAG:example_subdag_operator
[2026-05-06T23:18:59.937+0000] {logging_mixin.py:188} INFO - [2026-05-06T23:18:59.937+0000] {dag.py:3096} INFO - Sync 3 DAGs
[2026-05-06T23:18:59.944+0000] {logging_mixin.py:188} INFO - [2026-05-06T23:18:59.944+0000] {dag.py:3118} INFO - Creating ORM DAG for example_subdag_operator.section-1
[2026-05-06T23:18:59.945+0000] {logging_mixin.py:188} INFO - [2026-05-06T23:18:59.945+0000] {dag.py:3118} INFO - Creating ORM DAG for example_subdag_operator.section-2
[2026-05-06T23:18:59.945+0000] {logging_mixin.py:188} INFO - [2026-05-06T23:18:59.945+0000] {dag.py:3118} INFO - Creating ORM DAG for example_subdag_operator
[2026-05-06T23:18:59.954+0000] {logging_mixin.py:188} INFO - [2026-05-06T23:18:59.954+0000] {dag.py:3954} INFO - Setting next_dagrun for example_subdag_operator to 2022-01-01 00:00:00+00:00, run_after=2022-01-01 00:00:00+00:00
[2026-05-06T23:18:59.954+0000] {logging_mixin.py:188} INFO - [2026-05-06T23:18:59.954+0000] {dag.py:3954} INFO - Setting next_dagrun for example_subdag_operator.section-1 to None, run_after=None
[2026-05-06T23:18:59.955+0000] {logging_mixin.py:188} INFO - [2026-05-06T23:18:59.955+0000] {dag.py:3954} INFO - Setting next_dagrun for example_subdag_operator.section-2 to None, run_after=None
[2026-05-06T23:18:59.960+0000] {logging_mixin.py:188} INFO - [2026-05-06T23:18:59.960+0000] {dag.py:3096} INFO - Sync 2 DAGs
[2026-05-06T23:18:59.963+0000] {logging_mixin.py:188} INFO - [2026-05-06T23:18:59.962+0000] {dag.py:3954} INFO - Setting next_dagrun for example_subdag_operator.section-1 to None, run_after=None
[2026-05-06T23:18:59.964+0000] {logging_mixin.py:188} INFO - [2026-05-06T23:18:59.964+0000] {dag.py:3954} INFO - Setting next_dagrun for example_subdag_operator.section-2 to None, run_after=None
[2026-05-06T23:18:59.975+0000] {processor.py:183} INFO - Processing /usr/local/python/3.12.1/lib/python3.12/site-packages/airflow/example_dags/example_subdag_operator.py took 0.150 seconds
[2026-05-06T23:19:50.456+0000] {processor.py:161} INFO - Started process (PID=13704) to work on /usr/local/python/3.12.1/lib/python3.12/site-packages/airflow/example_dags/example_subdag_operator.py
[2026-05-06T23:19:50.457+0000] {processor.py:830} INFO - Processing file /usr/local/python/3.12.1/lib/python3.12/site-packages/airflow/example_dags/example_subdag_operator.py for tasks to queue
[2026-05-06T23:19:50.459+0000] {logging_mixin.py:188} INFO - [2026-05-06T23:19:50.459+0000] {dagbag.py:545} INFO - Filling up the DagBag from /usr/local/python/3.12.1/lib/python3.12/site-packages/airflow/example_dags/example_subdag_operator.py
[2026-05-06T23:19:50.483+0000] {processor.py:840} INFO - DAG(s) 'example_subdag_operator.section-1', 'example_subdag_operator.section-2', 'example_subdag_operator' retrieved from /usr/local/python/3.12.1/lib/python3.12/site-packages/airflow/example_dags/example_subdag_operator.py
[2026-05-06T23:19:50.503+0000] {logging_mixin.py:188} INFO - [2026-05-06T23:19:50.503+0000] {dag.py:3096} INFO - Sync 3 DAGs
[2026-05-06T23:19:50.518+0000] {logging_mixin.py:188} INFO - [2026-05-06T23:19:50.517+0000] {dag.py:3954} INFO - Setting next_dagrun for example_subdag_operator to 2022-01-01 00:00:00+00:00, run_after=2022-01-01 00:00:00+00:00
[2026-05-06T23:19:50.520+0000] {logging_mixin.py:188} INFO - [2026-05-06T23:19:50.520+0000] {dag.py:3954} INFO - Setting next_dagrun for example_subdag_operator.section-1 to None, run_after=None
[2026-05-06T23:19:50.521+0000] {logging_mixin.py:188} INFO - [2026-05-06T23:19:50.521+0000] {dag.py:3954} INFO - Setting next_dagrun for example_subdag_operator.section-2 to None, run_after=None
[2026-05-06T23:19:50.525+0000] {logging_mixin.py:188} INFO - [2026-05-06T23:19:50.525+0000] {dag.py:3096} INFO - Sync 2 DAGs
[2026-05-06T23:19:50.529+0000] {logging_mixin.py:188} INFO - [2026-05-06T23:19:50.529+0000] {dag.py:3954} INFO - Setting next_dagrun for example_subdag_operator.section-1 to None, run_after=None
[2026-05-06T23:19:50.530+0000] {logging_mixin.py:188} INFO - [2026-05-06T23:19:50.530+0000] {dag.py:3954} INFO - Setting next_dagrun for example_subdag_operator.section-2 to None, run_after=None
[2026-05-06T23:19:50.543+0000] {processor.py:183} INFO - Processing /usr/local/python/3.12.1/lib/python3.12/site-packages/airflow/example_dags/example_subdag_operator.py took 0.096 seconds
[2026-05-06T23:20:39.242+0000] {processor.py:161} INFO - Started process (PID=14179) to work on /usr/local/python/3.12.1/lib/python3.12/site-packages/airflow/example_dags/example_subdag_operator.py
[2026-05-06T23:20:39.243+0000] {processor.py:830} INFO - Processing file /usr/local/python/3.12.1/lib/python3.12/site-packages/airflow/example_dags/example_subdag_operator.py for tasks to queue
[2026-05-06T23:20:39.245+0000] {logging_mixin.py:188} INFO - [2026-05-06T23:20:39.244+0000] {dagbag.py:545} INFO - Filling up the DagBag from /usr/local/python/3.12.1/lib/python3.12/site-packages/airflow/example_dags/example_subdag_operator.py
[2026-05-06T23:20:39.260+0000] {processor.py:840} INFO - DAG(s) 'example_subdag_operator.section-1', 'example_subdag_operator.section-2', 'example_subdag_operator' retrieved from /usr/local/python/3.12.1/lib/python3.12/site-packages/airflow/example_dags/example_subdag_operator.py
[2026-05-06T23:20:39.271+0000] {logging_mixin.py:188} INFO - [2026-05-06T23:20:39.271+0000] {dag.py:3096} INFO - Sync 3 DAGs
[2026-05-06T23:20:39.286+0000] {logging_mixin.py:188} INFO - [2026-05-06T23:20:39.285+0000] {dag.py:3954} INFO - Setting next_dagrun for example_subdag_operator to 2022-01-01 00:00:00+00:00, run_after=2022-01-01 00:00:00+00:00
[2026-05-06T23:20:39.288+0000] {logging_mixin.py:188} INFO - [2026-05-06T23:20:39.288+0000] {dag.py:3954} INFO - Setting next_dagrun for example_subdag_operator.section-1 to None, run_after=None
[2026-05-06T23:20:39.289+0000] {logging_mixin.py:188} INFO - [2026-05-06T23:20:39.289+0000] {dag.py:3954} INFO - Setting next_dagrun for example_subdag_operator.section-2 to None, run_after=None
[2026-05-06T23:20:39.293+0000] {logging_mixin.py:188} INFO - [2026-05-06T23:20:39.293+0000] {dag.py:3096} INFO - Sync 2 DAGs
[2026-05-06T23:20:39.296+0000] {logging_mixin.py:188} INFO - [2026-05-06T23:20:39.296+0000] {dag.py:3954} INFO - Setting next_dagrun for example_subdag_operator.section-1 to None, run_after=None
[2026-05-06T23:20:39.296+0000] {logging_mixin.py:188} INFO - [2026-05-06T23:20:39.296+0000] {dag.py:3954} INFO - Setting next_dagrun for example_subdag_operator.section-2 to None, run_after=None
[2026-05-06T23:20:39.306+0000] {processor.py:183} INFO - Processing /usr/local/python/3.12.1/lib/python3.12/site-packages/airflow/example_dags/example_subdag_operator.py took 0.068 seconds
[2026-05-06T23:21:21.634+0000] {processor.py:161} INFO - Started process (PID=14584) to work on /usr/local/python/3.12.1/lib/python3.12/site-packages/airflow/example_dags/example_subdag_operator.py
[2026-05-06T23:21:21.635+0000] {processor.py:830} INFO - Processing file /usr/local/python/3.12.1/lib/python3.12/site-packages/airflow/example_dags/example_subdag_operator.py for tasks to queue
[2026-05-06T23:21:21.637+0000] {logging_mixin.py:188} INFO - [2026-05-06T23:21:21.636+0000] {dagbag.py:545} INFO - Filling up the DagBag from /usr/local/python/3.12.1/lib/python3.12/site-packages/airflow/example_dags/example_subdag_operator.py
[2026-05-06T23:21:21.653+0000] {processor.py:840} INFO - DAG(s) 'example_subdag_operator.section-1', 'example_subdag_operator.section-2', 'example_subdag_operator' retrieved from /usr/local/python/3.12.1/lib/python3.12/site-packages/airflow/example_dags/example_subdag_operator.py
[2026-05-06T23:21:21.664+0000] {logging_mixin.py:188} INFO - [2026-05-06T23:21:21.664+0000] {dag.py:3096} INFO - Sync 3 DAGs
[2026-05-06T23:21:21.678+0000] {logging_mixin.py:188} INFO - [2026-05-06T23:21:21.678+0000] {dag.py:3954} INFO - Setting next_dagrun for example_subdag_operator to 2022-01-01 00:00:00+00:00, run_after=2022-01-01 00:00:00+00:00
[2026-05-06T23:21:21.680+0000] {logging_mixin.py:188} INFO - [2026-05-06T23:21:21.680+0000] {dag.py:3954} INFO - Setting next_dagrun for example_subdag_operator.section-1 to None, run_after=None
[2026-05-06T23:21:21.681+0000] {logging_mixin.py:188} INFO - [2026-05-06T23:21:21.681+0000] {dag.py:3954} INFO - Setting next_dagrun for example_subdag_operator.section-2 to None, run_after=None
[2026-05-06T23:21:21.686+0000] {logging_mixin.py:188} INFO - [2026-05-06T23:21:21.686+0000] {dag.py:3096} INFO - Sync 2 DAGs
[2026-05-06T23:21:21.688+0000] {logging_mixin.py:188} INFO - [2026-05-06T23:21:21.688+0000] {dag.py:3954} INFO - Setting next_dagrun for example_subdag_operator.section-1 to None, run_after=None
[2026-05-06T23:21:21.689+0000] {logging_mixin.py:188} INFO - [2026-05-06T23:21:21.689+0000] {dag.py:3954} INFO - Setting next_dagrun for example_subdag_operator.section-2 to None, run_after=None
[2026-05-06T23:21:21.699+0000] {processor.py:183} INFO - Processing /usr/local/python/3.12.1/lib/python3.12/site-packages/airflow/example_dags/example_subdag_operator.py took 0.069 seconds
[2026-05-06T23:22:02.105+0000] {processor.py:161} INFO - Started process (PID=14919) to work on /usr/local/python/3.12.1/lib/python3.12/site-packages/airflow/example_dags/example_subdag_operator.py
[2026-05-06T23:22:02.106+0000] {processor.py:830} INFO - Processing file /usr/local/python/3.12.1/lib/python3.12/site-packages/airflow/example_dags/example_subdag_operator.py for tasks to queue
[2026-05-06T23:22:02.107+0000] {logging_mixin.py:188} INFO - [2026-05-06T23:22:02.107+0000] {dagbag.py:545} INFO - Filling up the DagBag from /usr/local/python/3.12.1/lib/python3.12/site-packages/airflow/example_dags/example_subdag_operator.py
[2026-05-06T23:22:02.124+0000] {processor.py:840} INFO - DAG(s) 'example_subdag_operator.section-1', 'example_subdag_operator.section-2', 'example_subdag_operator' retrieved from /usr/local/python/3.12.1/lib/python3.12/site-packages/airflow/example_dags/example_subdag_operator.py
[2026-05-06T23:22:02.135+0000] {logging_mixin.py:188} INFO - [2026-05-06T23:22:02.135+0000] {dag.py:3096} INFO - Sync 3 DAGs
[2026-05-06T23:22:02.150+0000] {logging_mixin.py:188} INFO - [2026-05-06T23:22:02.149+0000] {dag.py:3954} INFO - Setting next_dagrun for example_subdag_operator to 2022-01-01 00:00:00+00:00, run_after=2022-01-01 00:00:00+00:00
[2026-05-06T23:22:02.152+0000] {logging_mixin.py:188} INFO - [2026-05-06T23:22:02.152+0000] {dag.py:3954} INFO - Setting next_dagrun for example_subdag_operator.section-1 to None, run_after=None
[2026-05-06T23:22:02.153+0000] {logging_mixin.py:188} INFO - [2026-05-06T23:22:02.153+0000] {dag.py:3954} INFO - Setting next_dagrun for example_subdag_operator.section-2 to None, run_after=None
[2026-05-06T23:22:02.157+0000] {logging_mixin.py:188} INFO - [2026-05-06T23:22:02.157+0000] {dag.py:3096} INFO - Sync 2 DAGs
[2026-05-06T23:22:02.160+0000] {logging_mixin.py:188} INFO - [2026-05-06T23:22:02.160+0000] {dag.py:3954} INFO - Setting next_dagrun for example_subdag_operator.section-1 to None, run_after=None
[2026-05-06T23:22:02.160+0000] {logging_mixin.py:188} INFO - [2026-05-06T23:22:02.160+0000] {dag.py:3954} INFO - Setting next_dagrun for example_subdag_operator.section-2 to None, run_after=None
[2026-05-06T23:22:02.170+0000] {processor.py:183} INFO - Processing /usr/local/python/3.12.1/lib/python3.12/site-packages/airflow/example_dags/example_subdag_operator.py took 0.070 seconds
[2026-05-06T23:22:43.812+0000] {processor.py:161} INFO - Started process (PID=15298) to work on /usr/local/python/3.12.1/lib/python3.12/site-packages/airflow/example_dags/example_subdag_operator.py
[2026-05-06T23:22:43.813+0000] {processor.py:830} INFO - Processing file /usr/local/python/3.12.1/lib/python3.12/site-packages/airflow/example_dags/example_subdag_operator.py for tasks to queue
[2026-05-06T23:22:43.814+0000] {logging_mixin.py:188} INFO - [2026-05-06T23:22:43.814+0000] {dagbag.py:545} INFO - Filling up the DagBag from /usr/local/python/3.12.1/lib/python3.12/site-packages/airflow/example_dags/example_subdag_operator.py
[2026-05-06T23:22:43.830+0000] {processor.py:840} INFO - DAG(s) 'example_subdag_operator.section-1', 'example_subdag_operator.section-2', 'example_subdag_operator' retrieved from /usr/local/python/3.12.1/lib/python3.12/site-packages/airflow/example_dags/example_subdag_operator.py
[2026-05-06T23:22:43.841+0000] {logging_mixin.py:188} INFO - [2026-05-06T23:22:43.841+0000] {dag.py:3096} INFO - Sync 3 DAGs
[2026-05-06T23:22:43.856+0000] {logging_mixin.py:188} INFO - [2026-05-06T23:22:43.856+0000] {dag.py:3954} INFO - Setting next_dagrun for example_subdag_operator to 2022-01-01 00:00:00+00:00, run_after=2022-01-01 00:00:00+00:00
[2026-05-06T23:22:43.858+0000] {logging_mixin.py:188} INFO - [2026-05-06T23:22:43.858+0000] {dag.py:3954} INFO - Setting next_dagrun for example_subdag_operator.section-1 to None, run_after=None
[2026-05-06T23:22:43.859+0000] {logging_mixin.py:188} INFO - [2026-05-06T23:22:43.859+0000] {dag.py:3954} INFO - Setting next_dagrun for example_subdag_operator.section-2 to None, run_after=None
[2026-05-06T23:22:43.863+0000] {logging_mixin.py:188} INFO - [2026-05-06T23:22:43.863+0000] {dag.py:3096} INFO - Sync 2 DAGs
[2026-05-06T23:22:43.866+0000] {logging_mixin.py:188} INFO - [2026-05-06T23:22:43.866+0000] {dag.py:3954} INFO - Setting next_dagrun for example_subdag_operator.section-1 to None, run_after=None
[2026-05-06T23:22:43.866+0000] {logging_mixin.py:188} INFO - [2026-05-06T23:22:43.866+0000] {dag.py:3954} INFO - Setting next_dagrun for example_subdag_operator.section-2 to None, run_after=None
[2026-05-06T23:22:43.877+0000] {processor.py:183} INFO - Processing /usr/local/python/3.12.1/lib/python3.12/site-packages/airflow/example_dags/example_subdag_operator.py took 0.070 seconds
[2026-05-06T23:23:38.583+0000] {processor.py:161} INFO - Started process (PID=15862) to work on /usr/local/python/3.12.1/lib/python3.12/site-packages/airflow/example_dags/example_subdag_operator.py
[2026-05-06T23:23:38.584+0000] {processor.py:830} INFO - Processing file /usr/local/python/3.12.1/lib/python3.12/site-packages/airflow/example_dags/example_subdag_operator.py for tasks to queue
[2026-05-06T23:23:38.585+0000] {logging_mixin.py:188} INFO - [2026-05-06T23:23:38.585+0000] {dagbag.py:545} INFO - Filling up the DagBag from /usr/local/python/3.12.1/lib/python3.12/site-packages/airflow/example_dags/example_subdag_operator.py
[2026-05-06T23:23:38.607+0000] {processor.py:840} INFO - DAG(s) 'example_subdag_operator.section-1', 'example_subdag_operator.section-2', 'example_subdag_operator' retrieved from /usr/local/python/3.12.1/lib/python3.12/site-packages/airflow/example_dags/example_subdag_operator.py
[2026-05-06T23:23:38.624+0000] {logging_mixin.py:188} INFO - [2026-05-06T23:23:38.624+0000] {dag.py:3096} INFO - Sync 3 DAGs
[2026-05-06T23:23:38.646+0000] {logging_mixin.py:188} INFO - [2026-05-06T23:23:38.646+0000] {dag.py:3954} INFO - Setting next_dagrun for example_subdag_operator to 2022-01-01 00:00:00+00:00, run_after=2022-01-01 00:00:00+00:00
[2026-05-06T23:23:38.650+0000] {logging_mixin.py:188} INFO - [2026-05-06T23:23:38.650+0000] {dag.py:3954} INFO - Setting next_dagrun for example_subdag_operator.section-1 to None, run_after=None
[2026-05-06T23:23:38.651+0000] {logging_mixin.py:188} INFO - [2026-05-06T23:23:38.651+0000] {dag.py:3954} INFO - Setting next_dagrun for example_subdag_operator.section-2 to None, run_after=None
[2026-05-06T23:23:38.656+0000] {logging_mixin.py:188} INFO - [2026-05-06T23:23:38.656+0000] {dag.py:3096} INFO - Sync 2 DAGs
[2026-05-06T23:23:38.658+0000] {logging_mixin.py:188} INFO - [2026-05-06T23:23:38.658+0000] {dag.py:3954} INFO - Setting next_dagrun for example_subdag_operator.section-1 to None, run_after=None
[2026-05-06T23:23:38.659+0000] {logging_mixin.py:188} INFO - [2026-05-06T23:23:38.659+0000] {dag.py:3954} INFO - Setting next_dagrun for example_subdag_operator.section-2 to None, run_after=None
[2026-05-06T23:23:38.669+0000] {processor.py:183} INFO - Processing /usr/local/python/3.12.1/lib/python3.12/site-packages/airflow/example_dags/example_subdag_operator.py took 0.090 seconds
[2026-05-06T23:24:36.568+0000] {processor.py:161} INFO - Started process (PID=16682) to work on /usr/local/python/3.12.1/lib/python3.12/site-packages/airflow/example_dags/example_subdag_operator.py
[2026-05-06T23:24:36.569+0000] {processor.py:830} INFO - Processing file /usr/local/python/3.12.1/lib/python3.12/site-packages/airflow/example_dags/example_subdag_operator.py for tasks to queue
[2026-05-06T23:24:36.570+0000] {logging_mixin.py:188} INFO - [2026-05-06T23:24:36.570+0000] {dagbag.py:545} INFO - Filling up the DagBag from /usr/local/python/3.12.1/lib/python3.12/site-packages/airflow/example_dags/example_subdag_operator.py
[2026-05-06T23:24:36.586+0000] {processor.py:840} INFO - DAG(s) 'example_subdag_operator.section-1', 'example_subdag_operator.section-2', 'example_subdag_operator' retrieved from /usr/local/python/3.12.1/lib/python3.12/site-packages/airflow/example_dags/example_subdag_operator.py
[2026-05-06T23:24:36.597+0000] {logging_mixin.py:188} INFO - [2026-05-06T23:24:36.597+0000] {dag.py:3096} INFO - Sync 3 DAGs
[2026-05-06T23:24:36.611+0000] {logging_mixin.py:188} INFO - [2026-05-06T23:24:36.611+0000] {dag.py:3954} INFO - Setting next_dagrun for example_subdag_operator to 2022-01-01 00:00:00+00:00, run_after=2022-01-01 00:00:00+00:00
[2026-05-06T23:24:36.614+0000] {logging_mixin.py:188} INFO - [2026-05-06T23:24:36.614+0000] {dag.py:3954} INFO - Setting next_dagrun for example_subdag_operator.section-1 to None, run_after=None
[2026-05-06T23:24:36.614+0000] {logging_mixin.py:188} INFO - [2026-05-06T23:24:36.614+0000] {dag.py:3954} INFO - Setting next_dagrun for example_subdag_operator.section-2 to None, run_after=None
[2026-05-06T23:24:36.619+0000] {logging_mixin.py:188} INFO - [2026-05-06T23:24:36.619+0000] {dag.py:3096} INFO - Sync 2 DAGs
[2026-05-06T23:24:36.621+0000] {logging_mixin.py:188} INFO - [2026-05-06T23:24:36.621+0000] {dag.py:3954} INFO - Setting next_dagrun for example_subdag_operator.section-1 to None, run_after=None
[2026-05-06T23:24:36.622+0000] {logging_mixin.py:188} INFO - [2026-05-06T23:24:36.622+0000] {dag.py:3954} INFO - Setting next_dagrun for example_subdag_operator.section-2 to None, run_after=None
[2026-05-06T23:24:36.632+0000] {processor.py:183} INFO - Processing /usr/local/python/3.12.1/lib/python3.12/site-packages/airflow/example_dags/example_subdag_operator.py took 0.069 seconds
[2026-05-06T23:25:33.004+0000] {processor.py:161} INFO - Started process (PID=17258) to work on /usr/local/python/3.12.1/lib/python3.12/site-packages/airflow/example_dags/example_subdag_operator.py
[2026-05-06T23:25:33.005+0000] {processor.py:830} INFO - Processing file /usr/local/python/3.12.1/lib/python3.12/site-packages/airflow/example_dags/example_subdag_operator.py for tasks to queue
[2026-05-06T23:25:33.006+0000] {logging_mixin.py:188} INFO - [2026-05-06T23:25:33.006+0000] {dagbag.py:545} INFO - Filling up the DagBag from /usr/local/python/3.12.1/lib/python3.12/site-packages/airflow/example_dags/example_subdag_operator.py
[2026-05-06T23:25:33.022+0000] {processor.py:840} INFO - DAG(s) 'example_subdag_operator.section-1', 'example_subdag_operator.section-2', 'example_subdag_operator' retrieved from /usr/local/python/3.12.1/lib/python3.12/site-packages/airflow/example_dags/example_subdag_operator.py
[2026-05-06T23:25:33.033+0000] {logging_mixin.py:188} INFO - [2026-05-06T23:25:33.033+0000] {dag.py:3096} INFO - Sync 3 DAGs
[2026-05-06T23:25:33.055+0000] {logging_mixin.py:188} INFO - [2026-05-06T23:25:33.054+0000] {dag.py:3954} INFO - Setting next_dagrun for example_subdag_operator to 2022-01-01 00:00:00+00:00, run_after=2022-01-01 00:00:00+00:00
[2026-05-06T23:25:33.058+0000] {logging_mixin.py:188} INFO - [2026-05-06T23:25:33.058+0000] {dag.py:3954} INFO - Setting next_dagrun for example_subdag_operator.section-1 to None, run_after=None
[2026-05-06T23:25:33.059+0000] {logging_mixin.py:188} INFO - [2026-05-06T23:25:33.059+0000] {dag.py:3954} INFO - Setting next_dagrun for example_subdag_operator.section-2 to None, run_after=None
[2026-05-06T23:25:33.067+0000] {logging_mixin.py:188} INFO - [2026-05-06T23:25:33.067+0000] {dag.py:3096} INFO - Sync 2 DAGs
[2026-05-06T23:25:33.070+0000] {logging_mixin.py:188} INFO - [2026-05-06T23:25:33.070+0000] {dag.py:3954} INFO - Setting next_dagrun for example_subdag_operator.section-1 to None, run_after=None
[2026-05-06T23:25:33.071+0000] {logging_mixin.py:188} INFO - [2026-05-06T23:25:33.071+0000] {dag.py:3954} INFO - Setting next_dagrun for example_subdag_operator.section-2 to None, run_after=None
[2026-05-06T23:25:33.081+0000] {processor.py:183} INFO - Processing /usr/local/python/3.12.1/lib/python3.12/site-packages/airflow/example_dags/example_subdag_operator.py took 0.082 seconds
[2026-05-06T23:26:15.728+0000] {processor.py:161} INFO - Started process (PID=17614) to work on /usr/local/python/3.12.1/lib/python3.12/site-packages/airflow/example_dags/example_subdag_operator.py
[2026-05-06T23:26:15.729+0000] {processor.py:830} INFO - Processing file /usr/local/python/3.12.1/lib/python3.12/site-packages/airflow/example_dags/example_subdag_operator.py for tasks to queue
[2026-05-06T23:26:15.730+0000] {logging_mixin.py:188} INFO - [2026-05-06T23:26:15.730+0000] {dagbag.py:545} INFO - Filling up the DagBag from /usr/local/python/3.12.1/lib/python3.12/site-packages/airflow/example_dags/example_subdag_operator.py
[2026-05-06T23:26:15.746+0000] {processor.py:840} INFO - DAG(s) 'example_subdag_operator.section-1', 'example_subdag_operator.section-2', 'example_subdag_operator' retrieved from /usr/local/python/3.12.1/lib/python3.12/site-packages/airflow/example_dags/example_subdag_operator.py
[2026-05-06T23:26:15.758+0000] {logging_mixin.py:188} INFO - [2026-05-06T23:26:15.758+0000] {dag.py:3096} INFO - Sync 3 DAGs
[2026-05-06T23:26:15.772+0000] {logging_mixin.py:188} INFO - [2026-05-06T23:26:15.772+0000] {dag.py:3954} INFO - Setting next_dagrun for example_subdag_operator to 2022-01-01 00:00:00+00:00, run_after=2022-01-01 00:00:00+00:00
[2026-05-06T23:26:15.775+0000] {logging_mixin.py:188} INFO - [2026-05-06T23:26:15.774+0000] {dag.py:3954} INFO - Setting next_dagrun for example_subdag_operator.section-1 to None, run_after=None
[2026-05-06T23:26:15.775+0000] {logging_mixin.py:188} INFO - [2026-05-06T23:26:15.775+0000] {dag.py:3954} INFO - Setting next_dagrun for example_subdag_operator.section-2 to None, run_after=None
[2026-05-06T23:26:15.780+0000] {logging_mixin.py:188} INFO - [2026-05-06T23:26:15.779+0000] {dag.py:3096} INFO - Sync 2 DAGs
[2026-05-06T23:26:15.782+0000] {logging_mixin.py:188} INFO - [2026-05-06T23:26:15.782+0000] {dag.py:3954} INFO - Setting next_dagrun for example_subdag_operator.section-1 to None, run_after=None
[2026-05-06T23:26:15.783+0000] {logging_mixin.py:188} INFO - [2026-05-06T23:26:15.782+0000] {dag.py:3954} INFO - Setting next_dagrun for example_subdag_operator.section-2 to None, run_after=None
[2026-05-06T23:26:15.792+0000] {processor.py:183} INFO - Processing /usr/local/python/3.12.1/lib/python3.12/site-packages/airflow/example_dags/example_subdag_operator.py took 0.069 seconds
[2026-05-06T23:27:11.620+0000] {processor.py:161} INFO - Started process (PID=18148) to work on /usr/local/python/3.12.1/lib/python3.12/site-packages/airflow/example_dags/example_subdag_operator.py
[2026-05-06T23:27:11.621+0000] {processor.py:830} INFO - Processing file /usr/local/python/3.12.1/lib/python3.12/site-packages/airflow/example_dags/example_subdag_operator.py for tasks to queue
[2026-05-06T23:27:11.622+0000] {logging_mixin.py:188} INFO - [2026-05-06T23:27:11.622+0000] {dagbag.py:545} INFO - Filling up the DagBag from /usr/local/python/3.12.1/lib/python3.12/site-packages/airflow/example_dags/example_subdag_operator.py
[2026-05-06T23:27:11.638+0000] {processor.py:840} INFO - DAG(s) 'example_subdag_operator.section-1', 'example_subdag_operator.section-2', 'example_subdag_operator' retrieved from /usr/local/python/3.12.1/lib/python3.12/site-packages/airflow/example_dags/example_subdag_operator.py
[2026-05-06T23:27:11.650+0000] {logging_mixin.py:188} INFO - [2026-05-06T23:27:11.649+0000] {dag.py:3096} INFO - Sync 3 DAGs
[2026-05-06T23:27:11.663+0000] {logging_mixin.py:188} INFO - [2026-05-06T23:27:11.663+0000] {dag.py:3954} INFO - Setting next_dagrun for example_subdag_operator to 2022-01-01 00:00:00+00:00, run_after=2022-01-01 00:00:00+00:00
[2026-05-06T23:27:11.666+0000] {logging_mixin.py:188} INFO - [2026-05-06T23:27:11.666+0000] {dag.py:3954} INFO - Setting next_dagrun for example_subdag_operator.section-1 to None, run_after=None
[2026-05-06T23:27:11.666+0000] {logging_mixin.py:188} INFO - [2026-05-06T23:27:11.666+0000] {dag.py:3954} INFO - Setting next_dagrun for example_subdag_operator.section-2 to None, run_after=None
[2026-05-06T23:27:11.671+0000] {logging_mixin.py:188} INFO - [2026-05-06T23:27:11.671+0000] {dag.py:3096} INFO - Sync 2 DAGs
[2026-05-06T23:27:11.674+0000] {logging_mixin.py:188} INFO - [2026-05-06T23:27:11.673+0000] {dag.py:3954} INFO - Setting next_dagrun for example_subdag_operator.section-1 to None, run_after=None
[2026-05-06T23:27:11.674+0000] {logging_mixin.py:188} INFO - [2026-05-06T23:27:11.674+0000] {dag.py:3954} INFO - Setting next_dagrun for example_subdag_operator.section-2 to None, run_after=None
[2026-05-06T23:27:11.684+0000] {processor.py:183} INFO - Processing /usr/local/python/3.12.1/lib/python3.12/site-packages/airflow/example_dags/example_subdag_operator.py took 0.069 seconds
[2026-05-06T23:27:50.487+0000] {processor.py:161} INFO - Started process (PID=18526) to work on /usr/local/python/3.12.1/lib/python3.12/site-packages/airflow/example_dags/example_subdag_operator.py
[2026-05-06T23:27:50.488+0000] {processor.py:830} INFO - Processing file /usr/local/python/3.12.1/lib/python3.12/site-packages/airflow/example_dags/example_subdag_operator.py for tasks to queue
[2026-05-06T23:27:50.489+0000] {logging_mixin.py:188} INFO - [2026-05-06T23:27:50.489+0000] {dagbag.py:545} INFO - Filling up the DagBag from /usr/local/python/3.12.1/lib/python3.12/site-packages/airflow/example_dags/example_subdag_operator.py
[2026-05-06T23:27:50.506+0000] {processor.py:840} INFO - DAG(s) 'example_subdag_operator.section-1', 'example_subdag_operator.section-2', 'example_subdag_operator' retrieved from /usr/local/python/3.12.1/lib/python3.12/site-packages/airflow/example_dags/example_subdag_operator.py
[2026-05-06T23:27:50.517+0000] {logging_mixin.py:188} INFO - [2026-05-06T23:27:50.517+0000] {dag.py:3096} INFO - Sync 3 DAGs
[2026-05-06T23:27:50.532+0000] {logging_mixin.py:188} INFO - [2026-05-06T23:27:50.531+0000] {dag.py:3954} INFO - Setting next_dagrun for example_subdag_operator to 2022-01-01 00:00:00+00:00, run_after=2022-01-01 00:00:00+00:00
[2026-05-06T23:27:50.534+0000] {logging_mixin.py:188} INFO - [2026-05-06T23:27:50.534+0000] {dag.py:3954} INFO - Setting next_dagrun for example_subdag_operator.section-1 to None, run_after=None
[2026-05-06T23:27:50.535+0000] {logging_mixin.py:188} INFO - [2026-05-06T23:27:50.535+0000] {dag.py:3954} INFO - Setting next_dagrun for example_subdag_operator.section-2 to None, run_after=None
[2026-05-06T23:27:50.540+0000] {logging_mixin.py:188} INFO - [2026-05-06T23:27:50.539+0000] {dag.py:3096} INFO - Sync 2 DAGs
[2026-05-06T23:27:50.543+0000] {logging_mixin.py:188} INFO - [2026-05-06T23:27:50.543+0000] {dag.py:3954} INFO - Setting next_dagrun for example_subdag_operator.section-1 to None, run_after=None
[2026-05-06T23:27:50.543+0000] {logging_mixin.py:188} INFO - [2026-05-06T23:27:50.543+0000] {dag.py:3954} INFO - Setting next_dagrun for example_subdag_operator.section-2 to None, run_after=None
[2026-05-06T23:27:50.556+0000] {processor.py:183} INFO - Processing /usr/local/python/3.12.1/lib/python3.12/site-packages/airflow/example_dags/example_subdag_operator.py took 0.074 seconds
[2026-05-06T23:28:33.343+0000] {processor.py:161} INFO - Started process (PID=18904) to work on /usr/local/python/3.12.1/lib/python3.12/site-packages/airflow/example_dags/example_subdag_operator.py
[2026-05-06T23:28:33.344+0000] {processor.py:830} INFO - Processing file /usr/local/python/3.12.1/lib/python3.12/site-packages/airflow/example_dags/example_subdag_operator.py for tasks to queue
[2026-05-06T23:28:33.346+0000] {logging_mixin.py:188} INFO - [2026-05-06T23:28:33.345+0000] {dagbag.py:545} INFO - Filling up the DagBag from /usr/local/python/3.12.1/lib/python3.12/site-packages/airflow/example_dags/example_subdag_operator.py
[2026-05-06T23:28:33.364+0000] {processor.py:840} INFO - DAG(s) 'example_subdag_operator.section-1', 'example_subdag_operator.section-2', 'example_subdag_operator' retrieved from /usr/local/python/3.12.1/lib/python3.12/site-packages/airflow/example_dags/example_subdag_operator.py
[2026-05-06T23:28:33.376+0000] {logging_mixin.py:188} INFO - [2026-05-06T23:28:33.376+0000] {dag.py:3096} INFO - Sync 3 DAGs
[2026-05-06T23:28:33.477+0000] {logging_mixin.py:188} INFO - [2026-05-06T23:28:33.477+0000] {dag.py:3954} INFO - Setting next_dagrun for example_subdag_operator to 2022-01-01 00:00:00+00:00, run_after=2022-01-01 00:00:00+00:00
[2026-05-06T23:28:33.480+0000] {logging_mixin.py:188} INFO - [2026-05-06T23:28:33.479+0000] {dag.py:3954} INFO - Setting next_dagrun for example_subdag_operator.section-1 to None, run_after=None
[2026-05-06T23:28:33.480+0000] {logging_mixin.py:188} INFO - [2026-05-06T23:28:33.480+0000] {dag.py:3954} INFO - Setting next_dagrun for example_subdag_operator.section-2 to None, run_after=None
[2026-05-06T23:28:33.484+0000] {logging_mixin.py:188} INFO - [2026-05-06T23:28:33.484+0000] {dag.py:3096} INFO - Sync 2 DAGs
[2026-05-06T23:28:33.487+0000] {logging_mixin.py:188} INFO - [2026-05-06T23:28:33.487+0000] {dag.py:3954} INFO - Setting next_dagrun for example_subdag_operator.section-1 to None, run_after=None
[2026-05-06T23:28:33.487+0000] {logging_mixin.py:188} INFO - [2026-05-06T23:28:33.487+0000] {dag.py:3954} INFO - Setting next_dagrun for example_subdag_operator.section-2 to None, run_after=None
[2026-05-06T23:28:33.497+0000] {processor.py:183} INFO - Processing /usr/local/python/3.12.1/lib/python3.12/site-packages/airflow/example_dags/example_subdag_operator.py took 0.159 seconds
[2026-05-06T23:31:42.514+0000] {processor.py:161} INFO - Started process (PID=20718) to work on /usr/local/python/3.12.1/lib/python3.12/site-packages/airflow/example_dags/example_subdag_operator.py
[2026-05-06T23:31:42.515+0000] {processor.py:830} INFO - Processing file /usr/local/python/3.12.1/lib/python3.12/site-packages/airflow/example_dags/example_subdag_operator.py for tasks to queue
[2026-05-06T23:31:42.517+0000] {logging_mixin.py:188} INFO - [2026-05-06T23:31:42.517+0000] {dagbag.py:545} INFO - Filling up the DagBag from /usr/local/python/3.12.1/lib/python3.12/site-packages/airflow/example_dags/example_subdag_operator.py
[2026-05-06T23:31:42.533+0000] {processor.py:840} INFO - DAG(s) 'example_subdag_operator.section-1', 'example_subdag_operator.section-2', 'example_subdag_operator' retrieved from /usr/local/python/3.12.1/lib/python3.12/site-packages/airflow/example_dags/example_subdag_operator.py
[2026-05-06T23:31:42.547+0000] {logging_mixin.py:188} INFO - [2026-05-06T23:31:42.547+0000] {dag.py:3096} INFO - Sync 3 DAGs
[2026-05-06T23:31:42.562+0000] {logging_mixin.py:188} INFO - [2026-05-06T23:31:42.561+0000] {dag.py:3954} INFO - Setting next_dagrun for example_subdag_operator to 2022-01-01 00:00:00+00:00, run_after=2022-01-01 00:00:00+00:00
[2026-05-06T23:31:42.564+0000] {logging_mixin.py:188} INFO - [2026-05-06T23:31:42.564+0000] {dag.py:3954} INFO - Setting next_dagrun for example_subdag_operator.section-1 to None, run_after=None
[2026-05-06T23:31:42.565+0000] {logging_mixin.py:188} INFO - [2026-05-06T23:31:42.565+0000] {dag.py:3954} INFO - Setting next_dagrun for example_subdag_operator.section-2 to None, run_after=None
[2026-05-06T23:31:42.569+0000] {logging_mixin.py:188} INFO - [2026-05-06T23:31:42.569+0000] {dag.py:3096} INFO - Sync 2 DAGs
[2026-05-06T23:31:42.572+0000] {logging_mixin.py:188} INFO - [2026-05-06T23:31:42.572+0000] {dag.py:3954} INFO - Setting next_dagrun for example_subdag_operator.section-1 to None, run_after=None
[2026-05-06T23:31:42.573+0000] {logging_mixin.py:188} INFO - [2026-05-06T23:31:42.573+0000] {dag.py:3954} INFO - Setting next_dagrun for example_subdag_operator.section-2 to None, run_after=None
[2026-05-06T23:31:42.583+0000] {processor.py:183} INFO - Processing /usr/local/python/3.12.1/lib/python3.12/site-packages/airflow/example_dags/example_subdag_operator.py took 0.073 seconds
[2026-05-06T23:32:31.121+0000] {processor.py:161} INFO - Started process (PID=21101) to work on /usr/local/python/3.12.1/lib/python3.12/site-packages/airflow/example_dags/example_subdag_operator.py
[2026-05-06T23:32:31.122+0000] {processor.py:830} INFO - Processing file /usr/local/python/3.12.1/lib/python3.12/site-packages/airflow/example_dags/example_subdag_operator.py for tasks to queue
[2026-05-06T23:32:31.124+0000] {logging_mixin.py:188} INFO - [2026-05-06T23:32:31.123+0000] {dagbag.py:545} INFO - Filling up the DagBag from /usr/local/python/3.12.1/lib/python3.12/site-packages/airflow/example_dags/example_subdag_operator.py
[2026-05-06T23:32:31.140+0000] {processor.py:840} INFO - DAG(s) 'example_subdag_operator.section-1', 'example_subdag_operator.section-2', 'example_subdag_operator' retrieved from /usr/local/python/3.12.1/lib/python3.12/site-packages/airflow/example_dags/example_subdag_operator.py
[2026-05-06T23:32:31.152+0000] {logging_mixin.py:188} INFO - [2026-05-06T23:32:31.152+0000] {dag.py:3096} INFO - Sync 3 DAGs
[2026-05-06T23:32:31.167+0000] {logging_mixin.py:188} INFO - [2026-05-06T23:32:31.167+0000] {dag.py:3954} INFO - Setting next_dagrun for example_subdag_operator to 2022-01-01 00:00:00+00:00, run_after=2022-01-01 00:00:00+00:00
[2026-05-06T23:32:31.170+0000] {logging_mixin.py:188} INFO - [2026-05-06T23:32:31.170+0000] {dag.py:3954} INFO - Setting next_dagrun for example_subdag_operator.section-1 to None, run_after=None
[2026-05-06T23:32:31.171+0000] {logging_mixin.py:188} INFO - [2026-05-06T23:32:31.170+0000] {dag.py:3954} INFO - Setting next_dagrun for example_subdag_operator.section-2 to None, run_after=None
[2026-05-06T23:32:31.175+0000] {logging_mixin.py:188} INFO - [2026-05-06T23:32:31.175+0000] {dag.py:3096} INFO - Sync 2 DAGs
[2026-05-06T23:32:31.178+0000] {logging_mixin.py:188} INFO - [2026-05-06T23:32:31.178+0000] {dag.py:3954} INFO - Setting next_dagrun for example_subdag_operator.section-1 to None, run_after=None
[2026-05-06T23:32:31.178+0000] {logging_mixin.py:188} INFO - [2026-05-06T23:32:31.178+0000] {dag.py:3954} INFO - Setting next_dagrun for example_subdag_operator.section-2 to None, run_after=None
[2026-05-06T23:32:31.189+0000] {processor.py:183} INFO - Processing /usr/local/python/3.12.1/lib/python3.12/site-packages/airflow/example_dags/example_subdag_operator.py took 0.073 seconds
[2026-05-06T23:33:21.298+0000] {processor.py:161} INFO - Started process (PID=21494) to work on /usr/local/python/3.12.1/lib/python3.12/site-packages/airflow/example_dags/example_subdag_operator.py
[2026-05-06T23:33:21.299+0000] {processor.py:830} INFO - Processing file /usr/local/python/3.12.1/lib/python3.12/site-packages/airflow/example_dags/example_subdag_operator.py for tasks to queue
[2026-05-06T23:33:21.301+0000] {logging_mixin.py:188} INFO - [2026-05-06T23:33:21.300+0000] {dagbag.py:545} INFO - Filling up the DagBag from /usr/local/python/3.12.1/lib/python3.12/site-packages/airflow/example_dags/example_subdag_operator.py
[2026-05-06T23:33:21.316+0000] {processor.py:840} INFO - DAG(s) 'example_subdag_operator.section-1', 'example_subdag_operator.section-2', 'example_subdag_operator' retrieved from /usr/local/python/3.12.1/lib/python3.12/site-packages/airflow/example_dags/example_subdag_operator.py
[2026-05-06T23:33:21.328+0000] {logging_mixin.py:188} INFO - [2026-05-06T23:33:21.327+0000] {dag.py:3096} INFO - Sync 3 DAGs
[2026-05-06T23:33:21.343+0000] {logging_mixin.py:188} INFO - [2026-05-06T23:33:21.343+0000] {dag.py:3954} INFO - Setting next_dagrun for example_subdag_operator to 2022-01-01 00:00:00+00:00, run_after=2022-01-01 00:00:00+00:00
[2026-05-06T23:33:21.346+0000] {logging_mixin.py:188} INFO - [2026-05-06T23:33:21.346+0000] {dag.py:3954} INFO - Setting next_dagrun for example_subdag_operator.section-1 to None, run_after=None
[2026-05-06T23:33:21.346+0000] {logging_mixin.py:188} INFO - [2026-05-06T23:33:21.346+0000] {dag.py:3954} INFO - Setting next_dagrun for example_subdag_operator.section-2 to None, run_after=None
[2026-05-06T23:33:21.351+0000] {logging_mixin.py:188} INFO - [2026-05-06T23:33:21.351+0000] {dag.py:3096} INFO - Sync 2 DAGs
[2026-05-06T23:33:21.354+0000] {logging_mixin.py:188} INFO - [2026-05-06T23:33:21.354+0000] {dag.py:3954} INFO - Setting next_dagrun for example_subdag_operator.section-1 to None, run_after=None
[2026-05-06T23:33:21.354+0000] {logging_mixin.py:188} INFO - [2026-05-06T23:33:21.354+0000] {dag.py:3954} INFO - Setting next_dagrun for example_subdag_operator.section-2 to None, run_after=None
[2026-05-06T23:33:21.374+0000] {processor.py:183} INFO - Processing /usr/local/python/3.12.1/lib/python3.12/site-packages/airflow/example_dags/example_subdag_operator.py took 0.081 seconds
[2026-05-06T23:34:17.965+0000] {processor.py:161} INFO - Started process (PID=21952) to work on /usr/local/python/3.12.1/lib/python3.12/site-packages/airflow/example_dags/example_subdag_operator.py
[2026-05-06T23:34:17.966+0000] {processor.py:830} INFO - Processing file /usr/local/python/3.12.1/lib/python3.12/site-packages/airflow/example_dags/example_subdag_operator.py for tasks to queue
[2026-05-06T23:34:17.968+0000] {logging_mixin.py:188} INFO - [2026-05-06T23:34:17.968+0000] {dagbag.py:545} INFO - Filling up the DagBag from /usr/local/python/3.12.1/lib/python3.12/site-packages/airflow/example_dags/example_subdag_operator.py
[2026-05-06T23:34:17.996+0000] {processor.py:840} INFO - DAG(s) 'example_subdag_operator.section-1', 'example_subdag_operator.section-2', 'example_subdag_operator' retrieved from /usr/local/python/3.12.1/lib/python3.12/site-packages/airflow/example_dags/example_subdag_operator.py
[2026-05-06T23:34:18.021+0000] {logging_mixin.py:188} INFO - [2026-05-06T23:34:18.021+0000] {dag.py:3096} INFO - Sync 3 DAGs
[2026-05-06T23:34:18.049+0000] {logging_mixin.py:188} INFO - [2026-05-06T23:34:18.049+0000] {dag.py:3954} INFO - Setting next_dagrun for example_subdag_operator to 2022-01-01 00:00:00+00:00, run_after=2022-01-01 00:00:00+00:00
[2026-05-06T23:34:18.056+0000] {logging_mixin.py:188} INFO - [2026-05-06T23:34:18.056+0000] {dag.py:3954} INFO - Setting next_dagrun for example_subdag_operator.section-1 to None, run_after=None
[2026-05-06T23:34:18.057+0000] {logging_mixin.py:188} INFO - [2026-05-06T23:34:18.057+0000] {dag.py:3954} INFO - Setting next_dagrun for example_subdag_operator.section-2 to None, run_after=None
[2026-05-06T23:34:18.068+0000] {logging_mixin.py:188} INFO - [2026-05-06T23:34:18.068+0000] {dag.py:3096} INFO - Sync 2 DAGs
[2026-05-06T23:34:18.075+0000] {logging_mixin.py:188} INFO - [2026-05-06T23:34:18.074+0000] {dag.py:3954} INFO - Setting next_dagrun for example_subdag_operator.section-1 to None, run_after=None
[2026-05-06T23:34:18.076+0000] {logging_mixin.py:188} INFO - [2026-05-06T23:34:18.076+0000] {dag.py:3954} INFO - Setting next_dagrun for example_subdag_operator.section-2 to None, run_after=None
[2026-05-06T23:34:18.103+0000] {processor.py:183} INFO - Processing /usr/local/python/3.12.1/lib/python3.12/site-packages/airflow/example_dags/example_subdag_operator.py took 0.148 seconds
[2026-05-06T23:35:15.383+0000] {processor.py:161} INFO - Started process (PID=22399) to work on /usr/local/python/3.12.1/lib/python3.12/site-packages/airflow/example_dags/example_subdag_operator.py
[2026-05-06T23:35:15.384+0000] {processor.py:830} INFO - Processing file /usr/local/python/3.12.1/lib/python3.12/site-packages/airflow/example_dags/example_subdag_operator.py for tasks to queue
[2026-05-06T23:35:15.386+0000] {logging_mixin.py:188} INFO - [2026-05-06T23:35:15.385+0000] {dagbag.py:545} INFO - Filling up the DagBag from /usr/local/python/3.12.1/lib/python3.12/site-packages/airflow/example_dags/example_subdag_operator.py
[2026-05-06T23:35:15.402+0000] {processor.py:840} INFO - DAG(s) 'example_subdag_operator.section-1', 'example_subdag_operator.section-2', 'example_subdag_operator' retrieved from /usr/local/python/3.12.1/lib/python3.12/site-packages/airflow/example_dags/example_subdag_operator.py
[2026-05-06T23:35:15.414+0000] {logging_mixin.py:188} INFO - [2026-05-06T23:35:15.414+0000] {dag.py:3096} INFO - Sync 3 DAGs
[2026-05-06T23:35:15.429+0000] {logging_mixin.py:188} INFO - [2026-05-06T23:35:15.428+0000] {dag.py:3954} INFO - Setting next_dagrun for example_subdag_operator to 2022-01-01 00:00:00+00:00, run_after=2022-01-01 00:00:00+00:00
[2026-05-06T23:35:15.431+0000] {logging_mixin.py:188} INFO - [2026-05-06T23:35:15.431+0000] {dag.py:3954} INFO - Setting next_dagrun for example_subdag_operator.section-1 to None, run_after=None
[2026-05-06T23:35:15.432+0000] {logging_mixin.py:188} INFO - [2026-05-06T23:35:15.432+0000] {dag.py:3954} INFO - Setting next_dagrun for example_subdag_operator.section-2 to None, run_after=None
[2026-05-06T23:35:15.436+0000] {logging_mixin.py:188} INFO - [2026-05-06T23:35:15.436+0000] {dag.py:3096} INFO - Sync 2 DAGs
[2026-05-06T23:35:15.439+0000] {logging_mixin.py:188} INFO - [2026-05-06T23:35:15.439+0000] {dag.py:3954} INFO - Setting next_dagrun for example_subdag_operator.section-1 to None, run_after=None
[2026-05-06T23:35:15.440+0000] {logging_mixin.py:188} INFO - [2026-05-06T23:35:15.440+0000] {dag.py:3954} INFO - Setting next_dagrun for example_subdag_operator.section-2 to None, run_after=None
[2026-05-06T23:35:15.451+0000] {processor.py:183} INFO - Processing /usr/local/python/3.12.1/lib/python3.12/site-packages/airflow/example_dags/example_subdag_operator.py took 0.072 seconds
[2026-05-06T23:36:11.857+0000] {processor.py:161} INFO - Started process (PID=22850) to work on /usr/local/python/3.12.1/lib/python3.12/site-packages/airflow/example_dags/example_subdag_operator.py
[2026-05-06T23:36:11.857+0000] {processor.py:830} INFO - Processing file /usr/local/python/3.12.1/lib/python3.12/site-packages/airflow/example_dags/example_subdag_operator.py for tasks to queue
[2026-05-06T23:36:11.859+0000] {logging_mixin.py:188} INFO - [2026-05-06T23:36:11.858+0000] {dagbag.py:545} INFO - Filling up the DagBag from /usr/local/python/3.12.1/lib/python3.12/site-packages/airflow/example_dags/example_subdag_operator.py
[2026-05-06T23:36:11.875+0000] {processor.py:840} INFO - DAG(s) 'example_subdag_operator.section-1', 'example_subdag_operator.section-2', 'example_subdag_operator' retrieved from /usr/local/python/3.12.1/lib/python3.12/site-packages/airflow/example_dags/example_subdag_operator.py
[2026-05-06T23:36:11.886+0000] {logging_mixin.py:188} INFO - [2026-05-06T23:36:11.886+0000] {dag.py:3096} INFO - Sync 3 DAGs
[2026-05-06T23:36:11.901+0000] {logging_mixin.py:188} INFO - [2026-05-06T23:36:11.901+0000] {dag.py:3954} INFO - Setting next_dagrun for example_subdag_operator to 2022-01-01 00:00:00+00:00, run_after=2022-01-01 00:00:00+00:00
[2026-05-06T23:36:11.904+0000] {logging_mixin.py:188} INFO - [2026-05-06T23:36:11.903+0000] {dag.py:3954} INFO - Setting next_dagrun for example_subdag_operator.section-1 to None, run_after=None
[2026-05-06T23:36:11.904+0000] {logging_mixin.py:188} INFO - [2026-05-06T23:36:11.904+0000] {dag.py:3954} INFO - Setting next_dagrun for example_subdag_operator.section-2 to None, run_after=None
[2026-05-06T23:36:11.909+0000] {logging_mixin.py:188} INFO - [2026-05-06T23:36:11.909+0000] {dag.py:3096} INFO - Sync 2 DAGs
[2026-05-06T23:36:11.912+0000] {logging_mixin.py:188} INFO - [2026-05-06T23:36:11.911+0000] {dag.py:3954} INFO - Setting next_dagrun for example_subdag_operator.section-1 to None, run_after=None
[2026-05-06T23:36:11.912+0000] {logging_mixin.py:188} INFO - [2026-05-06T23:36:11.912+0000] {dag.py:3954} INFO - Setting next_dagrun for example_subdag_operator.section-2 to None, run_after=None
[2026-05-06T23:36:11.922+0000] {processor.py:183} INFO - Processing /usr/local/python/3.12.1/lib/python3.12/site-packages/airflow/example_dags/example_subdag_operator.py took 0.070 seconds
[2026-05-06T23:37:07.958+0000] {processor.py:161} INFO - Started process (PID=23275) to work on /usr/local/python/3.12.1/lib/python3.12/site-packages/airflow/example_dags/example_subdag_operator.py
[2026-05-06T23:37:07.959+0000] {processor.py:830} INFO - Processing file /usr/local/python/3.12.1/lib/python3.12/site-packages/airflow/example_dags/example_subdag_operator.py for tasks to queue
[2026-05-06T23:37:07.960+0000] {logging_mixin.py:188} INFO - [2026-05-06T23:37:07.960+0000] {dagbag.py:545} INFO - Filling up the DagBag from /usr/local/python/3.12.1/lib/python3.12/site-packages/airflow/example_dags/example_subdag_operator.py
[2026-05-06T23:37:07.978+0000] {processor.py:840} INFO - DAG(s) 'example_subdag_operator.section-1', 'example_subdag_operator.section-2', 'example_subdag_operator' retrieved from /usr/local/python/3.12.1/lib/python3.12/site-packages/airflow/example_dags/example_subdag_operator.py
[2026-05-06T23:37:07.990+0000] {logging_mixin.py:188} INFO - [2026-05-06T23:37:07.990+0000] {dag.py:3096} INFO - Sync 3 DAGs
[2026-05-06T23:37:08.006+0000] {logging_mixin.py:188} INFO - [2026-05-06T23:37:08.006+0000] {dag.py:3954} INFO - Setting next_dagrun for example_subdag_operator to 2022-01-01 00:00:00+00:00, run_after=2022-01-01 00:00:00+00:00
[2026-05-06T23:37:08.009+0000] {logging_mixin.py:188} INFO - [2026-05-06T23:37:08.009+0000] {dag.py:3954} INFO - Setting next_dagrun for example_subdag_operator.section-1 to None, run_after=None
[2026-05-06T23:37:08.010+0000] {logging_mixin.py:188} INFO - [2026-05-06T23:37:08.009+0000] {dag.py:3954} INFO - Setting next_dagrun for example_subdag_operator.section-2 to None, run_after=None
[2026-05-06T23:37:08.014+0000] {logging_mixin.py:188} INFO - [2026-05-06T23:37:08.014+0000] {dag.py:3096} INFO - Sync 2 DAGs
[2026-05-06T23:37:08.018+0000] {logging_mixin.py:188} INFO - [2026-05-06T23:37:08.017+0000] {dag.py:3954} INFO - Setting next_dagrun for example_subdag_operator.section-1 to None, run_after=None
[2026-05-06T23:37:08.018+0000] {logging_mixin.py:188} INFO - [2026-05-06T23:37:08.018+0000] {dag.py:3954} INFO - Setting next_dagrun for example_subdag_operator.section-2 to None, run_after=None
[2026-05-06T23:37:08.029+0000] {processor.py:183} INFO - Processing /usr/local/python/3.12.1/lib/python3.12/site-packages/airflow/example_dags/example_subdag_operator.py took 0.076 seconds
[2026-05-06T23:37:47.561+0000] {processor.py:161} INFO - Started process (PID=23585) to work on /usr/local/python/3.12.1/lib/python3.12/site-packages/airflow/example_dags/example_subdag_operator.py
[2026-05-06T23:37:47.561+0000] {processor.py:830} INFO - Processing file /usr/local/python/3.12.1/lib/python3.12/site-packages/airflow/example_dags/example_subdag_operator.py for tasks to queue
[2026-05-06T23:37:47.563+0000] {logging_mixin.py:188} INFO - [2026-05-06T23:37:47.562+0000] {dagbag.py:545} INFO - Filling up the DagBag from /usr/local/python/3.12.1/lib/python3.12/site-packages/airflow/example_dags/example_subdag_operator.py
[2026-05-06T23:37:47.582+0000] {processor.py:840} INFO - DAG(s) 'example_subdag_operator.section-1', 'example_subdag_operator.section-2', 'example_subdag_operator' retrieved from /usr/local/python/3.12.1/lib/python3.12/site-packages/airflow/example_dags/example_subdag_operator.py
[2026-05-06T23:37:47.594+0000] {logging_mixin.py:188} INFO - [2026-05-06T23:37:47.594+0000] {dag.py:3096} INFO - Sync 3 DAGs
[2026-05-06T23:37:47.708+0000] {logging_mixin.py:188} INFO - [2026-05-06T23:37:47.708+0000] {dag.py:3954} INFO - Setting next_dagrun for example_subdag_operator to 2022-01-01 00:00:00+00:00, run_after=2022-01-01 00:00:00+00:00
[2026-05-06T23:37:47.712+0000] {logging_mixin.py:188} INFO - [2026-05-06T23:37:47.711+0000] {dag.py:3954} INFO - Setting next_dagrun for example_subdag_operator.section-1 to None, run_after=None
[2026-05-06T23:37:47.713+0000] {logging_mixin.py:188} INFO - [2026-05-06T23:37:47.712+0000] {dag.py:3954} INFO - Setting next_dagrun for example_subdag_operator.section-2 to None, run_after=None
[2026-05-06T23:37:47.717+0000] {logging_mixin.py:188} INFO - [2026-05-06T23:37:47.717+0000] {dag.py:3096} INFO - Sync 2 DAGs
[2026-05-06T23:37:47.720+0000] {logging_mixin.py:188} INFO - [2026-05-06T23:37:47.720+0000] {dag.py:3954} INFO - Setting next_dagrun for example_subdag_operator.section-1 to None, run_after=None
[2026-05-06T23:37:47.721+0000] {logging_mixin.py:188} INFO - [2026-05-06T23:37:47.720+0000] {dag.py:3954} INFO - Setting next_dagrun for example_subdag_operator.section-2 to None, run_after=None
[2026-05-06T23:37:47.731+0000] {processor.py:183} INFO - Processing /usr/local/python/3.12.1/lib/python3.12/site-packages/airflow/example_dags/example_subdag_operator.py took 0.176 seconds
[2026-05-06T23:38:28.191+0000] {processor.py:161} INFO - Started process (PID=23905) to work on /usr/local/python/3.12.1/lib/python3.12/site-packages/airflow/example_dags/example_subdag_operator.py
[2026-05-06T23:38:28.192+0000] {processor.py:830} INFO - Processing file /usr/local/python/3.12.1/lib/python3.12/site-packages/airflow/example_dags/example_subdag_operator.py for tasks to queue
[2026-05-06T23:38:28.193+0000] {logging_mixin.py:188} INFO - [2026-05-06T23:38:28.193+0000] {dagbag.py:545} INFO - Filling up the DagBag from /usr/local/python/3.12.1/lib/python3.12/site-packages/airflow/example_dags/example_subdag_operator.py
[2026-05-06T23:38:28.210+0000] {processor.py:840} INFO - DAG(s) 'example_subdag_operator.section-1', 'example_subdag_operator.section-2', 'example_subdag_operator' retrieved from /usr/local/python/3.12.1/lib/python3.12/site-packages/airflow/example_dags/example_subdag_operator.py
[2026-05-06T23:38:28.223+0000] {logging_mixin.py:188} INFO - [2026-05-06T23:38:28.223+0000] {dag.py:3096} INFO - Sync 3 DAGs
[2026-05-06T23:38:28.240+0000] {logging_mixin.py:188} INFO - [2026-05-06T23:38:28.240+0000] {dag.py:3954} INFO - Setting next_dagrun for example_subdag_operator to 2022-01-01 00:00:00+00:00, run_after=2022-01-01 00:00:00+00:00
[2026-05-06T23:38:28.243+0000] {logging_mixin.py:188} INFO - [2026-05-06T23:38:28.242+0000] {dag.py:3954} INFO - Setting next_dagrun for example_subdag_operator.section-1 to None, run_after=None
[2026-05-06T23:38:28.243+0000] {logging_mixin.py:188} INFO - [2026-05-06T23:38:28.243+0000] {dag.py:3954} INFO - Setting next_dagrun for example_subdag_operator.section-2 to None, run_after=None
[2026-05-06T23:38:28.249+0000] {logging_mixin.py:188} INFO - [2026-05-06T23:38:28.248+0000] {dag.py:3096} INFO - Sync 2 DAGs
[2026-05-06T23:38:28.252+0000] {logging_mixin.py:188} INFO - [2026-05-06T23:38:28.251+0000] {dag.py:3954} INFO - Setting next_dagrun for example_subdag_operator.section-1 to None, run_after=None
[2026-05-06T23:38:28.252+0000] {logging_mixin.py:188} INFO - [2026-05-06T23:38:28.252+0000] {dag.py:3954} INFO - Setting next_dagrun for example_subdag_operator.section-2 to None, run_after=None
[2026-05-06T23:38:28.264+0000] {processor.py:183} INFO - Processing /usr/local/python/3.12.1/lib/python3.12/site-packages/airflow/example_dags/example_subdag_operator.py took 0.078 seconds
[2026-05-06T23:39:26.202+0000] {processor.py:161} INFO - Started process (PID=24361) to work on /usr/local/python/3.12.1/lib/python3.12/site-packages/airflow/example_dags/example_subdag_operator.py
[2026-05-06T23:39:26.203+0000] {processor.py:830} INFO - Processing file /usr/local/python/3.12.1/lib/python3.12/site-packages/airflow/example_dags/example_subdag_operator.py for tasks to queue
[2026-05-06T23:39:26.204+0000] {logging_mixin.py:188} INFO - [2026-05-06T23:39:26.204+0000] {dagbag.py:545} INFO - Filling up the DagBag from /usr/local/python/3.12.1/lib/python3.12/site-packages/airflow/example_dags/example_subdag_operator.py
[2026-05-06T23:39:26.221+0000] {processor.py:840} INFO - DAG(s) 'example_subdag_operator.section-1', 'example_subdag_operator.section-2', 'example_subdag_operator' retrieved from /usr/local/python/3.12.1/lib/python3.12/site-packages/airflow/example_dags/example_subdag_operator.py
[2026-05-06T23:39:26.233+0000] {logging_mixin.py:188} INFO - [2026-05-06T23:39:26.233+0000] {dag.py:3096} INFO - Sync 3 DAGs
[2026-05-06T23:39:26.249+0000] {logging_mixin.py:188} INFO - [2026-05-06T23:39:26.249+0000] {dag.py:3954} INFO - Setting next_dagrun for example_subdag_operator to 2022-01-01 00:00:00+00:00, run_after=2022-01-01 00:00:00+00:00
[2026-05-06T23:39:26.252+0000] {logging_mixin.py:188} INFO - [2026-05-06T23:39:26.252+0000] {dag.py:3954} INFO - Setting next_dagrun for example_subdag_operator.section-1 to None, run_after=None
[2026-05-06T23:39:26.253+0000] {logging_mixin.py:188} INFO - [2026-05-06T23:39:26.253+0000] {dag.py:3954} INFO - Setting next_dagrun for example_subdag_operator.section-2 to None, run_after=None
[2026-05-06T23:39:26.258+0000] {logging_mixin.py:188} INFO - [2026-05-06T23:39:26.258+0000] {dag.py:3096} INFO - Sync 2 DAGs
[2026-05-06T23:39:26.261+0000] {logging_mixin.py:188} INFO - [2026-05-06T23:39:26.261+0000] {dag.py:3954} INFO - Setting next_dagrun for example_subdag_operator.section-1 to None, run_after=None
[2026-05-06T23:39:26.262+0000] {logging_mixin.py:188} INFO - [2026-05-06T23:39:26.261+0000] {dag.py:3954} INFO - Setting next_dagrun for example_subdag_operator.section-2 to None, run_after=None
[2026-05-06T23:39:26.273+0000] {processor.py:183} INFO - Processing /usr/local/python/3.12.1/lib/python3.12/site-packages/airflow/example_dags/example_subdag_operator.py took 0.076 seconds
[2026-05-06T23:40:25.699+0000] {processor.py:161} INFO - Started process (PID=24828) to work on /usr/local/python/3.12.1/lib/python3.12/site-packages/airflow/example_dags/example_subdag_operator.py
[2026-05-06T23:40:25.700+0000] {processor.py:830} INFO - Processing file /usr/local/python/3.12.1/lib/python3.12/site-packages/airflow/example_dags/example_subdag_operator.py for tasks to queue
[2026-05-06T23:40:25.701+0000] {logging_mixin.py:188} INFO - [2026-05-06T23:40:25.701+0000] {dagbag.py:545} INFO - Filling up the DagBag from /usr/local/python/3.12.1/lib/python3.12/site-packages/airflow/example_dags/example_subdag_operator.py
[2026-05-06T23:40:25.719+0000] {processor.py:840} INFO - DAG(s) 'example_subdag_operator.section-1', 'example_subdag_operator.section-2', 'example_subdag_operator' retrieved from /usr/local/python/3.12.1/lib/python3.12/site-packages/airflow/example_dags/example_subdag_operator.py
[2026-05-06T23:40:25.731+0000] {logging_mixin.py:188} INFO - [2026-05-06T23:40:25.731+0000] {dag.py:3096} INFO - Sync 3 DAGs
[2026-05-06T23:40:25.847+0000] {logging_mixin.py:188} INFO - [2026-05-06T23:40:25.847+0000] {dag.py:3954} INFO - Setting next_dagrun for example_subdag_operator to 2022-01-01 00:00:00+00:00, run_after=2022-01-01 00:00:00+00:00
[2026-05-06T23:40:25.850+0000] {logging_mixin.py:188} INFO - [2026-05-06T23:40:25.850+0000] {dag.py:3954} INFO - Setting next_dagrun for example_subdag_operator.section-1 to None, run_after=None
[2026-05-06T23:40:25.851+0000] {logging_mixin.py:188} INFO - [2026-05-06T23:40:25.850+0000] {dag.py:3954} INFO - Setting next_dagrun for example_subdag_operator.section-2 to None, run_after=None
[2026-05-06T23:40:25.855+0000] {logging_mixin.py:188} INFO - [2026-05-06T23:40:25.855+0000] {dag.py:3096} INFO - Sync 2 DAGs
[2026-05-06T23:40:25.858+0000] {logging_mixin.py:188} INFO - [2026-05-06T23:40:25.858+0000] {dag.py:3954} INFO - Setting next_dagrun for example_subdag_operator.section-1 to None, run_after=None
[2026-05-06T23:40:25.858+0000] {logging_mixin.py:188} INFO - [2026-05-06T23:40:25.858+0000] {dag.py:3954} INFO - Setting next_dagrun for example_subdag_operator.section-2 to None, run_after=None
[2026-05-06T23:40:25.868+0000] {processor.py:183} INFO - Processing /usr/local/python/3.12.1/lib/python3.12/site-packages/airflow/example_dags/example_subdag_operator.py took 0.174 seconds
[2026-05-06T23:41:07.938+0000] {processor.py:161} INFO - Started process (PID=25153) to work on /usr/local/python/3.12.1/lib/python3.12/site-packages/airflow/example_dags/example_subdag_operator.py
[2026-05-06T23:41:07.938+0000] {processor.py:830} INFO - Processing file /usr/local/python/3.12.1/lib/python3.12/site-packages/airflow/example_dags/example_subdag_operator.py for tasks to queue
[2026-05-06T23:41:07.940+0000] {logging_mixin.py:188} INFO - [2026-05-06T23:41:07.940+0000] {dagbag.py:545} INFO - Filling up the DagBag from /usr/local/python/3.12.1/lib/python3.12/site-packages/airflow/example_dags/example_subdag_operator.py
[2026-05-06T23:41:07.957+0000] {processor.py:840} INFO - DAG(s) 'example_subdag_operator.section-1', 'example_subdag_operator.section-2', 'example_subdag_operator' retrieved from /usr/local/python/3.12.1/lib/python3.12/site-packages/airflow/example_dags/example_subdag_operator.py
[2026-05-06T23:41:07.970+0000] {logging_mixin.py:188} INFO - [2026-05-06T23:41:07.969+0000] {dag.py:3096} INFO - Sync 3 DAGs
[2026-05-06T23:41:07.985+0000] {logging_mixin.py:188} INFO - [2026-05-06T23:41:07.985+0000] {dag.py:3954} INFO - Setting next_dagrun for example_subdag_operator to 2022-01-01 00:00:00+00:00, run_after=2022-01-01 00:00:00+00:00
[2026-05-06T23:41:07.988+0000] {logging_mixin.py:188} INFO - [2026-05-06T23:41:07.988+0000] {dag.py:3954} INFO - Setting next_dagrun for example_subdag_operator.section-1 to None, run_after=None
[2026-05-06T23:41:07.989+0000] {logging_mixin.py:188} INFO - [2026-05-06T23:41:07.988+0000] {dag.py:3954} INFO - Setting next_dagrun for example_subdag_operator.section-2 to None, run_after=None
[2026-05-06T23:41:07.993+0000] {logging_mixin.py:188} INFO - [2026-05-06T23:41:07.993+0000] {dag.py:3096} INFO - Sync 2 DAGs
[2026-05-06T23:41:07.996+0000] {logging_mixin.py:188} INFO - [2026-05-06T23:41:07.996+0000] {dag.py:3954} INFO - Setting next_dagrun for example_subdag_operator.section-1 to None, run_after=None
[2026-05-06T23:41:07.996+0000] {logging_mixin.py:188} INFO - [2026-05-06T23:41:07.996+0000] {dag.py:3954} INFO - Setting next_dagrun for example_subdag_operator.section-2 to None, run_after=None
[2026-05-06T23:41:08.007+0000] {processor.py:183} INFO - Processing /usr/local/python/3.12.1/lib/python3.12/site-packages/airflow/example_dags/example_subdag_operator.py took 0.074 seconds
[2026-05-06T23:42:05.623+0000] {processor.py:161} INFO - Started process (PID=25610) to work on /usr/local/python/3.12.1/lib/python3.12/site-packages/airflow/example_dags/example_subdag_operator.py
[2026-05-06T23:42:05.624+0000] {processor.py:830} INFO - Processing file /usr/local/python/3.12.1/lib/python3.12/site-packages/airflow/example_dags/example_subdag_operator.py for tasks to queue
[2026-05-06T23:42:05.626+0000] {logging_mixin.py:188} INFO - [2026-05-06T23:42:05.625+0000] {dagbag.py:545} INFO - Filling up the DagBag from /usr/local/python/3.12.1/lib/python3.12/site-packages/airflow/example_dags/example_subdag_operator.py
[2026-05-06T23:42:05.642+0000] {processor.py:840} INFO - DAG(s) 'example_subdag_operator.section-1', 'example_subdag_operator.section-2', 'example_subdag_operator' retrieved from /usr/local/python/3.12.1/lib/python3.12/site-packages/airflow/example_dags/example_subdag_operator.py
[2026-05-06T23:42:05.661+0000] {logging_mixin.py:188} INFO - [2026-05-06T23:42:05.661+0000] {dag.py:3096} INFO - Sync 3 DAGs
[2026-05-06T23:42:05.684+0000] {logging_mixin.py:188} INFO - [2026-05-06T23:42:05.684+0000] {dag.py:3954} INFO - Setting next_dagrun for example_subdag_operator to 2022-01-01 00:00:00+00:00, run_after=2022-01-01 00:00:00+00:00
[2026-05-06T23:42:05.689+0000] {logging_mixin.py:188} INFO - [2026-05-06T23:42:05.688+0000] {dag.py:3954} INFO - Setting next_dagrun for example_subdag_operator.section-1 to None, run_after=None
[2026-05-06T23:42:05.690+0000] {logging_mixin.py:188} INFO - [2026-05-06T23:42:05.690+0000] {dag.py:3954} INFO - Setting next_dagrun for example_subdag_operator.section-2 to None, run_after=None
[2026-05-06T23:42:05.697+0000] {logging_mixin.py:188} INFO - [2026-05-06T23:42:05.696+0000] {dag.py:3096} INFO - Sync 2 DAGs
[2026-05-06T23:42:05.701+0000] {logging_mixin.py:188} INFO - [2026-05-06T23:42:05.701+0000] {dag.py:3954} INFO - Setting next_dagrun for example_subdag_operator.section-1 to None, run_after=None
[2026-05-06T23:42:05.702+0000] {logging_mixin.py:188} INFO - [2026-05-06T23:42:05.702+0000] {dag.py:3954} INFO - Setting next_dagrun for example_subdag_operator.section-2 to None, run_after=None
[2026-05-06T23:42:05.717+0000] {processor.py:183} INFO - Processing /usr/local/python/3.12.1/lib/python3.12/site-packages/airflow/example_dags/example_subdag_operator.py took 0.099 seconds
[2026-05-06T23:42:48.980+0000] {processor.py:161} INFO - Started process (PID=25938) to work on /usr/local/python/3.12.1/lib/python3.12/site-packages/airflow/example_dags/example_subdag_operator.py
[2026-05-06T23:42:48.981+0000] {processor.py:830} INFO - Processing file /usr/local/python/3.12.1/lib/python3.12/site-packages/airflow/example_dags/example_subdag_operator.py for tasks to queue
[2026-05-06T23:42:48.982+0000] {logging_mixin.py:188} INFO - [2026-05-06T23:42:48.982+0000] {dagbag.py:545} INFO - Filling up the DagBag from /usr/local/python/3.12.1/lib/python3.12/site-packages/airflow/example_dags/example_subdag_operator.py
[2026-05-06T23:42:48.999+0000] {processor.py:840} INFO - DAG(s) 'example_subdag_operator.section-1', 'example_subdag_operator.section-2', 'example_subdag_operator' retrieved from /usr/local/python/3.12.1/lib/python3.12/site-packages/airflow/example_dags/example_subdag_operator.py
[2026-05-06T23:42:49.012+0000] {logging_mixin.py:188} INFO - [2026-05-06T23:42:49.012+0000] {dag.py:3096} INFO - Sync 3 DAGs
[2026-05-06T23:42:49.027+0000] {logging_mixin.py:188} INFO - [2026-05-06T23:42:49.027+0000] {dag.py:3954} INFO - Setting next_dagrun for example_subdag_operator to 2022-01-01 00:00:00+00:00, run_after=2022-01-01 00:00:00+00:00
[2026-05-06T23:42:49.031+0000] {logging_mixin.py:188} INFO - [2026-05-06T23:42:49.030+0000] {dag.py:3954} INFO - Setting next_dagrun for example_subdag_operator.section-1 to None, run_after=None
[2026-05-06T23:42:49.032+0000] {logging_mixin.py:188} INFO - [2026-05-06T23:42:49.032+0000] {dag.py:3954} INFO - Setting next_dagrun for example_subdag_operator.section-2 to None, run_after=None
[2026-05-06T23:42:49.037+0000] {logging_mixin.py:188} INFO - [2026-05-06T23:42:49.037+0000] {dag.py:3096} INFO - Sync 2 DAGs
[2026-05-06T23:42:49.040+0000] {logging_mixin.py:188} INFO - [2026-05-06T23:42:49.040+0000] {dag.py:3954} INFO - Setting next_dagrun for example_subdag_operator.section-1 to None, run_after=None
[2026-05-06T23:42:49.041+0000] {logging_mixin.py:188} INFO - [2026-05-06T23:42:49.040+0000] {dag.py:3954} INFO - Setting next_dagrun for example_subdag_operator.section-2 to None, run_after=None
[2026-05-06T23:42:49.052+0000] {processor.py:183} INFO - Processing /usr/local/python/3.12.1/lib/python3.12/site-packages/airflow/example_dags/example_subdag_operator.py took 0.077 seconds
[2026-05-06T23:43:45.009+0000] {processor.py:161} INFO - Started process (PID=26380) to work on /usr/local/python/3.12.1/lib/python3.12/site-packages/airflow/example_dags/example_subdag_operator.py
[2026-05-06T23:43:45.009+0000] {processor.py:830} INFO - Processing file /usr/local/python/3.12.1/lib/python3.12/site-packages/airflow/example_dags/example_subdag_operator.py for tasks to queue
[2026-05-06T23:43:45.011+0000] {logging_mixin.py:188} INFO - [2026-05-06T23:43:45.010+0000] {dagbag.py:545} INFO - Filling up the DagBag from /usr/local/python/3.12.1/lib/python3.12/site-packages/airflow/example_dags/example_subdag_operator.py
[2026-05-06T23:43:45.027+0000] {processor.py:840} INFO - DAG(s) 'example_subdag_operator.section-1', 'example_subdag_operator.section-2', 'example_subdag_operator' retrieved from /usr/local/python/3.12.1/lib/python3.12/site-packages/airflow/example_dags/example_subdag_operator.py
[2026-05-06T23:43:45.039+0000] {logging_mixin.py:188} INFO - [2026-05-06T23:43:45.039+0000] {dag.py:3096} INFO - Sync 3 DAGs
[2026-05-06T23:43:45.055+0000] {logging_mixin.py:188} INFO - [2026-05-06T23:43:45.054+0000] {dag.py:3954} INFO - Setting next_dagrun for example_subdag_operator to 2022-01-01 00:00:00+00:00, run_after=2022-01-01 00:00:00+00:00
[2026-05-06T23:43:45.058+0000] {logging_mixin.py:188} INFO - [2026-05-06T23:43:45.057+0000] {dag.py:3954} INFO - Setting next_dagrun for example_subdag_operator.section-1 to None, run_after=None
[2026-05-06T23:43:45.059+0000] {logging_mixin.py:188} INFO - [2026-05-06T23:43:45.058+0000] {dag.py:3954} INFO - Setting next_dagrun for example_subdag_operator.section-2 to None, run_after=None
[2026-05-06T23:43:45.063+0000] {logging_mixin.py:188} INFO - [2026-05-06T23:43:45.063+0000] {dag.py:3096} INFO - Sync 2 DAGs
[2026-05-06T23:43:45.066+0000] {logging_mixin.py:188} INFO - [2026-05-06T23:43:45.066+0000] {dag.py:3954} INFO - Setting next_dagrun for example_subdag_operator.section-1 to None, run_after=None
[2026-05-06T23:43:45.067+0000] {logging_mixin.py:188} INFO - [2026-05-06T23:43:45.067+0000] {dag.py:3954} INFO - Setting next_dagrun for example_subdag_operator.section-2 to None, run_after=None
[2026-05-06T23:43:45.078+0000] {processor.py:183} INFO - Processing /usr/local/python/3.12.1/lib/python3.12/site-packages/airflow/example_dags/example_subdag_operator.py took 0.074 seconds
[2026-05-06T23:44:26.640+0000] {processor.py:161} INFO - Started process (PID=26702) to work on /usr/local/python/3.12.1/lib/python3.12/site-packages/airflow/example_dags/example_subdag_operator.py
[2026-05-06T23:44:26.641+0000] {processor.py:830} INFO - Processing file /usr/local/python/3.12.1/lib/python3.12/site-packages/airflow/example_dags/example_subdag_operator.py for tasks to queue
[2026-05-06T23:44:26.643+0000] {logging_mixin.py:188} INFO - [2026-05-06T23:44:26.643+0000] {dagbag.py:545} INFO - Filling up the DagBag from /usr/local/python/3.12.1/lib/python3.12/site-packages/airflow/example_dags/example_subdag_operator.py
[2026-05-06T23:44:26.660+0000] {processor.py:840} INFO - DAG(s) 'example_subdag_operator.section-1', 'example_subdag_operator.section-2', 'example_subdag_operator' retrieved from /usr/local/python/3.12.1/lib/python3.12/site-packages/airflow/example_dags/example_subdag_operator.py
[2026-05-06T23:44:26.672+0000] {logging_mixin.py:188} INFO - [2026-05-06T23:44:26.672+0000] {dag.py:3096} INFO - Sync 3 DAGs
[2026-05-06T23:44:26.687+0000] {logging_mixin.py:188} INFO - [2026-05-06T23:44:26.687+0000] {dag.py:3954} INFO - Setting next_dagrun for example_subdag_operator to 2022-01-01 00:00:00+00:00, run_after=2022-01-01 00:00:00+00:00
[2026-05-06T23:44:26.690+0000] {logging_mixin.py:188} INFO - [2026-05-06T23:44:26.690+0000] {dag.py:3954} INFO - Setting next_dagrun for example_subdag_operator.section-1 to None, run_after=None
[2026-05-06T23:44:26.691+0000] {logging_mixin.py:188} INFO - [2026-05-06T23:44:26.691+0000] {dag.py:3954} INFO - Setting next_dagrun for example_subdag_operator.section-2 to None, run_after=None
[2026-05-06T23:44:26.696+0000] {logging_mixin.py:188} INFO - [2026-05-06T23:44:26.695+0000] {dag.py:3096} INFO - Sync 2 DAGs
[2026-05-06T23:44:26.698+0000] {logging_mixin.py:188} INFO - [2026-05-06T23:44:26.698+0000] {dag.py:3954} INFO - Setting next_dagrun for example_subdag_operator.section-1 to None, run_after=None
[2026-05-06T23:44:26.699+0000] {logging_mixin.py:188} INFO - [2026-05-06T23:44:26.699+0000] {dag.py:3954} INFO - Setting next_dagrun for example_subdag_operator.section-2 to None, run_after=None
[2026-05-06T23:44:26.710+0000] {processor.py:183} INFO - Processing /usr/local/python/3.12.1/lib/python3.12/site-packages/airflow/example_dags/example_subdag_operator.py took 0.075 seconds
[2026-05-06T23:45:23.087+0000] {processor.py:161} INFO - Started process (PID=27133) to work on /usr/local/python/3.12.1/lib/python3.12/site-packages/airflow/example_dags/example_subdag_operator.py
[2026-05-06T23:45:23.088+0000] {processor.py:830} INFO - Processing file /usr/local/python/3.12.1/lib/python3.12/site-packages/airflow/example_dags/example_subdag_operator.py for tasks to queue
[2026-05-06T23:45:23.090+0000] {logging_mixin.py:188} INFO - [2026-05-06T23:45:23.089+0000] {dagbag.py:545} INFO - Filling up the DagBag from /usr/local/python/3.12.1/lib/python3.12/site-packages/airflow/example_dags/example_subdag_operator.py
[2026-05-06T23:45:23.106+0000] {processor.py:840} INFO - DAG(s) 'example_subdag_operator.section-1', 'example_subdag_operator.section-2', 'example_subdag_operator' retrieved from /usr/local/python/3.12.1/lib/python3.12/site-packages/airflow/example_dags/example_subdag_operator.py
[2026-05-06T23:45:23.117+0000] {logging_mixin.py:188} INFO - [2026-05-06T23:45:23.117+0000] {dag.py:3096} INFO - Sync 3 DAGs
[2026-05-06T23:45:23.133+0000] {logging_mixin.py:188} INFO - [2026-05-06T23:45:23.133+0000] {dag.py:3954} INFO - Setting next_dagrun for example_subdag_operator to 2022-01-01 00:00:00+00:00, run_after=2022-01-01 00:00:00+00:00
[2026-05-06T23:45:23.136+0000] {logging_mixin.py:188} INFO - [2026-05-06T23:45:23.136+0000] {dag.py:3954} INFO - Setting next_dagrun for example_subdag_operator.section-1 to None, run_after=None
[2026-05-06T23:45:23.137+0000] {logging_mixin.py:188} INFO - [2026-05-06T23:45:23.137+0000] {dag.py:3954} INFO - Setting next_dagrun for example_subdag_operator.section-2 to None, run_after=None
[2026-05-06T23:45:23.141+0000] {logging_mixin.py:188} INFO - [2026-05-06T23:45:23.141+0000] {dag.py:3096} INFO - Sync 2 DAGs
[2026-05-06T23:45:23.144+0000] {logging_mixin.py:188} INFO - [2026-05-06T23:45:23.144+0000] {dag.py:3954} INFO - Setting next_dagrun for example_subdag_operator.section-1 to None, run_after=None
[2026-05-06T23:45:23.144+0000] {logging_mixin.py:188} INFO - [2026-05-06T23:45:23.144+0000] {dag.py:3954} INFO - Setting next_dagrun for example_subdag_operator.section-2 to None, run_after=None
[2026-05-06T23:45:23.155+0000] {processor.py:183} INFO - Processing /usr/local/python/3.12.1/lib/python3.12/site-packages/airflow/example_dags/example_subdag_operator.py took 0.073 seconds
[2026-05-06T23:46:22.471+0000] {processor.py:161} INFO - Started process (PID=27597) to work on /usr/local/python/3.12.1/lib/python3.12/site-packages/airflow/example_dags/example_subdag_operator.py
[2026-05-06T23:46:22.472+0000] {processor.py:830} INFO - Processing file /usr/local/python/3.12.1/lib/python3.12/site-packages/airflow/example_dags/example_subdag_operator.py for tasks to queue
[2026-05-06T23:46:22.474+0000] {logging_mixin.py:188} INFO - [2026-05-06T23:46:22.474+0000] {dagbag.py:545} INFO - Filling up the DagBag from /usr/local/python/3.12.1/lib/python3.12/site-packages/airflow/example_dags/example_subdag_operator.py
[2026-05-06T23:46:22.493+0000] {processor.py:840} INFO - DAG(s) 'example_subdag_operator.section-1', 'example_subdag_operator.section-2', 'example_subdag_operator' retrieved from /usr/local/python/3.12.1/lib/python3.12/site-packages/airflow/example_dags/example_subdag_operator.py
[2026-05-06T23:46:22.505+0000] {logging_mixin.py:188} INFO - [2026-05-06T23:46:22.505+0000] {dag.py:3096} INFO - Sync 3 DAGs
[2026-05-06T23:46:22.522+0000] {logging_mixin.py:188} INFO - [2026-05-06T23:46:22.522+0000] {dag.py:3954} INFO - Setting next_dagrun for example_subdag_operator to 2022-01-01 00:00:00+00:00, run_after=2022-01-01 00:00:00+00:00
[2026-05-06T23:46:22.525+0000] {logging_mixin.py:188} INFO - [2026-05-06T23:46:22.525+0000] {dag.py:3954} INFO - Setting next_dagrun for example_subdag_operator.section-1 to None, run_after=None
[2026-05-06T23:46:22.526+0000] {logging_mixin.py:188} INFO - [2026-05-06T23:46:22.526+0000] {dag.py:3954} INFO - Setting next_dagrun for example_subdag_operator.section-2 to None, run_after=None
[2026-05-06T23:46:22.531+0000] {logging_mixin.py:188} INFO - [2026-05-06T23:46:22.530+0000] {dag.py:3096} INFO - Sync 2 DAGs
[2026-05-06T23:46:22.534+0000] {logging_mixin.py:188} INFO - [2026-05-06T23:46:22.534+0000] {dag.py:3954} INFO - Setting next_dagrun for example_subdag_operator.section-1 to None, run_after=None
[2026-05-06T23:46:22.534+0000] {logging_mixin.py:188} INFO - [2026-05-06T23:46:22.534+0000] {dag.py:3954} INFO - Setting next_dagrun for example_subdag_operator.section-2 to None, run_after=None
[2026-05-06T23:46:22.547+0000] {processor.py:183} INFO - Processing /usr/local/python/3.12.1/lib/python3.12/site-packages/airflow/example_dags/example_subdag_operator.py took 0.081 seconds
[2026-05-06T23:47:18.362+0000] {processor.py:161} INFO - Started process (PID=28047) to work on /usr/local/python/3.12.1/lib/python3.12/site-packages/airflow/example_dags/example_subdag_operator.py
[2026-05-06T23:47:18.363+0000] {processor.py:830} INFO - Processing file /usr/local/python/3.12.1/lib/python3.12/site-packages/airflow/example_dags/example_subdag_operator.py for tasks to queue
[2026-05-06T23:47:18.365+0000] {logging_mixin.py:188} INFO - [2026-05-06T23:47:18.364+0000] {dagbag.py:545} INFO - Filling up the DagBag from /usr/local/python/3.12.1/lib/python3.12/site-packages/airflow/example_dags/example_subdag_operator.py
[2026-05-06T23:47:18.403+0000] {processor.py:840} INFO - DAG(s) 'example_subdag_operator.section-1', 'example_subdag_operator.section-2', 'example_subdag_operator' retrieved from /usr/local/python/3.12.1/lib/python3.12/site-packages/airflow/example_dags/example_subdag_operator.py
[2026-05-06T23:47:18.422+0000] {logging_mixin.py:188} INFO - [2026-05-06T23:47:18.422+0000] {dag.py:3096} INFO - Sync 3 DAGs
[2026-05-06T23:47:18.446+0000] {logging_mixin.py:188} INFO - [2026-05-06T23:47:18.446+0000] {dag.py:3954} INFO - Setting next_dagrun for example_subdag_operator to 2022-01-01 00:00:00+00:00, run_after=2022-01-01 00:00:00+00:00
[2026-05-06T23:47:18.451+0000] {logging_mixin.py:188} INFO - [2026-05-06T23:47:18.450+0000] {dag.py:3954} INFO - Setting next_dagrun for example_subdag_operator.section-1 to None, run_after=None
[2026-05-06T23:47:18.452+0000] {logging_mixin.py:188} INFO - [2026-05-06T23:47:18.452+0000] {dag.py:3954} INFO - Setting next_dagrun for example_subdag_operator.section-2 to None, run_after=None
[2026-05-06T23:47:18.460+0000] {logging_mixin.py:188} INFO - [2026-05-06T23:47:18.459+0000] {dag.py:3096} INFO - Sync 2 DAGs
[2026-05-06T23:47:18.465+0000] {logging_mixin.py:188} INFO - [2026-05-06T23:47:18.465+0000] {dag.py:3954} INFO - Setting next_dagrun for example_subdag_operator.section-1 to None, run_after=None
[2026-05-06T23:47:18.466+0000] {logging_mixin.py:188} INFO - [2026-05-06T23:47:18.466+0000] {dag.py:3954} INFO - Setting next_dagrun for example_subdag_operator.section-2 to None, run_after=None
[2026-05-06T23:47:18.483+0000] {processor.py:183} INFO - Processing /usr/local/python/3.12.1/lib/python3.12/site-packages/airflow/example_dags/example_subdag_operator.py took 0.128 seconds
[2026-05-06T23:48:00.986+0000] {processor.py:161} INFO - Started process (PID=28373) to work on /usr/local/python/3.12.1/lib/python3.12/site-packages/airflow/example_dags/example_subdag_operator.py
[2026-05-06T23:48:00.987+0000] {processor.py:830} INFO - Processing file /usr/local/python/3.12.1/lib/python3.12/site-packages/airflow/example_dags/example_subdag_operator.py for tasks to queue
[2026-05-06T23:48:00.988+0000] {logging_mixin.py:188} INFO - [2026-05-06T23:48:00.988+0000] {dagbag.py:545} INFO - Filling up the DagBag from /usr/local/python/3.12.1/lib/python3.12/site-packages/airflow/example_dags/example_subdag_operator.py
[2026-05-06T23:48:01.014+0000] {processor.py:840} INFO - DAG(s) 'example_subdag_operator.section-1', 'example_subdag_operator.section-2', 'example_subdag_operator' retrieved from /usr/local/python/3.12.1/lib/python3.12/site-packages/airflow/example_dags/example_subdag_operator.py
[2026-05-06T23:48:01.042+0000] {logging_mixin.py:188} INFO - [2026-05-06T23:48:01.042+0000] {dag.py:3096} INFO - Sync 3 DAGs
[2026-05-06T23:48:01.073+0000] {logging_mixin.py:188} INFO - [2026-05-06T23:48:01.072+0000] {dag.py:3954} INFO - Setting next_dagrun for example_subdag_operator to 2022-01-01 00:00:00+00:00, run_after=2022-01-01 00:00:00+00:00
[2026-05-06T23:48:01.078+0000] {logging_mixin.py:188} INFO - [2026-05-06T23:48:01.078+0000] {dag.py:3954} INFO - Setting next_dagrun for example_subdag_operator.section-1 to None, run_after=None
[2026-05-06T23:48:01.080+0000] {logging_mixin.py:188} INFO - [2026-05-06T23:48:01.079+0000] {dag.py:3954} INFO - Setting next_dagrun for example_subdag_operator.section-2 to None, run_after=None
[2026-05-06T23:48:01.085+0000] {logging_mixin.py:188} INFO - [2026-05-06T23:48:01.085+0000] {dag.py:3096} INFO - Sync 2 DAGs
[2026-05-06T23:48:01.089+0000] {logging_mixin.py:188} INFO - [2026-05-06T23:48:01.089+0000] {dag.py:3954} INFO - Setting next_dagrun for example_subdag_operator.section-1 to None, run_after=None
[2026-05-06T23:48:01.089+0000] {logging_mixin.py:188} INFO - [2026-05-06T23:48:01.089+0000] {dag.py:3954} INFO - Setting next_dagrun for example_subdag_operator.section-2 to None, run_after=None
[2026-05-06T23:48:01.100+0000] {processor.py:183} INFO - Processing /usr/local/python/3.12.1/lib/python3.12/site-packages/airflow/example_dags/example_subdag_operator.py took 0.119 seconds
[2026-05-06T23:48:41.544+0000] {processor.py:161} INFO - Started process (PID=28690) to work on /usr/local/python/3.12.1/lib/python3.12/site-packages/airflow/example_dags/example_subdag_operator.py
[2026-05-06T23:48:41.545+0000] {processor.py:830} INFO - Processing file /usr/local/python/3.12.1/lib/python3.12/site-packages/airflow/example_dags/example_subdag_operator.py for tasks to queue
[2026-05-06T23:48:41.546+0000] {logging_mixin.py:188} INFO - [2026-05-06T23:48:41.546+0000] {dagbag.py:545} INFO - Filling up the DagBag from /usr/local/python/3.12.1/lib/python3.12/site-packages/airflow/example_dags/example_subdag_operator.py
[2026-05-06T23:48:41.563+0000] {processor.py:840} INFO - DAG(s) 'example_subdag_operator.section-1', 'example_subdag_operator.section-2', 'example_subdag_operator' retrieved from /usr/local/python/3.12.1/lib/python3.12/site-packages/airflow/example_dags/example_subdag_operator.py
[2026-05-06T23:48:41.576+0000] {logging_mixin.py:188} INFO - [2026-05-06T23:48:41.576+0000] {dag.py:3096} INFO - Sync 3 DAGs
[2026-05-06T23:48:41.592+0000] {logging_mixin.py:188} INFO - [2026-05-06T23:48:41.592+0000] {dag.py:3954} INFO - Setting next_dagrun for example_subdag_operator to 2022-01-01 00:00:00+00:00, run_after=2022-01-01 00:00:00+00:00
[2026-05-06T23:48:41.595+0000] {logging_mixin.py:188} INFO - [2026-05-06T23:48:41.594+0000] {dag.py:3954} INFO - Setting next_dagrun for example_subdag_operator.section-1 to None, run_after=None
[2026-05-06T23:48:41.596+0000] {logging_mixin.py:188} INFO - [2026-05-06T23:48:41.596+0000] {dag.py:3954} INFO - Setting next_dagrun for example_subdag_operator.section-2 to None, run_after=None
[2026-05-06T23:48:41.601+0000] {logging_mixin.py:188} INFO - [2026-05-06T23:48:41.600+0000] {dag.py:3096} INFO - Sync 2 DAGs
[2026-05-06T23:48:41.604+0000] {logging_mixin.py:188} INFO - [2026-05-06T23:48:41.604+0000] {dag.py:3954} INFO - Setting next_dagrun for example_subdag_operator.section-1 to None, run_after=None
[2026-05-06T23:48:41.604+0000] {logging_mixin.py:188} INFO - [2026-05-06T23:48:41.604+0000] {dag.py:3954} INFO - Setting next_dagrun for example_subdag_operator.section-2 to None, run_after=None
[2026-05-06T23:48:41.615+0000] {processor.py:183} INFO - Processing /usr/local/python/3.12.1/lib/python3.12/site-packages/airflow/example_dags/example_subdag_operator.py took 0.077 seconds
[2026-05-06T23:49:19.819+0000] {processor.py:161} INFO - Started process (PID=28997) to work on /usr/local/python/3.12.1/lib/python3.12/site-packages/airflow/example_dags/example_subdag_operator.py
[2026-05-06T23:49:19.820+0000] {processor.py:830} INFO - Processing file /usr/local/python/3.12.1/lib/python3.12/site-packages/airflow/example_dags/example_subdag_operator.py for tasks to queue
[2026-05-06T23:49:19.821+0000] {logging_mixin.py:188} INFO - [2026-05-06T23:49:19.821+0000] {dagbag.py:545} INFO - Filling up the DagBag from /usr/local/python/3.12.1/lib/python3.12/site-packages/airflow/example_dags/example_subdag_operator.py
[2026-05-06T23:49:19.838+0000] {processor.py:840} INFO - DAG(s) 'example_subdag_operator.section-1', 'example_subdag_operator.section-2', 'example_subdag_operator' retrieved from /usr/local/python/3.12.1/lib/python3.12/site-packages/airflow/example_dags/example_subdag_operator.py
[2026-05-06T23:49:19.850+0000] {logging_mixin.py:188} INFO - [2026-05-06T23:49:19.850+0000] {dag.py:3096} INFO - Sync 3 DAGs
[2026-05-06T23:49:19.865+0000] {logging_mixin.py:188} INFO - [2026-05-06T23:49:19.865+0000] {dag.py:3954} INFO - Setting next_dagrun for example_subdag_operator to 2022-01-01 00:00:00+00:00, run_after=2022-01-01 00:00:00+00:00
[2026-05-06T23:49:19.868+0000] {logging_mixin.py:188} INFO - [2026-05-06T23:49:19.867+0000] {dag.py:3954} INFO - Setting next_dagrun for example_subdag_operator.section-1 to None, run_after=None
[2026-05-06T23:49:19.869+0000] {logging_mixin.py:188} INFO - [2026-05-06T23:49:19.869+0000] {dag.py:3954} INFO - Setting next_dagrun for example_subdag_operator.section-2 to None, run_after=None
[2026-05-06T23:49:19.874+0000] {logging_mixin.py:188} INFO - [2026-05-06T23:49:19.874+0000] {dag.py:3096} INFO - Sync 2 DAGs
[2026-05-06T23:49:19.877+0000] {logging_mixin.py:188} INFO - [2026-05-06T23:49:19.877+0000] {dag.py:3954} INFO - Setting next_dagrun for example_subdag_operator.section-1 to None, run_after=None
[2026-05-06T23:49:19.877+0000] {logging_mixin.py:188} INFO - [2026-05-06T23:49:19.877+0000] {dag.py:3954} INFO - Setting next_dagrun for example_subdag_operator.section-2 to None, run_after=None
[2026-05-06T23:49:19.888+0000] {processor.py:183} INFO - Processing /usr/local/python/3.12.1/lib/python3.12/site-packages/airflow/example_dags/example_subdag_operator.py took 0.073 seconds
[2026-05-06T23:50:13.772+0000] {processor.py:161} INFO - Started process (PID=29411) to work on /usr/local/python/3.12.1/lib/python3.12/site-packages/airflow/example_dags/example_subdag_operator.py
[2026-05-06T23:50:13.773+0000] {processor.py:830} INFO - Processing file /usr/local/python/3.12.1/lib/python3.12/site-packages/airflow/example_dags/example_subdag_operator.py for tasks to queue
[2026-05-06T23:50:13.774+0000] {logging_mixin.py:188} INFO - [2026-05-06T23:50:13.774+0000] {dagbag.py:545} INFO - Filling up the DagBag from /usr/local/python/3.12.1/lib/python3.12/site-packages/airflow/example_dags/example_subdag_operator.py
[2026-05-06T23:50:13.791+0000] {processor.py:840} INFO - DAG(s) 'example_subdag_operator.section-1', 'example_subdag_operator.section-2', 'example_subdag_operator' retrieved from /usr/local/python/3.12.1/lib/python3.12/site-packages/airflow/example_dags/example_subdag_operator.py
[2026-05-06T23:50:13.803+0000] {logging_mixin.py:188} INFO - [2026-05-06T23:50:13.803+0000] {dag.py:3096} INFO - Sync 3 DAGs
[2026-05-06T23:50:13.818+0000] {logging_mixin.py:188} INFO - [2026-05-06T23:50:13.818+0000] {dag.py:3954} INFO - Setting next_dagrun for example_subdag_operator to 2022-01-01 00:00:00+00:00, run_after=2022-01-01 00:00:00+00:00
[2026-05-06T23:50:13.820+0000] {logging_mixin.py:188} INFO - [2026-05-06T23:50:13.820+0000] {dag.py:3954} INFO - Setting next_dagrun for example_subdag_operator.section-1 to None, run_after=None
[2026-05-06T23:50:13.821+0000] {logging_mixin.py:188} INFO - [2026-05-06T23:50:13.821+0000] {dag.py:3954} INFO - Setting next_dagrun for example_subdag_operator.section-2 to None, run_after=None
[2026-05-06T23:50:13.826+0000] {logging_mixin.py:188} INFO - [2026-05-06T23:50:13.826+0000] {dag.py:3096} INFO - Sync 2 DAGs
[2026-05-06T23:50:13.829+0000] {logging_mixin.py:188} INFO - [2026-05-06T23:50:13.829+0000] {dag.py:3954} INFO - Setting next_dagrun for example_subdag_operator.section-1 to None, run_after=None
[2026-05-06T23:50:13.829+0000] {logging_mixin.py:188} INFO - [2026-05-06T23:50:13.829+0000] {dag.py:3954} INFO - Setting next_dagrun for example_subdag_operator.section-2 to None, run_after=None
[2026-05-06T23:50:13.840+0000] {processor.py:183} INFO - Processing /usr/local/python/3.12.1/lib/python3.12/site-packages/airflow/example_dags/example_subdag_operator.py took 0.072 seconds
[2026-05-06T23:50:56.042+0000] {processor.py:161} INFO - Started process (PID=29737) to work on /usr/local/python/3.12.1/lib/python3.12/site-packages/airflow/example_dags/example_subdag_operator.py
[2026-05-06T23:50:56.043+0000] {processor.py:830} INFO - Processing file /usr/local/python/3.12.1/lib/python3.12/site-packages/airflow/example_dags/example_subdag_operator.py for tasks to queue
[2026-05-06T23:50:56.046+0000] {logging_mixin.py:188} INFO - [2026-05-06T23:50:56.046+0000] {dagbag.py:545} INFO - Filling up the DagBag from /usr/local/python/3.12.1/lib/python3.12/site-packages/airflow/example_dags/example_subdag_operator.py
[2026-05-06T23:50:56.063+0000] {processor.py:840} INFO - DAG(s) 'example_subdag_operator.section-1', 'example_subdag_operator.section-2', 'example_subdag_operator' retrieved from /usr/local/python/3.12.1/lib/python3.12/site-packages/airflow/example_dags/example_subdag_operator.py
[2026-05-06T23:50:56.076+0000] {logging_mixin.py:188} INFO - [2026-05-06T23:50:56.076+0000] {dag.py:3096} INFO - Sync 3 DAGs
[2026-05-06T23:50:56.092+0000] {logging_mixin.py:188} INFO - [2026-05-06T23:50:56.092+0000] {dag.py:3954} INFO - Setting next_dagrun for example_subdag_operator to 2022-01-01 00:00:00+00:00, run_after=2022-01-01 00:00:00+00:00
[2026-05-06T23:50:56.095+0000] {logging_mixin.py:188} INFO - [2026-05-06T23:50:56.095+0000] {dag.py:3954} INFO - Setting next_dagrun for example_subdag_operator.section-1 to None, run_after=None
[2026-05-06T23:50:56.096+0000] {logging_mixin.py:188} INFO - [2026-05-06T23:50:56.096+0000] {dag.py:3954} INFO - Setting next_dagrun for example_subdag_operator.section-2 to None, run_after=None
[2026-05-06T23:50:56.102+0000] {logging_mixin.py:188} INFO - [2026-05-06T23:50:56.101+0000] {dag.py:3096} INFO - Sync 2 DAGs
[2026-05-06T23:50:56.105+0000] {logging_mixin.py:188} INFO - [2026-05-06T23:50:56.104+0000] {dag.py:3954} INFO - Setting next_dagrun for example_subdag_operator.section-1 to None, run_after=None
[2026-05-06T23:50:56.105+0000] {logging_mixin.py:188} INFO - [2026-05-06T23:50:56.105+0000] {dag.py:3954} INFO - Setting next_dagrun for example_subdag_operator.section-2 to None, run_after=None
[2026-05-06T23:50:56.117+0000] {processor.py:183} INFO - Processing /usr/local/python/3.12.1/lib/python3.12/site-packages/airflow/example_dags/example_subdag_operator.py took 0.079 seconds
[2026-05-06T23:51:49.499+0000] {processor.py:161} INFO - Started process (PID=30150) to work on /usr/local/python/3.12.1/lib/python3.12/site-packages/airflow/example_dags/example_subdag_operator.py
[2026-05-06T23:51:49.500+0000] {processor.py:830} INFO - Processing file /usr/local/python/3.12.1/lib/python3.12/site-packages/airflow/example_dags/example_subdag_operator.py for tasks to queue
[2026-05-06T23:51:49.502+0000] {logging_mixin.py:188} INFO - [2026-05-06T23:51:49.501+0000] {dagbag.py:545} INFO - Filling up the DagBag from /usr/local/python/3.12.1/lib/python3.12/site-packages/airflow/example_dags/example_subdag_operator.py
[2026-05-06T23:51:49.518+0000] {processor.py:840} INFO - DAG(s) 'example_subdag_operator.section-1', 'example_subdag_operator.section-2', 'example_subdag_operator' retrieved from /usr/local/python/3.12.1/lib/python3.12/site-packages/airflow/example_dags/example_subdag_operator.py
[2026-05-06T23:51:49.530+0000] {logging_mixin.py:188} INFO - [2026-05-06T23:51:49.530+0000] {dag.py:3096} INFO - Sync 3 DAGs
[2026-05-06T23:51:49.553+0000] {logging_mixin.py:188} INFO - [2026-05-06T23:51:49.552+0000] {dag.py:3954} INFO - Setting next_dagrun for example_subdag_operator to 2022-01-01 00:00:00+00:00, run_after=2022-01-01 00:00:00+00:00
[2026-05-06T23:51:49.557+0000] {logging_mixin.py:188} INFO - [2026-05-06T23:51:49.557+0000] {dag.py:3954} INFO - Setting next_dagrun for example_subdag_operator.section-1 to None, run_after=None
[2026-05-06T23:51:49.559+0000] {logging_mixin.py:188} INFO - [2026-05-06T23:51:49.558+0000] {dag.py:3954} INFO - Setting next_dagrun for example_subdag_operator.section-2 to None, run_after=None
[2026-05-06T23:51:49.566+0000] {logging_mixin.py:188} INFO - [2026-05-06T23:51:49.566+0000] {dag.py:3096} INFO - Sync 2 DAGs
[2026-05-06T23:51:49.569+0000] {logging_mixin.py:188} INFO - [2026-05-06T23:51:49.569+0000] {dag.py:3954} INFO - Setting next_dagrun for example_subdag_operator.section-1 to None, run_after=None
[2026-05-06T23:51:49.570+0000] {logging_mixin.py:188} INFO - [2026-05-06T23:51:49.570+0000] {dag.py:3954} INFO - Setting next_dagrun for example_subdag_operator.section-2 to None, run_after=None
[2026-05-06T23:51:49.580+0000] {processor.py:183} INFO - Processing /usr/local/python/3.12.1/lib/python3.12/site-packages/airflow/example_dags/example_subdag_operator.py took 0.088 seconds
[2026-05-06T23:52:30.032+0000] {processor.py:161} INFO - Started process (PID=30465) to work on /usr/local/python/3.12.1/lib/python3.12/site-packages/airflow/example_dags/example_subdag_operator.py
[2026-05-06T23:52:30.033+0000] {processor.py:830} INFO - Processing file /usr/local/python/3.12.1/lib/python3.12/site-packages/airflow/example_dags/example_subdag_operator.py for tasks to queue
[2026-05-06T23:52:30.035+0000] {logging_mixin.py:188} INFO - [2026-05-06T23:52:30.034+0000] {dagbag.py:545} INFO - Filling up the DagBag from /usr/local/python/3.12.1/lib/python3.12/site-packages/airflow/example_dags/example_subdag_operator.py
[2026-05-06T23:52:30.058+0000] {processor.py:840} INFO - DAG(s) 'example_subdag_operator.section-1', 'example_subdag_operator.section-2', 'example_subdag_operator' retrieved from /usr/local/python/3.12.1/lib/python3.12/site-packages/airflow/example_dags/example_subdag_operator.py
[2026-05-06T23:52:30.070+0000] {logging_mixin.py:188} INFO - [2026-05-06T23:52:30.070+0000] {dag.py:3096} INFO - Sync 3 DAGs
[2026-05-06T23:52:30.085+0000] {logging_mixin.py:188} INFO - [2026-05-06T23:52:30.085+0000] {dag.py:3954} INFO - Setting next_dagrun for example_subdag_operator to 2022-01-01 00:00:00+00:00, run_after=2022-01-01 00:00:00+00:00
[2026-05-06T23:52:30.088+0000] {logging_mixin.py:188} INFO - [2026-05-06T23:52:30.088+0000] {dag.py:3954} INFO - Setting next_dagrun for example_subdag_operator.section-1 to None, run_after=None
[2026-05-06T23:52:30.089+0000] {logging_mixin.py:188} INFO - [2026-05-06T23:52:30.089+0000] {dag.py:3954} INFO - Setting next_dagrun for example_subdag_operator.section-2 to None, run_after=None
[2026-05-06T23:52:30.094+0000] {logging_mixin.py:188} INFO - [2026-05-06T23:52:30.093+0000] {dag.py:3096} INFO - Sync 2 DAGs
[2026-05-06T23:52:30.098+0000] {logging_mixin.py:188} INFO - [2026-05-06T23:52:30.098+0000] {dag.py:3954} INFO - Setting next_dagrun for example_subdag_operator.section-1 to None, run_after=None
[2026-05-06T23:52:30.098+0000] {logging_mixin.py:188} INFO - [2026-05-06T23:52:30.098+0000] {dag.py:3954} INFO - Setting next_dagrun for example_subdag_operator.section-2 to None, run_after=None
[2026-05-06T23:52:30.109+0000] {processor.py:183} INFO - Processing /usr/local/python/3.12.1/lib/python3.12/site-packages/airflow/example_dags/example_subdag_operator.py took 0.081 seconds
[2026-05-06T23:53:27.530+0000] {processor.py:161} INFO - Started process (PID=30922) to work on /usr/local/python/3.12.1/lib/python3.12/site-packages/airflow/example_dags/example_subdag_operator.py
[2026-05-06T23:53:27.531+0000] {processor.py:830} INFO - Processing file /usr/local/python/3.12.1/lib/python3.12/site-packages/airflow/example_dags/example_subdag_operator.py for tasks to queue
[2026-05-06T23:53:27.532+0000] {logging_mixin.py:188} INFO - [2026-05-06T23:53:27.532+0000] {dagbag.py:545} INFO - Filling up the DagBag from /usr/local/python/3.12.1/lib/python3.12/site-packages/airflow/example_dags/example_subdag_operator.py
[2026-05-06T23:53:27.556+0000] {processor.py:840} INFO - DAG(s) 'example_subdag_operator.section-1', 'example_subdag_operator.section-2', 'example_subdag_operator' retrieved from /usr/local/python/3.12.1/lib/python3.12/site-packages/airflow/example_dags/example_subdag_operator.py
[2026-05-06T23:53:27.568+0000] {logging_mixin.py:188} INFO - [2026-05-06T23:53:27.568+0000] {dag.py:3096} INFO - Sync 3 DAGs
[2026-05-06T23:53:27.583+0000] {logging_mixin.py:188} INFO - [2026-05-06T23:53:27.583+0000] {dag.py:3954} INFO - Setting next_dagrun for example_subdag_operator to 2022-01-01 00:00:00+00:00, run_after=2022-01-01 00:00:00+00:00
[2026-05-06T23:53:27.586+0000] {logging_mixin.py:188} INFO - [2026-05-06T23:53:27.586+0000] {dag.py:3954} INFO - Setting next_dagrun for example_subdag_operator.section-1 to None, run_after=None
[2026-05-06T23:53:27.587+0000] {logging_mixin.py:188} INFO - [2026-05-06T23:53:27.587+0000] {dag.py:3954} INFO - Setting next_dagrun for example_subdag_operator.section-2 to None, run_after=None
[2026-05-06T23:53:27.591+0000] {logging_mixin.py:188} INFO - [2026-05-06T23:53:27.591+0000] {dag.py:3096} INFO - Sync 2 DAGs
[2026-05-06T23:53:27.595+0000] {logging_mixin.py:188} INFO - [2026-05-06T23:53:27.594+0000] {dag.py:3954} INFO - Setting next_dagrun for example_subdag_operator.section-1 to None, run_after=None
[2026-05-06T23:53:27.595+0000] {logging_mixin.py:188} INFO - [2026-05-06T23:53:27.595+0000] {dag.py:3954} INFO - Setting next_dagrun for example_subdag_operator.section-2 to None, run_after=None
[2026-05-06T23:53:27.606+0000] {processor.py:183} INFO - Processing /usr/local/python/3.12.1/lib/python3.12/site-packages/airflow/example_dags/example_subdag_operator.py took 0.081 seconds
[2026-05-06T23:54:07.781+0000] {processor.py:161} INFO - Started process (PID=31236) to work on /usr/local/python/3.12.1/lib/python3.12/site-packages/airflow/example_dags/example_subdag_operator.py
[2026-05-06T23:54:07.782+0000] {processor.py:830} INFO - Processing file /usr/local/python/3.12.1/lib/python3.12/site-packages/airflow/example_dags/example_subdag_operator.py for tasks to queue
[2026-05-06T23:54:07.784+0000] {logging_mixin.py:188} INFO - [2026-05-06T23:54:07.783+0000] {dagbag.py:545} INFO - Filling up the DagBag from /usr/local/python/3.12.1/lib/python3.12/site-packages/airflow/example_dags/example_subdag_operator.py
[2026-05-06T23:54:07.801+0000] {processor.py:840} INFO - DAG(s) 'example_subdag_operator.section-1', 'example_subdag_operator.section-2', 'example_subdag_operator' retrieved from /usr/local/python/3.12.1/lib/python3.12/site-packages/airflow/example_dags/example_subdag_operator.py
[2026-05-06T23:54:07.812+0000] {logging_mixin.py:188} INFO - [2026-05-06T23:54:07.812+0000] {dag.py:3096} INFO - Sync 3 DAGs
[2026-05-06T23:54:07.828+0000] {logging_mixin.py:188} INFO - [2026-05-06T23:54:07.828+0000] {dag.py:3954} INFO - Setting next_dagrun for example_subdag_operator to 2022-01-01 00:00:00+00:00, run_after=2022-01-01 00:00:00+00:00
[2026-05-06T23:54:07.831+0000] {logging_mixin.py:188} INFO - [2026-05-06T23:54:07.831+0000] {dag.py:3954} INFO - Setting next_dagrun for example_subdag_operator.section-1 to None, run_after=None
[2026-05-06T23:54:07.832+0000] {logging_mixin.py:188} INFO - [2026-05-06T23:54:07.832+0000] {dag.py:3954} INFO - Setting next_dagrun for example_subdag_operator.section-2 to None, run_after=None
[2026-05-06T23:54:07.837+0000] {logging_mixin.py:188} INFO - [2026-05-06T23:54:07.836+0000] {dag.py:3096} INFO - Sync 2 DAGs
[2026-05-06T23:54:07.841+0000] {logging_mixin.py:188} INFO - [2026-05-06T23:54:07.841+0000] {dag.py:3954} INFO - Setting next_dagrun for example_subdag_operator.section-1 to None, run_after=None
[2026-05-06T23:54:07.842+0000] {logging_mixin.py:188} INFO - [2026-05-06T23:54:07.842+0000] {dag.py:3954} INFO - Setting next_dagrun for example_subdag_operator.section-2 to None, run_after=None
[2026-05-06T23:54:07.857+0000] {processor.py:183} INFO - Processing /usr/local/python/3.12.1/lib/python3.12/site-packages/airflow/example_dags/example_subdag_operator.py took 0.080 seconds
[2026-05-06T23:55:05.910+0000] {processor.py:161} INFO - Started process (PID=31693) to work on /usr/local/python/3.12.1/lib/python3.12/site-packages/airflow/example_dags/example_subdag_operator.py
[2026-05-06T23:55:05.916+0000] {processor.py:830} INFO - Processing file /usr/local/python/3.12.1/lib/python3.12/site-packages/airflow/example_dags/example_subdag_operator.py for tasks to queue
[2026-05-06T23:55:05.919+0000] {logging_mixin.py:188} INFO - [2026-05-06T23:55:05.918+0000] {dagbag.py:545} INFO - Filling up the DagBag from /usr/local/python/3.12.1/lib/python3.12/site-packages/airflow/example_dags/example_subdag_operator.py
[2026-05-06T23:55:05.945+0000] {processor.py:840} INFO - DAG(s) 'example_subdag_operator.section-1', 'example_subdag_operator.section-2', 'example_subdag_operator' retrieved from /usr/local/python/3.12.1/lib/python3.12/site-packages/airflow/example_dags/example_subdag_operator.py
[2026-05-06T23:55:05.960+0000] {logging_mixin.py:188} INFO - [2026-05-06T23:55:05.959+0000] {dag.py:3096} INFO - Sync 3 DAGs
[2026-05-06T23:55:05.977+0000] {logging_mixin.py:188} INFO - [2026-05-06T23:55:05.976+0000] {dag.py:3954} INFO - Setting next_dagrun for example_subdag_operator to 2022-01-01 00:00:00+00:00, run_after=2022-01-01 00:00:00+00:00
[2026-05-06T23:55:05.979+0000] {logging_mixin.py:188} INFO - [2026-05-06T23:55:05.979+0000] {dag.py:3954} INFO - Setting next_dagrun for example_subdag_operator.section-1 to None, run_after=None
[2026-05-06T23:55:05.980+0000] {logging_mixin.py:188} INFO - [2026-05-06T23:55:05.980+0000] {dag.py:3954} INFO - Setting next_dagrun for example_subdag_operator.section-2 to None, run_after=None
[2026-05-06T23:55:05.985+0000] {logging_mixin.py:188} INFO - [2026-05-06T23:55:05.985+0000] {dag.py:3096} INFO - Sync 2 DAGs
[2026-05-06T23:55:05.988+0000] {logging_mixin.py:188} INFO - [2026-05-06T23:55:05.988+0000] {dag.py:3954} INFO - Setting next_dagrun for example_subdag_operator.section-1 to None, run_after=None
[2026-05-06T23:55:05.989+0000] {logging_mixin.py:188} INFO - [2026-05-06T23:55:05.988+0000] {dag.py:3954} INFO - Setting next_dagrun for example_subdag_operator.section-2 to None, run_after=None
[2026-05-06T23:55:05.999+0000] {processor.py:183} INFO - Processing /usr/local/python/3.12.1/lib/python3.12/site-packages/airflow/example_dags/example_subdag_operator.py took 0.100 seconds
[2026-05-06T23:56:05.226+0000] {processor.py:161} INFO - Started process (PID=32213) to work on /usr/local/python/3.12.1/lib/python3.12/site-packages/airflow/example_dags/example_subdag_operator.py
[2026-05-06T23:56:05.227+0000] {processor.py:830} INFO - Processing file /usr/local/python/3.12.1/lib/python3.12/site-packages/airflow/example_dags/example_subdag_operator.py for tasks to queue
[2026-05-06T23:56:05.229+0000] {logging_mixin.py:188} INFO - [2026-05-06T23:56:05.228+0000] {dagbag.py:545} INFO - Filling up the DagBag from /usr/local/python/3.12.1/lib/python3.12/site-packages/airflow/example_dags/example_subdag_operator.py
[2026-05-06T23:56:05.246+0000] {processor.py:840} INFO - DAG(s) 'example_subdag_operator.section-1', 'example_subdag_operator.section-2', 'example_subdag_operator' retrieved from /usr/local/python/3.12.1/lib/python3.12/site-packages/airflow/example_dags/example_subdag_operator.py
[2026-05-06T23:56:05.259+0000] {logging_mixin.py:188} INFO - [2026-05-06T23:56:05.258+0000] {dag.py:3096} INFO - Sync 3 DAGs
[2026-05-06T23:56:05.274+0000] {logging_mixin.py:188} INFO - [2026-05-06T23:56:05.274+0000] {dag.py:3954} INFO - Setting next_dagrun for example_subdag_operator to 2022-01-01 00:00:00+00:00, run_after=2022-01-01 00:00:00+00:00
[2026-05-06T23:56:05.277+0000] {logging_mixin.py:188} INFO - [2026-05-06T23:56:05.277+0000] {dag.py:3954} INFO - Setting next_dagrun for example_subdag_operator.section-1 to None, run_after=None
[2026-05-06T23:56:05.278+0000] {logging_mixin.py:188} INFO - [2026-05-06T23:56:05.278+0000] {dag.py:3954} INFO - Setting next_dagrun for example_subdag_operator.section-2 to None, run_after=None
[2026-05-06T23:56:05.282+0000] {logging_mixin.py:188} INFO - [2026-05-06T23:56:05.282+0000] {dag.py:3096} INFO - Sync 2 DAGs
[2026-05-06T23:56:05.286+0000] {logging_mixin.py:188} INFO - [2026-05-06T23:56:05.285+0000] {dag.py:3954} INFO - Setting next_dagrun for example_subdag_operator.section-1 to None, run_after=None
[2026-05-06T23:56:05.286+0000] {logging_mixin.py:188} INFO - [2026-05-06T23:56:05.286+0000] {dag.py:3954} INFO - Setting next_dagrun for example_subdag_operator.section-2 to None, run_after=None
[2026-05-06T23:56:05.297+0000] {processor.py:183} INFO - Processing /usr/local/python/3.12.1/lib/python3.12/site-packages/airflow/example_dags/example_subdag_operator.py took 0.076 seconds
[2026-05-06T23:56:59.783+0000] {processor.py:161} INFO - Started process (PID=32585) to work on /usr/local/python/3.12.1/lib/python3.12/site-packages/airflow/example_dags/example_subdag_operator.py
[2026-05-06T23:56:59.784+0000] {processor.py:830} INFO - Processing file /usr/local/python/3.12.1/lib/python3.12/site-packages/airflow/example_dags/example_subdag_operator.py for tasks to queue
[2026-05-06T23:56:59.785+0000] {logging_mixin.py:188} INFO - [2026-05-06T23:56:59.785+0000] {dagbag.py:545} INFO - Filling up the DagBag from /usr/local/python/3.12.1/lib/python3.12/site-packages/airflow/example_dags/example_subdag_operator.py
[2026-05-06T23:56:59.802+0000] {processor.py:840} INFO - DAG(s) 'example_subdag_operator.section-1', 'example_subdag_operator.section-2', 'example_subdag_operator' retrieved from /usr/local/python/3.12.1/lib/python3.12/site-packages/airflow/example_dags/example_subdag_operator.py
[2026-05-06T23:56:59.814+0000] {logging_mixin.py:188} INFO - [2026-05-06T23:56:59.814+0000] {dag.py:3096} INFO - Sync 3 DAGs
[2026-05-06T23:56:59.829+0000] {logging_mixin.py:188} INFO - [2026-05-06T23:56:59.829+0000] {dag.py:3954} INFO - Setting next_dagrun for example_subdag_operator to 2022-01-01 00:00:00+00:00, run_after=2022-01-01 00:00:00+00:00
[2026-05-06T23:56:59.832+0000] {logging_mixin.py:188} INFO - [2026-05-06T23:56:59.832+0000] {dag.py:3954} INFO - Setting next_dagrun for example_subdag_operator.section-1 to None, run_after=None
[2026-05-06T23:56:59.833+0000] {logging_mixin.py:188} INFO - [2026-05-06T23:56:59.833+0000] {dag.py:3954} INFO - Setting next_dagrun for example_subdag_operator.section-2 to None, run_after=None
[2026-05-06T23:56:59.837+0000] {logging_mixin.py:188} INFO - [2026-05-06T23:56:59.837+0000] {dag.py:3096} INFO - Sync 2 DAGs
[2026-05-06T23:56:59.840+0000] {logging_mixin.py:188} INFO - [2026-05-06T23:56:59.840+0000] {dag.py:3954} INFO - Setting next_dagrun for example_subdag_operator.section-1 to None, run_after=None
[2026-05-06T23:56:59.841+0000] {logging_mixin.py:188} INFO - [2026-05-06T23:56:59.840+0000] {dag.py:3954} INFO - Setting next_dagrun for example_subdag_operator.section-2 to None, run_after=None
[2026-05-06T23:56:59.851+0000] {processor.py:183} INFO - Processing /usr/local/python/3.12.1/lib/python3.12/site-packages/airflow/example_dags/example_subdag_operator.py took 0.073 seconds
[2026-05-06T23:57:37.467+0000] {processor.py:161} INFO - Started process (PID=32778) to work on /usr/local/python/3.12.1/lib/python3.12/site-packages/airflow/example_dags/example_subdag_operator.py
[2026-05-06T23:57:37.468+0000] {processor.py:830} INFO - Processing file /usr/local/python/3.12.1/lib/python3.12/site-packages/airflow/example_dags/example_subdag_operator.py for tasks to queue
[2026-05-06T23:57:37.470+0000] {logging_mixin.py:188} INFO - [2026-05-06T23:57:37.470+0000] {dagbag.py:545} INFO - Filling up the DagBag from /usr/local/python/3.12.1/lib/python3.12/site-packages/airflow/example_dags/example_subdag_operator.py
[2026-05-06T23:57:37.490+0000] {processor.py:840} INFO - DAG(s) 'example_subdag_operator.section-1', 'example_subdag_operator.section-2', 'example_subdag_operator' retrieved from /usr/local/python/3.12.1/lib/python3.12/site-packages/airflow/example_dags/example_subdag_operator.py
[2026-05-06T23:57:37.506+0000] {logging_mixin.py:188} INFO - [2026-05-06T23:57:37.506+0000] {dag.py:3096} INFO - Sync 3 DAGs
[2026-05-06T23:57:37.521+0000] {logging_mixin.py:188} INFO - [2026-05-06T23:57:37.521+0000] {dag.py:3954} INFO - Setting next_dagrun for example_subdag_operator to 2022-01-01 00:00:00+00:00, run_after=2022-01-01 00:00:00+00:00
[2026-05-06T23:57:37.524+0000] {logging_mixin.py:188} INFO - [2026-05-06T23:57:37.524+0000] {dag.py:3954} INFO - Setting next_dagrun for example_subdag_operator.section-1 to None, run_after=None
[2026-05-06T23:57:37.525+0000] {logging_mixin.py:188} INFO - [2026-05-06T23:57:37.525+0000] {dag.py:3954} INFO - Setting next_dagrun for example_subdag_operator.section-2 to None, run_after=None
[2026-05-06T23:57:37.530+0000] {logging_mixin.py:188} INFO - [2026-05-06T23:57:37.529+0000] {dag.py:3096} INFO - Sync 2 DAGs
[2026-05-06T23:57:37.533+0000] {logging_mixin.py:188} INFO - [2026-05-06T23:57:37.533+0000] {dag.py:3954} INFO - Setting next_dagrun for example_subdag_operator.section-1 to None, run_after=None
[2026-05-06T23:57:37.533+0000] {logging_mixin.py:188} INFO - [2026-05-06T23:57:37.533+0000] {dag.py:3954} INFO - Setting next_dagrun for example_subdag_operator.section-2 to None, run_after=None
[2026-05-06T23:57:37.553+0000] {processor.py:183} INFO - Processing /usr/local/python/3.12.1/lib/python3.12/site-packages/airflow/example_dags/example_subdag_operator.py took 0.092 seconds
[2026-05-06T23:58:34.665+0000] {processor.py:161} INFO - Started process (PID=33048) to work on /usr/local/python/3.12.1/lib/python3.12/site-packages/airflow/example_dags/example_subdag_operator.py
[2026-05-06T23:58:34.666+0000] {processor.py:830} INFO - Processing file /usr/local/python/3.12.1/lib/python3.12/site-packages/airflow/example_dags/example_subdag_operator.py for tasks to queue
[2026-05-06T23:58:34.668+0000] {logging_mixin.py:188} INFO - [2026-05-06T23:58:34.667+0000] {dagbag.py:545} INFO - Filling up the DagBag from /usr/local/python/3.12.1/lib/python3.12/site-packages/airflow/example_dags/example_subdag_operator.py
[2026-05-06T23:58:34.684+0000] {processor.py:840} INFO - DAG(s) 'example_subdag_operator.section-1', 'example_subdag_operator.section-2', 'example_subdag_operator' retrieved from /usr/local/python/3.12.1/lib/python3.12/site-packages/airflow/example_dags/example_subdag_operator.py
[2026-05-06T23:58:34.696+0000] {logging_mixin.py:188} INFO - [2026-05-06T23:58:34.696+0000] {dag.py:3096} INFO - Sync 3 DAGs
[2026-05-06T23:58:34.711+0000] {logging_mixin.py:188} INFO - [2026-05-06T23:58:34.711+0000] {dag.py:3954} INFO - Setting next_dagrun for example_subdag_operator to 2022-01-01 00:00:00+00:00, run_after=2022-01-01 00:00:00+00:00
[2026-05-06T23:58:34.714+0000] {logging_mixin.py:188} INFO - [2026-05-06T23:58:34.713+0000] {dag.py:3954} INFO - Setting next_dagrun for example_subdag_operator.section-1 to None, run_after=None
[2026-05-06T23:58:34.714+0000] {logging_mixin.py:188} INFO - [2026-05-06T23:58:34.714+0000] {dag.py:3954} INFO - Setting next_dagrun for example_subdag_operator.section-2 to None, run_after=None
[2026-05-06T23:58:34.719+0000] {logging_mixin.py:188} INFO - [2026-05-06T23:58:34.719+0000] {dag.py:3096} INFO - Sync 2 DAGs
[2026-05-06T23:58:34.722+0000] {logging_mixin.py:188} INFO - [2026-05-06T23:58:34.722+0000] {dag.py:3954} INFO - Setting next_dagrun for example_subdag_operator.section-1 to None, run_after=None
[2026-05-06T23:58:34.722+0000] {logging_mixin.py:188} INFO - [2026-05-06T23:58:34.722+0000] {dag.py:3954} INFO - Setting next_dagrun for example_subdag_operator.section-2 to None, run_after=None
[2026-05-06T23:58:34.734+0000] {processor.py:183} INFO - Processing /usr/local/python/3.12.1/lib/python3.12/site-packages/airflow/example_dags/example_subdag_operator.py took 0.073 seconds
[2026-05-06T23:59:17.559+0000] {processor.py:161} INFO - Started process (PID=33254) to work on /usr/local/python/3.12.1/lib/python3.12/site-packages/airflow/example_dags/example_subdag_operator.py
[2026-05-06T23:59:17.560+0000] {processor.py:830} INFO - Processing file /usr/local/python/3.12.1/lib/python3.12/site-packages/airflow/example_dags/example_subdag_operator.py for tasks to queue
[2026-05-06T23:59:17.561+0000] {logging_mixin.py:188} INFO - [2026-05-06T23:59:17.561+0000] {dagbag.py:545} INFO - Filling up the DagBag from /usr/local/python/3.12.1/lib/python3.12/site-packages/airflow/example_dags/example_subdag_operator.py
[2026-05-06T23:59:17.586+0000] {processor.py:840} INFO - DAG(s) 'example_subdag_operator.section-1', 'example_subdag_operator.section-2', 'example_subdag_operator' retrieved from /usr/local/python/3.12.1/lib/python3.12/site-packages/airflow/example_dags/example_subdag_operator.py
[2026-05-06T23:59:17.610+0000] {logging_mixin.py:188} INFO - [2026-05-06T23:59:17.610+0000] {dag.py:3096} INFO - Sync 3 DAGs
[2026-05-06T23:59:17.626+0000] {logging_mixin.py:188} INFO - [2026-05-06T23:59:17.626+0000] {dag.py:3954} INFO - Setting next_dagrun for example_subdag_operator to 2022-01-01 00:00:00+00:00, run_after=2022-01-01 00:00:00+00:00
[2026-05-06T23:59:17.630+0000] {logging_mixin.py:188} INFO - [2026-05-06T23:59:17.630+0000] {dag.py:3954} INFO - Setting next_dagrun for example_subdag_operator.section-1 to None, run_after=None
[2026-05-06T23:59:17.631+0000] {logging_mixin.py:188} INFO - [2026-05-06T23:59:17.631+0000] {dag.py:3954} INFO - Setting next_dagrun for example_subdag_operator.section-2 to None, run_after=None
[2026-05-06T23:59:17.636+0000] {logging_mixin.py:188} INFO - [2026-05-06T23:59:17.635+0000] {dag.py:3096} INFO - Sync 2 DAGs
[2026-05-06T23:59:17.640+0000] {logging_mixin.py:188} INFO - [2026-05-06T23:59:17.640+0000] {dag.py:3954} INFO - Setting next_dagrun for example_subdag_operator.section-1 to None, run_after=None
[2026-05-06T23:59:17.641+0000] {logging_mixin.py:188} INFO - [2026-05-06T23:59:17.641+0000] {dag.py:3954} INFO - Setting next_dagrun for example_subdag_operator.section-2 to None, run_after=None
[2026-05-06T23:59:17.656+0000] {processor.py:183} INFO - Processing /usr/local/python/3.12.1/lib/python3.12/site-packages/airflow/example_dags/example_subdag_operator.py took 0.105 seconds
